# Positional and PSF-fraction scores on the refined grid, and fixed-image thinning on the nine-node grid.
# POS and PSF use 15 nodes: 0.02, 0.03, 0.05, 0.06, 0.07, 0.08, 0.09, 0.10, 0.11, 0.12, 0.13, 0.14, 0.15, 0.18, 0.20.
# thin2, thin4 and thin8 use the nine nodes of the baseline and hold the adopted isophote fixed.
# Each node contributes iou, recall, purity, in grid order.
# The PSF weight is the fraction of the kernel inside the isophote and does not enter the link.
# An endpoint is not a matched linking length.
# kind step z nstar los band then iou recall purity repeated
POS	00081	3.0020	4902218	x	V	0.000349	0.000349	1.000000	0.000349	0.000349	1.000000	0.001562	0.001562	1.000000	0.790430	0.792079	0.997373	0.829425	0.837863	0.988004	0.846238	0.864924	0.975105	0.862412	0.893705	0.960984	0.867682	0.915307	0.943426	0.862183	0.925441	0.926543	0.855453	0.932135	0.912270	0.873322	0.971712	0.896104	0.877073	0.985623	0.888440	0.870513	0.990895	0.877533	0.853863	0.994526	0.857895	0.845983	0.995983	0.848880
PSF	00081	3.0020	4902218	x	V	0.000271	0.000271	0.685678	0.000271	0.000271	0.685678	0.001207	0.001207	0.683932	0.731103	0.801522	0.892721	0.754180	0.842130	0.878366	0.762732	0.866611	0.864188	0.769247	0.891923	0.848321	0.772363	0.913770	0.833083	0.768602	0.925313	0.819438	0.763395	0.932997	0.807673	0.771186	0.969188	0.790568	0.771203	0.981512	0.782571	0.765160	0.986857	0.773038	0.752407	0.992073	0.756958	0.745711	0.993789	0.749202
POS	00081	3.0020	4902218	x	g	0.000245	0.000245	1.000000	0.000245	0.000245	1.000000	0.001092	0.001092	1.000000	0.787807	0.789171	0.997810	0.819766	0.825879	0.991053	0.835241	0.847409	0.983099	0.855859	0.875371	0.974617	0.869656	0.899298	0.963482	0.870041	0.910151	0.951791	0.868323	0.917314	0.942058	0.904228	0.967967	0.932121	0.914661	0.984945	0.927630	0.911500	0.991592	0.918600	0.899915	0.996251	0.902972	0.893749	0.997405	0.895832
PSF	00081	3.0020	4902218	x	g	0.000190	0.000190	0.690542	0.000190	0.000190	0.690542	0.000845	0.000845	0.689171	0.743945	0.805358	0.907028	0.765179	0.839030	0.896836	0.774523	0.858839	0.887505	0.785171	0.883324	0.876025	0.792775	0.905577	0.864212	0.792600	0.916817	0.854015	0.790475	0.924109	0.845352	0.807776	0.967764	0.830111	0.811995	0.982291	0.824058	0.807680	0.988269	0.815499	0.797884	0.993480	0.802084	0.792735	0.994908	0.795964
POS	00081	3.0020	4902218	y	V	0.000370	0.000370	1.000000	0.000370	0.000370	1.000000	0.001654	0.001654	1.000000	0.841371	0.841380	0.999987	0.890128	0.894055	0.995090	0.909671	0.924000	0.983237	0.920818	0.951727	0.965933	0.920048	0.971724	0.945358	0.906042	0.978374	0.924558	0.893311	0.982593	0.907676	0.851032	0.987961	0.859950	0.834635	0.989641	0.841991	0.822770	0.991390	0.828691	0.805058	0.993781	0.809135	0.796720	0.994642	0.800154
PSF	00081	3.0020	4902218	y	V	0.000280	0.000280	0.674531	0.000280	0.000280	0.674531	0.001248	0.001248	0.672668	0.769555	0.845384	0.895609	0.796011	0.889945	0.882925	0.803338	0.915121	0.868015	0.809674	0.941967	0.852183	0.807525	0.961934	0.834182	0.797460	0.970353	0.817375	0.787852	0.975842	0.803524	0.754853	0.984555	0.763899	0.741902	0.987520	0.748924	0.731758	0.989665	0.737393	0.716864	0.992861	0.720578	0.709734	0.994006	0.712785
POS	00081	3.0020	4902218	y	g	0.000265	0.000265	1.000000	0.000265	0.000265	1.000000	0.001182	0.001182	1.000000	0.856236	0.856241	0.999993	0.899237	0.900632	0.998280	0.919543	0.926082	0.992380	0.938916	0.955119	0.982253	0.943237	0.975885	0.965746	0.930866	0.981192	0.947778	0.920310	0.984468	0.933869	0.876286	0.992094	0.882448	0.859199	0.993362	0.864161	0.848077	0.995185	0.851572	0.832374	0.996853	0.834567	0.825626	0.997362	0.827433
PSF	00081	3.0020	4902218	y	g	0.000211	0.000211	0.717463	0.000211	0.000211	0.717463	0.000937	0.000937	0.716277	0.798391	0.864593	0.912487	0.823276	0.902327	0.903821	0.831074	0.922569	0.893390	0.840519	0.948066	0.881087	0.841320	0.967833	0.865522	0.832865	0.974975	0.851058	0.824986	0.979389	0.839562	0.788484	0.989344	0.795238	0.774867	0.991920	0.779789	0.764832	0.993817	0.768489	0.751595	0.996253	0.753726	0.745713	0.996946	0.747420
POS	00081	3.0020	4902218	z	V	0.000357	0.000357	1.000000	0.000357	0.000357	1.000000	0.001593	0.001593	1.000000	0.810302	0.810302	1.000000	0.865046	0.865149	0.999863	0.899066	0.901890	0.996530	0.925865	0.936933	0.987402	0.937341	0.962776	0.972589	0.936495	0.976447	0.958139	0.931989	0.985318	0.945114	0.887430	0.990390	0.895138	0.871112	0.992538	0.876855	0.858589	0.994192	0.862918	0.839026	0.995877	0.841951	0.829825	0.996399	0.832321
PSF	00081	3.0020	4902218	z	V	0.000346	0.000346	0.859817	0.000346	0.000346	0.859817	0.001533	0.001533	0.852996	0.752064	0.821691	0.898738	0.786741	0.870204	0.891337	0.805089	0.901456	0.882782	0.817239	0.931196	0.869758	0.819492	0.953454	0.853642	0.818935	0.967931	0.841775	0.816152	0.978000	0.831416	0.781085	0.986012	0.789838	0.768554	0.989580	0.774824	0.758695	0.992194	0.763251	0.742822	0.995044	0.745581	0.735073	0.995902	0.737303
POS	00081	3.0020	4902218	z	g	0.000243	0.000243	1.000000	0.000243	0.000243	1.000000	0.001084	0.001084	1.000000	0.785012	0.785012	1.000000	0.827093	0.827109	0.999978	0.853603	0.854503	0.998768	0.883259	0.887114	0.995104	0.900461	0.912766	0.985250	0.909804	0.928537	0.978306	0.912856	0.938447	0.970994	0.933007	0.980171	0.950956	0.931046	0.990269	0.939643	0.921969	0.993661	0.927424	0.907060	0.996490	0.909967	0.900847	0.997642	0.902770
PSF	00081	3.0020	4902218	z	g	0.000244	0.000244	0.889183	0.000244	0.000244	0.889183	0.001079	0.001080	0.883769	0.760677	0.814302	0.920325	0.790649	0.853179	0.915167	0.807046	0.877282	0.909751	0.821073	0.903910	0.899594	0.829599	0.926902	0.887674	0.833857	0.941129	0.879745	0.835714	0.951175	0.873171	0.826378	0.978119	0.841943	0.821266	0.986565	0.830554	0.815405	0.991568	0.821098	0.803940	0.995726	0.806724	0.798623	0.997072	0.800500
thin2	00081	3.0020	4902218	x	V	0.000820	0.000820	1.000000	0.001027	0.001027	1.000000	0.001557	0.001557	1.000000	0.810728	0.814099	0.994919	0.849926	0.864186	0.980956	0.863243	0.902647	0.951865	0.854757	0.933889	0.909809	0.871218	0.982990	0.884553	0.862641	0.991346	0.869186
thin2	00081	3.0020	4902218	x	g	0.000556	0.000556	1.000000	0.000696	0.000696	1.000000	0.001051	0.001051	1.000000	0.803854	0.806487	0.995955	0.837331	0.846890	0.986699	0.860318	0.884762	0.968886	0.868934	0.919901	0.940060	0.907150	0.980609	0.923720	0.903735	0.991332	0.910933
thin2	00081	3.0020	4902218	y	V	0.000869	0.000869	1.000000	0.001089	0.001089	1.000000	0.001650	0.001650	1.000000	0.866818	0.867183	0.999515	0.912489	0.922796	0.987907	0.923415	0.962815	0.957566	0.891628	0.984364	0.904438	0.834852	0.991121	0.841143	0.815795	0.992600	0.820786
thin2	00081	3.0020	4902218	y	g	0.000602	0.000602	1.000000	0.000754	0.000754	1.000000	0.001138	0.001138	1.000000	0.876650	0.876783	0.999826	0.923526	0.926397	0.996656	0.944906	0.966292	0.977113	0.921270	0.987663	0.931995	0.861388	0.994786	0.865295	0.842543	0.996183	0.845272
thin2	00081	3.0020	4902218	z	V	0.000838	0.000838	1.000000	0.001049	0.001049	1.000000	0.001590	0.001590	1.000000	0.835923	0.835935	0.999984	0.896824	0.898331	0.998133	0.934341	0.950984	0.981614	0.927318	0.985702	0.939962	0.869375	0.993052	0.874696	0.850084	0.994877	0.853821
thin2	00081	3.0020	4902218	z	g	0.000552	0.000552	1.000000	0.000690	0.000690	1.000000	0.001043	0.001043	1.000000	0.803386	0.803391	0.999993	0.851156	0.851341	0.999744	0.893798	0.899554	0.992891	0.913342	0.940799	0.969035	0.923075	0.985555	0.935735	0.916893	0.994770	0.921335
thin4	00081	3.0020	4902218	x	V	0.003390	0.003390	1.000000	0.017482	0.017482	1.000000	0.353107	0.353107	1.000000	0.720696	0.720696	1.000000	0.809923	0.812821	0.995617	0.841681	0.853279	0.984108	0.857429	0.897964	0.949987	0.857729	0.932721	0.914296	0.855353	0.944287	0.900814
thin4	00081	3.0020	4902218	x	g	0.001806	0.001806	1.000000	0.013597	0.013597	1.000000	0.368434	0.368434	1.000000	0.731341	0.731341	1.000000	0.804891	0.806973	0.996804	0.831012	0.839040	0.988618	0.853233	0.879540	0.966133	0.871089	0.919938	0.942544	0.873633	0.932382	0.932729
thin4	00081	3.0020	4902218	y	V	0.003584	0.003584	1.000000	0.018485	0.018485	1.000000	0.373366	0.373366	1.000000	0.762044	0.762044	1.000000	0.862850	0.863030	0.999759	0.906236	0.911259	0.993953	0.922033	0.959180	0.959690	0.894256	0.981320	0.909742	0.879185	0.986424	0.889953
thin4	00081	3.0020	4902218	y	g	0.001954	0.001954	1.000000	0.014709	0.014709	1.000000	0.398564	0.398564	1.000000	0.791151	0.791151	1.000000	0.875559	0.875656	0.999874	0.915343	0.916664	0.998428	0.941132	0.962314	0.977145	0.919702	0.984921	0.932837	0.907057	0.989969	0.915470
thin4	00081	3.0020	4902218	z	V	0.003463	0.003463	1.000000	0.017858	0.017858	1.000000	0.360693	0.360693	1.000000	0.736178	0.736178	1.000000	0.833898	0.833916	0.999975	0.884118	0.884853	0.999062	0.929474	0.946850	0.980639	0.924880	0.981186	0.941578	0.913926	0.988825	0.923464
thin4	00081	3.0020	4902218	z	g	0.001791	0.001791	1.000000	0.013479	0.013479	1.000000	0.365244	0.365244	1.000000	0.725009	0.725009	1.000000	0.802537	0.802543	0.999991	0.840571	0.840927	0.999496	0.888865	0.895276	0.992008	0.907008	0.935810	0.967181	0.902687	0.944572	0.953177
thin8	00081	3.0020	4902218	x	V	0.002227	0.002227	1.000000	0.006138	0.006138	1.000000	0.092765	0.092765	1.000000	0.573792	0.573792	1.000000	0.711988	0.711988	1.000000	0.788424	0.788475	0.999919	0.842164	0.853260	0.984793	0.859109	0.893999	0.956547	0.864735	0.912347	0.943085
thin8	00081	3.0020	4902218	x	g	0.001636	0.001636	1.000000	0.003514	0.003514	1.000000	0.089232	0.089232	1.000000	0.592708	0.592708	1.000000	0.720366	0.720366	1.000000	0.785934	0.785953	0.999969	0.830132	0.838026	0.988780	0.853421	0.875685	0.971071	0.865567	0.894462	0.964021
thin8	00081	3.0020	4902218	y	V	0.002358	0.002358	1.000000	0.006499	0.006499	1.000000	0.098223	0.098223	1.000000	0.607555	0.607555	1.000000	0.753882	0.753882	1.000000	0.834937	0.834937	1.000000	0.904694	0.910737	0.992719	0.919548	0.953108	0.963120	0.917847	0.968808	0.945797
thin8	00081	3.0020	4902218	y	g	0.001773	0.001773	1.000000	0.003809	0.003809	1.000000	0.096706	0.096706	1.000000	0.642350	0.642350	1.000000	0.780699	0.780699	1.000000	0.851806	0.851806	1.000000	0.914679	0.916514	0.997816	0.937388	0.956699	0.978921	0.940131	0.971834	0.966465
thin8	00081	3.0020	4902218	z	V	0.002273	0.002273	1.000000	0.006265	0.006265	1.000000	0.094684	0.094684	1.000000	0.585665	0.585665	1.000000	0.726721	0.726721	1.000000	0.804780	0.804814	0.999948	0.882132	0.883178	0.998659	0.926280	0.939586	0.984942	0.935211	0.960444	0.972675
thin8	00081	3.0020	4902218	z	g	0.001620	0.001620	1.000000	0.003481	0.003481	1.000000	0.088384	0.088384	1.000000	0.587070	0.587070	1.000000	0.713514	0.713514	1.000000	0.778458	0.778477	0.999969	0.838118	0.838736	0.999121	0.883188	0.887881	0.994051	0.893839	0.905723	0.985533
POS	00178	1.9900	4211038	x	V	0.000306	0.000306	1.000000	0.000346	0.000346	1.000000	0.747877	0.748230	0.999370	0.824505	0.825816	0.998079	0.867783	0.870439	0.996496	0.914377	0.918989	0.994543	0.936687	0.943565	0.992278	0.958353	0.968900	0.988769	0.966232	0.980302	0.985363	0.968432	0.985428	0.982502	0.972023	0.991890	0.979810	0.973859	0.995329	0.978329	0.972758	0.996062	0.976513	0.970470	0.998087	0.972279	0.968832	0.998640	0.970112
PSF	00178	1.9900	4211038	x	V	0.000285	0.000285	0.877678	0.000324	0.000324	0.879575	0.735518	0.761342	0.955916	0.802200	0.836909	0.950842	0.840257	0.880874	0.947980	0.876876	0.926441	0.942496	0.893662	0.949299	0.938454	0.907726	0.971808	0.932276	0.911697	0.981620	0.927530	0.912987	0.986465	0.924568	0.914360	0.991991	0.921160	0.915056	0.994952	0.919324	0.913987	0.995687	0.917620	0.912014	0.997873	0.913791	0.910556	0.998490	0.911811
POS	00178	1.9900	4211038	x	g	0.000283	0.000283	1.000000	0.000320	0.000320	1.000000	0.739908	0.739958	0.999909	0.816820	0.817226	0.999392	0.861417	0.862280	0.998839	0.911439	0.913047	0.998071	0.936467	0.939048	0.997074	0.961173	0.966196	0.994620	0.971407	0.978654	0.992435	0.975540	0.984531	0.990725	0.980407	0.991550	0.988667	0.983184	0.995328	0.987742	0.982438	0.996088	0.986243	0.980875	0.998191	0.982621	0.979463	0.998722	0.980692
PSF	00178	1.9900	4211038	x	g	0.000275	0.000275	0.929462	0.000312	0.000312	0.930182	0.731010	0.749302	0.967683	0.800981	0.825284	0.964539	0.841586	0.869786	0.962903	0.884573	0.918668	0.959732	0.905195	0.943329	0.957250	0.924344	0.968585	0.952912	0.931226	0.979732	0.949518	0.934070	0.985137	0.947422	0.937252	0.991510	0.944834	0.938925	0.994837	0.943523	0.938244	0.995631	0.942123	0.937067	0.997954	0.938871	0.935910	0.998602	0.937138
POS	00178	1.9900	4211038	y	V	0.000302	0.000302	1.000000	0.000342	0.000342	1.000000	0.739883	0.739883	1.000000	0.817656	0.817658	0.999998	0.862907	0.863048	0.999810	0.912268	0.912688	0.999496	0.938105	0.938880	0.999120	0.965268	0.966789	0.998373	0.978019	0.980554	0.997364	0.983577	0.987339	0.996141	0.986466	0.993388	0.992986	0.986892	0.996082	0.990739	0.985827	0.996836	0.988921	0.981849	0.998001	0.983784	0.980070	0.998489	0.981526
PSF	00178	1.9900	4211038	y	V	0.000308	0.000308	0.970722	0.000349	0.000349	0.970983	0.731394	0.751441	0.964809	0.804939	0.829817	0.964093	0.845885	0.874658	0.962566	0.886384	0.921558	0.958718	0.906487	0.945814	0.956142	0.925055	0.970374	0.951940	0.932473	0.981909	0.948773	0.935558	0.987666	0.946617	0.936612	0.992946	0.942886	0.936176	0.995246	0.940381	0.935305	0.996096	0.938746	0.932155	0.997634	0.934220	0.930517	0.998162	0.932114
POS	00178	1.9900	4211038	y	g	0.000281	0.000281	1.000000	0.000318	0.000318	1.000000	0.734631	0.734631	1.000000	0.811763	0.811763	1.000000	0.856928	0.856957	0.999962	0.907825	0.907976	0.999816	0.934295	0.934606	0.999644	0.962982	0.963648	0.999282	0.976643	0.977771	0.998820	0.983183	0.984830	0.998303	0.989335	0.992454	0.996834	0.990318	0.995302	0.994969	0.989676	0.996115	0.993511	0.986609	0.997451	0.989102	0.985062	0.997914	0.987095
PSF	00178	1.9900	4211038	y	g	0.000286	0.000286	0.978161	0.000323	0.000323	0.978280	0.727664	0.742971	0.972466	0.801804	0.820681	0.972113	0.844007	0.865634	0.971249	0.888957	0.915076	0.968890	0.911543	0.940528	0.967298	0.934257	0.967413	0.964613	0.943926	0.979929	0.962535	0.948185	0.986034	0.961092	0.951141	0.992224	0.958284	0.951654	0.994897	0.956322	0.951155	0.995788	0.954997	0.948724	0.997429	0.951050	0.947330	0.997951	0.949176
POS	00178	1.9900	4211038	z	V	0.000306	0.000306	1.000000	0.000346	0.000346	1.000000	0.748940	0.748977	0.999935	0.826573	0.827112	0.999213	0.871033	0.872358	0.998260	0.918857	0.921527	0.996857	0.941487	0.946255	0.994677	0.963143	0.971575	0.991069	0.971069	0.983004	0.987651	0.973752	0.988385	0.985024	0.975571	0.993939	0.981410	0.975375	0.996331	0.978890	0.974579	0.997225	0.977230	0.970435	0.998287	0.972053	0.968781	0.998833	0.969879
PSF	00178	1.9900	4211038	z	V	0.000291	0.000291	0.900086	0.000330	0.000330	0.901591	0.736719	0.759887	0.960260	0.804509	0.835722	0.955635	0.842427	0.879377	0.952491	0.882288	0.926517	0.948671	0.900753	0.950181	0.945402	0.916672	0.973600	0.940037	0.921158	0.983661	0.935471	0.922629	0.988593	0.932556	0.922594	0.993316	0.928357	0.922612	0.995887	0.926141	0.921794	0.996767	0.924558	0.918169	0.998025	0.919841	0.916536	0.998546	0.917761
POS	00178	1.9900	4211038	z	g	0.000283	0.000283	1.000000	0.000320	0.000320	1.000000	0.740766	0.740766	1.000000	0.818304	0.818411	0.999840	0.863414	0.863754	0.999545	0.914031	0.914842	0.999032	0.938751	0.940686	0.997813	0.963454	0.967841	0.995317	0.973842	0.980384	0.993195	0.978227	0.986394	0.991607	0.981704	0.992709	0.988833	0.982807	0.995636	0.987059	0.982728	0.996738	0.985899	0.979196	0.997831	0.981284	0.977850	0.998394	0.979390
PSF	00178	1.9900	4211038	z	g	0.000276	0.000276	0.936707	0.000313	0.000313	0.937673	0.732676	0.749160	0.970845	0.803538	0.825431	0.968047	0.844137	0.869792	0.966239	0.888959	0.919528	0.963951	0.910482	0.944595	0.961849	0.930798	0.970399	0.957998	0.938024	0.981701	0.954716	0.940959	0.987143	0.952634	0.942795	0.992774	0.949310	0.943681	0.995666	0.947573	0.943296	0.996622	0.946322	0.940393	0.998005	0.942165	0.939054	0.998553	0.940333
thin2	00178	1.9900	4211038	x	V	0.000042	0.000042	1.000000	0.143189	0.143189	1.000000	0.588492	0.588497	0.999987	0.842197	0.844015	0.997449	0.916783	0.921585	0.994348	0.953325	0.961492	0.991168	0.970208	0.987859	0.981916	0.972794	0.995542	0.977051	0.971800	0.996650	0.974985
thin2	00178	1.9900	4211038	x	g	0.000040	0.000040	1.000000	0.141713	0.141713	1.000000	0.581311	0.581311	1.000000	0.834545	0.835112	0.999188	0.914158	0.915793	0.998051	0.954622	0.957896	0.996432	0.977919	0.987245	0.990433	0.982409	0.995528	0.986763	0.982098	0.996744	0.985259
thin2	00178	1.9900	4211038	y	V	0.000042	0.000042	1.000000	0.141361	0.141361	1.000000	0.580990	0.580990	1.000000	0.835321	0.835343	0.999969	0.914089	0.914519	0.999486	0.955332	0.956476	0.998750	0.985751	0.989452	0.996220	0.986920	0.996355	0.990496	0.986005	0.997505	0.988443
thin2	00178	1.9900	4211038	y	g	0.000040	0.000040	1.000000	0.140584	0.140584	1.000000	0.576677	0.576677	1.000000	0.829126	0.829127	0.999999	0.910022	0.910138	0.999859	0.952918	0.953281	0.999601	0.985655	0.987234	0.998380	0.990790	0.995792	0.994956	0.990362	0.996946	0.993377
thin2	00178	1.9900	4211038	z	V	0.000042	0.000042	1.000000	0.143136	0.143136	1.000000	0.588285	0.588285	1.000000	0.843991	0.844846	0.998803	0.920938	0.923594	0.996887	0.958340	0.963898	0.994019	0.975021	0.990155	0.984566	0.974539	0.996259	0.978118	0.974010	0.997610	0.976288
thin2	00178	1.9900	4211038	z	g	0.000040	0.000040	1.000000	0.141771	0.141771	1.000000	0.581550	0.581550	1.000000	0.835701	0.835898	0.999718	0.916182	0.917031	0.998990	0.957083	0.959351	0.997536	0.979682	0.988347	0.991131	0.982092	0.995572	0.986401	0.982151	0.996978	0.985084
thin4	00178	1.9900	4211038	x	V	0.000003	0.000003	1.000000	0.005482	0.005482	1.000000	0.394765	0.394765	1.000000	0.753421	0.753853	0.999241	0.847324	0.849046	0.997612	0.886497	0.890178	0.995357	0.954990	0.963179	0.991176	0.969934	0.985686	0.983791	0.968719	0.988977	0.979292
thin4	00178	1.9900	4211038	x	g	0.000002	0.000002	1.000000	0.004970	0.004970	1.000000	0.391013	0.391013	1.000000	0.745603	0.745674	0.999874	0.840140	0.840703	0.999204	0.881335	0.882597	0.998380	0.956886	0.960033	0.996586	0.976398	0.984663	0.991477	0.977183	0.988719	0.988201
thin4	00178	1.9900	4211038	y	V	0.000003	0.000003	1.000000	0.005407	0.005407	1.000000	0.389393	0.389393	1.000000	0.744158	0.744158	1.000000	0.839479	0.839487	0.999989	0.881622	0.881874	0.999676	0.956515	0.957499	0.998926	0.982910	0.985577	0.997254	0.987660	0.991877	0.995714
thin4	00178	1.9900	4211038	y	g	0.000002	0.000002	1.000000	0.004926	0.004926	1.000000	0.387558	0.387558	1.000000	0.739178	0.739178	1.000000	0.833938	0.833938	1.000000	0.876104	0.876157	0.999931	0.954166	0.954480	0.999655	0.982041	0.983186	0.998815	0.988145	0.989904	0.998205
thin4	00178	1.9900	4211038	z	V	0.000003	0.000003	1.000000	0.005480	0.005480	1.000000	0.394614	0.394614	1.000000	0.754018	0.754069	0.999911	0.849027	0.849819	0.998903	0.889671	0.891703	0.997445	0.959001	0.965061	0.993495	0.975392	0.988304	0.986783	0.975319	0.992197	0.982858
thin4	00178	1.9900	4211038	z	g	0.000002	0.000002	1.000000	0.004969	0.004969	1.000000	0.390953	0.390953	1.000000	0.745651	0.745653	0.999998	0.840822	0.841015	0.999728	0.882621	0.883218	0.999235	0.958028	0.960546	0.997271	0.978525	0.985672	0.992644	0.979987	0.990077	0.989709
thin8	00178	1.9900	4211038	x	V	0.000000	0.000000	1.000000	0.000003	0.000003	1.000000	0.189520	0.189520	1.000000	0.609675	0.609675	0.999998	0.763075	0.763443	0.999368	0.826885	0.828224	0.998048	0.881281	0.884889	0.995394	0.941961	0.948685	0.992532	0.960114	0.970387	0.989094
thin8	00178	1.9900	4211038	x	g	0.000000	0.000000	1.000000	0.000001	0.000001	1.000000	0.187900	0.187900	1.000000	0.602574	0.602574	1.000000	0.755691	0.755737	0.999920	0.818933	0.819341	0.999392	0.875494	0.876768	0.998344	0.941343	0.943821	0.997219	0.963009	0.967459	0.995246
thin8	00178	1.9900	4211038	y	V	0.000000	0.000000	1.000000	0.000003	0.000003	1.000000	0.186795	0.186795	1.000000	0.600911	0.600911	1.000000	0.752942	0.752942	1.000000	0.817879	0.817894	0.999978	0.875727	0.875949	0.999711	0.940413	0.941221	0.999088	0.963818	0.965370	0.998334
thin8	00178	1.9900	4211038	y	g	0.000000	0.000000	1.000000	0.000001	0.000001	1.000000	0.186202	0.186202	1.000000	0.597129	0.597129	1.000000	0.748968	0.748968	1.000000	0.812430	0.812431	0.999999	0.870156	0.870217	0.999920	0.937329	0.937606	0.999685	0.962117	0.962695	0.999376
thin8	00178	1.9900	4211038	z	V	0.000000	0.000000	1.000000	0.000003	0.000003	1.000000	0.189491	0.189491	1.000000	0.609581	0.609581	1.000000	0.763729	0.763762	0.999942	0.828475	0.829036	0.999184	0.884629	0.886608	0.997484	0.946238	0.950825	0.994927	0.965040	0.972845	0.991754
thin8	00178	1.9900	4211038	z	g	0.000000	0.000000	1.000000	0.000001	0.000001	1.000000	0.187861	0.187861	1.000000	0.602449	0.602449	1.000000	0.755638	0.755639	0.999999	0.819413	0.819528	0.999828	0.876856	0.877409	0.999282	0.942912	0.944535	0.998181	0.965044	0.968400	0.996422
POS	00178	1.9900	6770450	x	V	0.617660	0.617660	1.000000	0.747902	0.747902	1.000000	0.859682	0.859682	1.000000	0.888137	0.888137	1.000000	0.921717	0.921726	0.999989	0.939166	0.944335	0.994206	0.945346	0.957769	0.986465	0.950851	0.967225	0.982507	0.953018	0.976043	0.975844	0.945017	0.980851	0.962780	0.946549	0.987829	0.957718	0.942460	0.990840	0.950744	0.939479	0.993704	0.945104	0.932435	0.996853	0.935188	0.928577	0.997968	0.930336
PSF	00178	1.9900	6770450	x	V	0.619652	0.623733	0.989550	0.748953	0.755067	0.989303	0.858736	0.867314	0.988614	0.885667	0.895377	0.987903	0.914193	0.926818	0.985318	0.926546	0.947111	0.977101	0.930398	0.959516	0.968414	0.933653	0.967921	0.963466	0.934749	0.976278	0.956474	0.926749	0.981054	0.943637	0.928095	0.988017	0.938661	0.923862	0.990934	0.931738	0.920218	0.993423	0.925859	0.913231	0.996550	0.916127	0.909438	0.997667	0.911376
POS	00178	1.9900	6770450	x	g	0.594078	0.594078	1.000000	0.721107	0.721107	1.000000	0.833366	0.833366	1.000000	0.861488	0.861488	1.000000	0.895084	0.895086	0.999998	0.916074	0.918770	0.996807	0.933274	0.937467	0.995230	0.943014	0.948747	0.993633	0.952255	0.961058	0.990472	0.951406	0.969623	0.980635	0.957322	0.978883	0.977509	0.954590	0.982667	0.970938	0.952795	0.986187	0.965682	0.947282	0.990086	0.956353	0.943939	0.991436	0.951699
PSF	00178	1.9900	6770450	x	g	0.597868	0.601377	0.990333	0.724679	0.729895	0.990235	0.836111	0.843274	0.989943	0.863584	0.871463	0.989639	0.894611	0.904206	0.988278	0.912356	0.926569	0.983465	0.925105	0.943240	0.979641	0.932174	0.953315	0.976763	0.939082	0.964620	0.972581	0.935930	0.972073	0.961791	0.940634	0.980850	0.958231	0.937710	0.984558	0.951707	0.935780	0.988034	0.946507	0.930641	0.992141	0.937553	0.927423	0.993549	0.933042
POS	00178	1.9900	6770450	y	V	0.607660	0.607660	1.000000	0.735793	0.735793	1.000000	0.845764	0.845764	1.000000	0.873758	0.873758	1.000000	0.906716	0.906762	0.999944	0.927553	0.930877	0.996165	0.942913	0.948872	0.993384	0.951209	0.959642	0.990846	0.956149	0.969768	0.985525	0.949657	0.975288	0.973072	0.950801	0.981965	0.967700	0.946769	0.984961	0.960656	0.943820	0.987801	0.954950	0.935835	0.990387	0.944413	0.934714	0.992986	0.940926
PSF	00178	1.9900	6770450	y	V	0.612981	0.616210	0.991525	0.740883	0.745837	0.991115	0.849635	0.856690	0.990400	0.876550	0.884526	0.989818	0.903751	0.914992	0.986588	0.920688	0.937475	0.980922	0.930657	0.952953	0.975477	0.935370	0.962028	0.971227	0.937506	0.970835	0.964675	0.930630	0.976151	0.952282	0.930396	0.982168	0.946382	0.926578	0.985270	0.939594	0.922942	0.987727	0.933650	0.915800	0.990718	0.923725	0.914578	0.993276	0.920276
POS	00178	1.9900	6770450	y	g	0.588646	0.588646	1.000000	0.714514	0.714514	1.000000	0.825747	0.825747	1.000000	0.853612	0.853612	1.000000	0.886896	0.886900	0.999995	0.909691	0.911404	0.997938	0.928298	0.930729	0.997194	0.938947	0.942410	0.996102	0.947735	0.954400	0.992685	0.946844	0.962838	0.982758	0.953739	0.972538	0.980135	0.955575	0.978665	0.975905	0.956068	0.983356	0.971794	0.953111	0.988587	0.963716	0.952794	0.991552	0.960592
PSF	00178	1.9900	6770450	y	g	0.593325	0.596446	0.991258	0.719168	0.723852	0.991081	0.829834	0.836289	0.990785	0.857175	0.864272	0.990512	0.887363	0.896399	0.988768	0.907798	0.920052	0.985541	0.922487	0.937635	0.982789	0.930561	0.948167	0.980436	0.936838	0.959052	0.975873	0.933885	0.966521	0.965105	0.938031	0.974929	0.961218	0.937798	0.980036	0.956062	0.936737	0.983948	0.951274	0.932478	0.988494	0.942710	0.932282	0.991554	0.939745
POS	00178	1.9900	6770450	z	V	0.594654	0.594654	1.000000	0.720044	0.720044	1.000000	0.827661	0.827661	1.000000	0.855056	0.855056	1.000000	0.887124	0.887255	0.999834	0.908181	0.911169	0.996402	0.923130	0.928706	0.993538	0.930836	0.939003	0.990742	0.940968	0.951624	0.988239	0.951687	0.965895	0.984779	0.957633	0.974944	0.981796	0.959655	0.981055	0.977775	0.959541	0.985356	0.973422	0.959938	0.992409	0.967039	0.956973	0.994023	0.962511
PSF	00178	1.9900	6770450	z	V	0.601138	0.604445	0.990982	0.726701	0.731692	0.990701	0.833561	0.840554	0.990118	0.860247	0.868014	0.989705	0.886869	0.897845	0.986402	0.906222	0.921318	0.982241	0.917893	0.937463	0.977763	0.923390	0.946799	0.973923	0.930360	0.958001	0.969920	0.936694	0.970236	0.964406	0.940157	0.978148	0.960327	0.940535	0.983488	0.955626	0.938391	0.986753	0.950363	0.936390	0.992598	0.942975	0.933267	0.994106	0.938459
POS	00178	1.9900	6770450	z	g	0.575468	0.575468	1.000000	0.698518	0.698518	1.000000	0.807261	0.807261	1.000000	0.834503	0.834503	1.000000	0.867007	0.867027	0.999974	0.888664	0.890630	0.997523	0.906643	0.909406	0.996660	0.916749	0.920656	0.995393	0.930130	0.934843	0.994610	0.945499	0.951476	0.993400	0.954142	0.961903	0.991615	0.957518	0.968700	0.988088	0.960538	0.974602	0.985199	0.964429	0.983288	0.980501	0.962670	0.985454	0.976546
PSF	00178	1.9900	6770450	z	g	0.582116	0.585289	0.990774	0.705608	0.710343	0.990641	0.814167	0.820682	0.990345	0.841075	0.848189	0.990126	0.870487	0.879595	0.988245	0.891010	0.903036	0.985273	0.905962	0.920557	0.982801	0.913384	0.930606	0.980141	0.923404	0.943302	0.977667	0.934708	0.958142	0.974501	0.941320	0.967725	0.971829	0.943737	0.974158	0.967970	0.944439	0.978952	0.964015	0.946323	0.986743	0.958510	0.944310	0.988793	0.954526
thin2	00178	1.9900	6770450	x	V	0.486309	0.486309	1.000000	0.684343	0.684343	1.000000	0.810834	0.810834	1.000000	0.902784	0.902784	1.000000	0.938365	0.943185	0.994583	0.947789	0.961939	0.984717	0.946137	0.981631	0.963190	0.941687	0.991970	0.948920	0.937059	0.995767	0.940807
thin2	00178	1.9900	6770450	x	g	0.465962	0.465962	1.000000	0.658913	0.658913	1.000000	0.783684	0.783684	1.000000	0.876000	0.876000	1.000000	0.915112	0.917549	0.997106	0.937341	0.942219	0.994507	0.953175	0.970836	0.981272	0.954376	0.984184	0.969242	0.951071	0.988794	0.961433
thin2	00178	1.9900	6770450	y	V	0.478365	0.478365	1.000000	0.673164	0.673164	1.000000	0.797590	0.797590	1.000000	0.888022	0.888030	0.999991	0.926513	0.929552	0.996485	0.945964	0.953230	0.992006	0.950415	0.975795	0.973363	0.943012	0.984401	0.957317	0.939088	0.988506	0.949456
thin2	00178	1.9900	6770450	y	g	0.461246	0.461246	1.000000	0.652243	0.652243	1.000000	0.775751	0.775751	1.000000	0.867133	0.867133	1.000000	0.907628	0.909183	0.998119	0.931934	0.934779	0.996745	0.948981	0.963768	0.984090	0.949574	0.976637	0.971645	0.954509	0.985539	0.968068
thin2	00178	1.9900	6770450	z	V	0.468016	0.468016	1.000000	0.658601	0.658601	1.000000	0.780334	0.780334	1.000000	0.868692	0.868754	0.999918	0.906654	0.909505	0.996554	0.926663	0.933137	0.992569	0.952160	0.966134	0.985037	0.962568	0.983892	0.977980	0.961847	0.989674	0.971598
thin2	00178	1.9900	6770450	z	g	0.451188	0.451188	1.000000	0.638020	0.638020	1.000000	0.758835	0.758835	1.000000	0.848192	0.848207	0.999979	0.887288	0.889049	0.997772	0.910391	0.913722	0.996011	0.945388	0.951514	0.993236	0.963665	0.973261	0.989872	0.964822	0.980057	0.984144
thin4	00178	1.9900	6770450	x	V	0.315961	0.315961	1.000000	0.595207	0.595207	1.000000	0.761611	0.761611	1.000000	0.864586	0.864586	1.000000	0.905816	0.905816	1.000000	0.935434	0.938337	0.996705	0.947355	0.961516	0.984692	0.949862	0.977300	0.971291	0.943318	0.983404	0.958578
thin4	00178	1.9900	6770450	x	g	0.299739	0.299739	1.000000	0.572790	0.572790	1.000000	0.735306	0.735306	1.000000	0.839020	0.839020	1.000000	0.879892	0.879892	1.000000	0.911137	0.912688	0.998139	0.936528	0.941972	0.993867	0.951675	0.963986	0.986758	0.952211	0.973785	0.977263
thin4	00178	1.9900	6770450	y	V	0.310911	0.310911	1.000000	0.585694	0.585694	1.000000	0.749439	0.749439	1.000000	0.850768	0.850768	1.000000	0.891308	0.891322	0.999982	0.921680	0.923940	0.997353	0.945008	0.952709	0.991519	0.952928	0.971068	0.980773	0.948087	0.977977	0.968770
thin4	00178	1.9900	6770450	y	g	0.296521	0.296521	1.000000	0.566641	0.566641	1.000000	0.727411	0.727411	1.000000	0.830012	0.830012	1.000000	0.870445	0.870445	1.000000	0.901774	0.903101	0.998373	0.931705	0.934553	0.996740	0.948693	0.957330	0.990579	0.949368	0.967083	0.981070
thin4	00178	1.9900	6770450	z	V	0.304000	0.304000	1.000000	0.572676	0.572676	1.000000	0.732781	0.732781	1.000000	0.831857	0.831857	1.000000	0.871437	0.871479	0.999945	0.902907	0.904280	0.998321	0.925037	0.931987	0.992003	0.944319	0.955867	0.987367	0.953281	0.969769	0.982478
thin4	00178	1.9900	6770450	z	g	0.290203	0.290203	1.000000	0.554568	0.554568	1.000000	0.711913	0.711913	1.000000	0.812328	0.812328	1.000000	0.851890	0.851894	0.999993	0.883719	0.884461	0.999052	0.909296	0.913267	0.995241	0.934483	0.939971	0.993791	0.949960	0.957161	0.992143
thin8	00178	1.9900	6770450	x	V	0.171397	0.171397	1.000000	0.459165	0.459165	1.000000	0.700257	0.700257	1.000000	0.815800	0.815800	1.000000	0.862030	0.862030	1.000000	0.889573	0.889573	1.000000	0.928954	0.929067	0.999869	0.945913	0.958818	0.985970	0.947484	0.964738	0.981474
thin8	00178	1.9900	6770450	x	g	0.159868	0.159868	1.000000	0.439316	0.439316	1.000000	0.673637	0.673637	1.000000	0.787879	0.787879	1.000000	0.834665	0.834665	1.000000	0.861902	0.861902	1.000000	0.901180	0.901184	0.999995	0.932114	0.937068	0.994360	0.937356	0.944511	0.991982
thin8	00178	1.9900	6770450	y	V	0.168728	0.168728	1.000000	0.452015	0.452015	1.000000	0.689353	0.689353	1.000000	0.803096	0.803096	1.000000	0.848606	0.848606	1.000000	0.875720	0.875720	1.000000	0.914436	0.914571	0.999838	0.942978	0.949938	0.992291	0.947278	0.957184	0.989193
thin8	00178	1.9900	6770450	y	g	0.158270	0.158270	1.000000	0.434925	0.434925	1.000000	0.666903	0.666903	1.000000	0.780003	0.780003	1.000000	0.826322	0.826322	1.000000	0.853286	0.853286	1.000000	0.892154	0.892166	0.999984	0.927144	0.929943	0.996764	0.935317	0.938850	0.995992
thin8	00178	1.9900	6770450	z	V	0.164701	0.164701	1.000000	0.441228	0.441228	1.000000	0.672902	0.672902	1.000000	0.783930	0.783930	1.000000	0.828354	0.828354	1.000000	0.854821	0.854821	1.000000	0.892417	0.892640	0.999720	0.921162	0.927544	0.992587	0.926732	0.935302	0.990210
thin8	00178	1.9900	6770450	z	g	0.154840	0.154840	1.000000	0.425497	0.425497	1.000000	0.652447	0.652447	1.000000	0.763096	0.763096	1.000000	0.808410	0.808410	1.000000	0.834790	0.834790	1.000000	0.872734	0.872784	0.999934	0.905161	0.908762	0.995642	0.911607	0.916657	0.993994
POS	00178	1.9900	7062464	x	V	0.172409	0.172410	0.999971	0.332481	0.334644	0.980934	0.621287	0.675828	0.885037	0.602230	0.704444	0.805843	0.620346	0.776638	0.755058	0.610489	0.811073	0.711695	0.650886	0.927100	0.685996	0.599805	0.946194	0.620986	0.584443	0.971219	0.594743	0.524265	0.976785	0.530880	0.515633	0.982631	0.520376	0.498080	0.984573	0.501998	0.483194	0.986049	0.486521	0.438263	0.988724	0.440464	0.424639	0.989541	0.426553
PSF	00178	1.9900	7062464	x	V	0.163269	0.172689	0.749549	0.277499	0.316243	0.693725	0.470761	0.646686	0.633764	0.461301	0.684428	0.585923	0.476489	0.766277	0.557515	0.466496	0.802524	0.526988	0.484689	0.916012	0.507230	0.450447	0.942869	0.463086	0.434518	0.963869	0.441712	0.390049	0.970495	0.394730	0.383162	0.976013	0.386804	0.370282	0.978428	0.373329	0.359789	0.981172	0.362291	0.326733	0.984962	0.328371	0.316731	0.986211	0.318140
POS	00178	1.9900	7062464	x	g	0.111274	0.111274	1.000000	0.231721	0.232238	0.990475	0.546766	0.559863	0.958971	0.552818	0.587381	0.903798	0.598096	0.660994	0.862739	0.609095	0.696912	0.828584	0.704937	0.837876	0.816278	0.754133	0.936511	0.794766	0.743597	0.967737	0.762500	0.657448	0.975915	0.668292	0.650911	0.982701	0.658456	0.628166	0.984638	0.634384	0.608604	0.985705	0.614024	0.550537	0.988288	0.554153	0.534245	0.988940	0.537456
PSF	00178	1.9900	7062464	x	g	0.117225	0.120086	0.831079	0.224604	0.239252	0.785796	0.472862	0.564440	0.744537	0.479208	0.597362	0.707838	0.518688	0.681327	0.684829	0.524831	0.720109	0.659328	0.579376	0.855797	0.642057	0.576518	0.925245	0.604684	0.565607	0.956664	0.580479	0.499942	0.965350	0.509077	0.494857	0.972589	0.501856	0.477918	0.975125	0.483817	0.464535	0.978394	0.469350	0.420639	0.981793	0.423946	0.408751	0.983428	0.411586
POS	00178	1.9900	7062464	y	V	0.262895	0.263060	0.997621	0.479067	0.492890	0.944699	0.779397	0.949546	0.813069	0.708188	0.968856	0.724685	0.617093	0.981906	0.624192	0.562001	0.986894	0.566227	0.476379	0.989586	0.478779	0.424181	0.991904	0.425654	0.396693	0.993364	0.397747	0.352706	0.994452	0.353401	0.344005	0.995137	0.344584	0.331563	0.995907	0.332016	0.321164	0.996587	0.321517	0.290465	0.997812	0.290650	0.281212	0.998220	0.281353
PSF	00178	1.9900	7062464	y	V	0.216085	0.250354	0.612196	0.339890	0.458928	0.567170	0.482862	0.915403	0.505416	0.445355	0.947005	0.456738	0.391250	0.967304	0.396493	0.358326	0.976864	0.361393	0.304979	0.982840	0.306612	0.272070	0.986840	0.273061	0.254695	0.989241	0.255403	0.226619	0.991018	0.227086	0.221165	0.992264	0.221547	0.213267	0.993494	0.213565	0.206649	0.994519	0.206884	0.187011	0.996363	0.187139	0.181092	0.996981	0.181191
POS	00178	1.9900	7062464	y	g	0.202426	0.202426	0.999995	0.415776	0.418938	0.982169	0.857937	0.952195	0.896554	0.805000	0.973262	0.823205	0.700741	0.986284	0.707637	0.643287	0.990434	0.647308	0.529290	0.992379	0.531451	0.462450	0.994061	0.463732	0.430087	0.995102	0.431000	0.374347	0.995978	0.374914	0.366545	0.996462	0.367022	0.352716	0.996980	0.353093	0.341295	0.997541	0.341583	0.307572	0.998372	0.307727	0.298234	0.998683	0.298351
PSF	00178	1.9900	7062464	y	g	0.183260	0.199284	0.695035	0.329307	0.397399	0.657757	0.585849	0.925162	0.614994	0.555070	0.954689	0.570089	0.486965	0.974014	0.493374	0.449569	0.982296	0.453242	0.371672	0.987637	0.373409	0.325330	0.990794	0.326317	0.302805	0.992527	0.303497	0.263681	0.993820	0.264114	0.258290	0.994662	0.258648	0.248626	0.995479	0.248907	0.240607	0.996186	0.240828	0.216907	0.997354	0.217032	0.210340	0.997759	0.210440
POS	00178	1.9900	7062464	z	V	0.228408	0.228709	0.994271	0.374470	0.396449	0.871044	0.646667	0.792799	0.778187	0.616867	0.826476	0.708647	0.549191	0.840977	0.612833	0.510202	0.851499	0.560033	0.442591	0.859985	0.476960	0.398454	0.864129	0.425086	0.389539	0.891099	0.409010	0.360941	0.916247	0.373255	0.354674	0.921402	0.365739	0.352659	0.942924	0.360352	0.350915	0.962146	0.355828	0.329292	0.989592	0.330437	0.320526	0.993969	0.321150
PSF	00178	1.9900	7062464	z	V	0.189370	0.211278	0.646179	0.296894	0.377030	0.582783	0.450925	0.760834	0.525399	0.430720	0.800122	0.482652	0.387487	0.824016	0.422446	0.361609	0.839532	0.388459	0.315295	0.854076	0.333247	0.284524	0.861533	0.298159	0.276475	0.887338	0.286534	0.254995	0.912137	0.261416	0.250484	0.917611	0.256247	0.248052	0.937985	0.252188	0.246289	0.957156	0.249034	0.231198	0.987151	0.231896	0.225203	0.992445	0.225590
POS	00178	1.9900	7062464	z	g	0.158249	0.158257	0.999679	0.310351	0.315852	0.946864	0.662559	0.729519	0.878323	0.660482	0.765539	0.827967	0.600911	0.784491	0.719721	0.568947	0.796551	0.665681	0.493493	0.812959	0.556700	0.439493	0.817136	0.487433	0.437753	0.854225	0.473095	0.402056	0.882523	0.424790	0.397536	0.888424	0.418427	0.402805	0.921199	0.417180	0.404031	0.944978	0.413765	0.388073	0.988928	0.389767	0.378674	0.993679	0.379589
PSF	00178	1.9900	7062464	z	g	0.145546	0.153911	0.728106	0.259568	0.297868	0.668736	0.518396	0.720054	0.649248	0.512387	0.757069	0.613208	0.466966	0.781621	0.537031	0.442633	0.797062	0.498852	0.380515	0.813099	0.416988	0.339508	0.820814	0.366685	0.333993	0.854013	0.354216	0.306651	0.885727	0.319283	0.303118	0.892090	0.314655	0.303760	0.919954	0.312006	0.304231	0.944624	0.309755	0.289730	0.985719	0.290951	0.283191	0.992117	0.283829
thin2	00178	1.9900	7062464	x	V	0.098380	0.098380	1.000000	0.223522	0.223598	0.998476	0.553785	0.574856	0.937921	0.592009	0.707062	0.784400	0.603881	0.803537	0.708488	0.606561	0.934184	0.633639	0.575603	0.979400	0.582657	0.494481	0.985270	0.498163	0.472287	0.987501	0.475128
thin2	00178	1.9900	7062464	x	g	0.059525	0.059525	1.000000	0.145041	0.145043	0.999890	0.462009	0.465792	0.982728	0.548228	0.589257	0.887307	0.599546	0.690102	0.820434	0.750405	0.918439	0.803981	0.734554	0.976237	0.747927	0.621751	0.985313	0.627567	0.593222	0.987284	0.597789
thin2	00178	1.9900	7062464	y	V	0.151685	0.151685	1.000000	0.337020	0.339101	0.982115	0.772273	0.847537	0.896871	0.689829	0.975579	0.701950	0.560221	0.986954	0.564400	0.434167	0.990881	0.435908	0.382851	0.994382	0.383681	0.326291	0.996233	0.326694	0.310885	0.997129	0.311163
thin2	00178	1.9900	7062464	y	g	0.108762	0.108762	1.000000	0.264185	0.264365	0.997426	0.794959	0.826439	0.954275	0.794539	0.979998	0.807636	0.640366	0.990359	0.644383	0.474339	0.993276	0.475868	0.416857	0.995888	0.417576	0.347289	0.997243	0.347623	0.330454	0.997899	0.330684
thin2	00178	1.9900	7062464	z	V	0.132781	0.132781	1.000000	0.290864	0.293429	0.970831	0.600807	0.685783	0.829022	0.600924	0.832025	0.683893	0.510868	0.855717	0.559021	0.406704	0.864418	0.434416	0.385245	0.909042	0.400691	0.346466	0.944189	0.353710	0.341003	0.967608	0.344940
thin2	00178	1.9900	7062464	z	g	0.085290	0.085290	1.000000	0.207157	0.207276	0.997246	0.583175	0.618525	0.910745	0.648154	0.767468	0.806543	0.572026	0.802437	0.665793	0.444439	0.811329	0.495667	0.429128	0.861856	0.460825	0.397094	0.923645	0.410572	0.397582	0.957679	0.404692
thin4	00178	1.9900	7062464	x	V	0.051393	0.051393	1.000000	0.150293	0.150293	1.000000	0.397141	0.402504	0.967542	0.628282	0.683422	0.886197	0.602527	0.715392	0.792493	0.627351	0.813708	0.732567	0.610115	0.938323	0.635605	0.592514	0.979167	0.600078	0.561952	0.982456	0.567649
thin4	00178	1.9900	7062464	x	g	0.028998	0.028998	1.000000	0.094619	0.094619	1.000000	0.301190	0.302079	0.990315	0.551603	0.565517	0.957302	0.558334	0.597846	0.894158	0.619347	0.700361	0.842625	0.754463	0.923660	0.804637	0.754137	0.974154	0.769534	0.715897	0.977902	0.727669
thin4	00178	1.9900	7062464	y	V	0.078461	0.078461	1.000000	0.228444	0.228631	0.996425	0.576532	0.597956	0.941490	0.780069	0.954175	0.810430	0.695758	0.975746	0.708003	0.576452	0.985757	0.581293	0.438066	0.991182	0.439779	0.398106	0.994097	0.399049	0.375924	0.995142	0.376615
thin4	00178	1.9900	7062464	y	g	0.052207	0.052207	1.000000	0.170344	0.170345	0.999964	0.532911	0.538567	0.980675	0.863850	0.956413	0.899253	0.800549	0.979825	0.813966	0.656650	0.989513	0.661252	0.479246	0.993552	0.480741	0.436081	0.995738	0.436896	0.411272	0.996514	0.411865
thin4	00178	1.9900	7062464	z	V	0.067508	0.067508	1.000000	0.197077	0.197134	0.998545	0.433664	0.467782	0.856027	0.644412	0.788860	0.778726	0.605151	0.824052	0.694945	0.522516	0.843935	0.578405	0.410987	0.856117	0.441481	0.378667	0.863375	0.402805	0.387600	0.914383	0.402197
thin4	00178	1.9900	7062464	z	g	0.040640	0.040640	1.000000	0.132584	0.132587	0.999840	0.386112	0.397642	0.930147	0.660910	0.727367	0.878546	0.653743	0.765742	0.817173	0.578588	0.793477	0.681167	0.449927	0.809540	0.503192	0.417332	0.816849	0.460415	0.439146	0.879866	0.467156
thin8	00178	1.9900	7062464	x	V	0.023382	0.023382	1.000000	0.088515	0.088515	1.000000	0.255950	0.256145	0.997033	0.547787	0.569177	0.935800	0.629407	0.687812	0.881126	0.616688	0.720147	0.811056	0.642694	0.829598	0.740441	0.641523	0.897602	0.692180	0.614191	0.960730	0.630007
thin8	00178	1.9900	7062464	x	g	0.012042	0.012042	1.000000	0.052086	0.052086	1.000000	0.169361	0.169382	0.999254	0.451840	0.456279	0.978920	0.560438	0.574476	0.958221	0.568198	0.602810	0.908220	0.636390	0.715652	0.851763	0.658803	0.780550	0.808567	0.749943	0.934202	0.791764
thin8	00178	1.9900	7062464	y	V	0.035261	0.035261	1.000000	0.133484	0.133484	1.000000	0.373869	0.377558	0.974531	0.734639	0.811967	0.885242	0.775519	0.950959	0.807827	0.714192	0.974511	0.727787	0.579471	0.986759	0.584012	0.504072	0.990529	0.506513	0.430019	0.992242	0.431469
thin8	00178	1.9900	7062464	y	g	0.021501	0.021501	1.000000	0.093002	0.093002	1.000000	0.300721	0.301171	0.995055	0.746281	0.783023	0.940844	0.848606	0.950460	0.887878	0.811888	0.979131	0.826185	0.656234	0.990642	0.660328	0.574026	0.993292	0.576259	0.470733	0.994378	0.471989
thin8	00178	1.9900	7062464	z	V	0.030367	0.030367	1.000000	0.114957	0.114957	1.000000	0.310242	0.315785	0.946446	0.576571	0.654596	0.828683	0.657681	0.798970	0.788095	0.627476	0.830155	0.719894	0.529483	0.849923	0.584092	0.471889	0.860546	0.510963	0.408178	0.863938	0.436220
thin8	00178	1.9900	7062464	z	g	0.016889	0.016889	1.000000	0.073051	0.073051	1.000000	0.233718	0.234480	0.986294	0.563952	0.596321	0.912200	0.681166	0.745862	0.887044	0.677415	0.779778	0.837673	0.585547	0.804487	0.682698	0.531317	0.816732	0.603237	0.446972	0.820081	0.495569
POS	00475	1.0021	10033180	x	V	0.409823	0.409823	1.000000	0.651800	0.651800	1.000000	0.816966	0.817645	0.998985	0.859456	0.864646	0.993065	0.897929	0.911148	0.984100	0.905563	0.932750	0.968817	0.908717	0.952072	0.952279	0.908220	0.962104	0.941915	0.915277	0.979745	0.932931	0.911993	0.985107	0.924743	0.903809	0.987814	0.914000	0.893258	0.989228	0.902032	0.886461	0.990436	0.894115	0.850505	0.994222	0.854730	0.825866	0.995369	0.829052
PSF	00475	1.0021	10033180	x	V	0.420109	0.423374	0.981972	0.660448	0.670497	0.977809	0.807058	0.831177	0.965293	0.841655	0.875625	0.955937	0.864116	0.915073	0.939458	0.869179	0.935994	0.924104	0.870230	0.954717	0.907696	0.867450	0.963664	0.896782	0.869962	0.979225	0.886320	0.866409	0.984455	0.878426	0.857962	0.986812	0.867914	0.847923	0.988242	0.856565	0.841393	0.989426	0.849028	0.808198	0.993922	0.812212	0.785128	0.995339	0.788025
POS	00475	1.0021	10033180	x	g	0.347160	0.347160	1.000000	0.609852	0.609852	1.000000	0.776159	0.776408	0.999586	0.821277	0.823466	0.996774	0.870153	0.875624	0.992870	0.889047	0.902598	0.983394	0.905781	0.929442	0.972663	0.911576	0.942265	0.965504	0.925218	0.964110	0.958221	0.926915	0.971648	0.952682	0.921556	0.974661	0.944177	0.911274	0.976289	0.931899	0.905236	0.977633	0.924381	0.882149	0.991716	0.888698	0.855738	0.992958	0.860962
PSF	00475	1.0021	10033180	x	g	0.358165	0.360118	0.985082	0.624059	0.631028	0.982610	0.781142	0.797274	0.974752	0.820509	0.842790	0.968785	0.855765	0.889392	0.957689	0.867874	0.913707	0.945360	0.877487	0.937665	0.931846	0.879636	0.948923	0.923355	0.890257	0.969970	0.915491	0.889950	0.976617	0.909326	0.884159	0.979361	0.900946	0.874058	0.980928	0.889169	0.868161	0.982266	0.881985	0.838311	0.991896	0.844092	0.814567	0.994089	0.818531
POS	00475	1.0021	10033180	y	V	0.447528	0.447528	1.000000	0.710745	0.711170	0.999161	0.874716	0.883609	0.988625	0.910745	0.929831	0.977958	0.915294	0.961055	0.950551	0.909837	0.977253	0.929522	0.891880	0.986110	0.903226	0.878726	0.989428	0.887055	0.859466	0.992274	0.865256	0.850081	0.993993	0.854471	0.839321	0.994868	0.842971	0.828297	0.995590	0.831348	0.820818	0.996097	0.823466	0.783436	0.997271	0.785119	0.759687	0.997728	0.761003
PSF	00475	1.0021	10033180	y	V	0.451714	0.457253	0.973884	0.705869	0.722779	0.967918	0.850156	0.890377	0.949546	0.873713	0.931435	0.933769	0.871295	0.959495	0.904567	0.864288	0.974956	0.883912	0.846527	0.983544	0.858689	0.834434	0.987168	0.843584	0.818662	0.991733	0.824288	0.809971	0.993656	0.814181	0.799800	0.994606	0.803284	0.789348	0.995381	0.792250	0.782256	0.995925	0.784768	0.746672	0.997156	0.748266	0.724058	0.997638	0.725301
POS	00475	1.0021	10033180	y	g	0.000000	0.000000	0.000000	0.000000	0.000000	0.000000	0.000000	0.000000	0.000000	0.000000	0.000000	0.000000	0.004269	0.981224	0.004269	0.004150	0.992786	0.004150	0.003994	0.994785	0.003994	0.003915	0.995876	0.003915	0.003800	0.996424	0.003800	0.003750	0.996758	0.003750	0.003705	0.996896	0.003705	0.003651	0.996896	0.003651	0.003617	0.997140	0.003617	0.003429	0.997265	0.003429	0.003319	0.997543	0.003319
PSF	00475	1.0021	10033180	y	g	0.000003	0.002387	0.000003	0.000004	0.006047	0.000004	0.000007	0.013712	0.000007	0.000015	0.029681	0.000015	0.000312	0.675177	0.000312	0.000376	0.847621	0.000376	0.000385	0.903465	0.000385	0.000387	0.927002	0.000387	0.000381	0.941992	0.000381	0.000378	0.947890	0.000378	0.000375	0.950916	0.000375	0.000370	0.953197	0.000370	0.000368	0.955455	0.000368	0.000350	0.959925	0.000350	0.000342	0.970167	0.000342
POS	00475	1.0021	10033180	z	V	0.409424	0.409424	1.000000	0.651166	0.651166	1.000000	0.816633	0.817103	0.999296	0.864352	0.866894	0.996618	0.907944	0.916045	0.990353	0.924207	0.942280	0.979669	0.927541	0.961836	0.962982	0.924379	0.970522	0.951082	0.915380	0.979314	0.933429	0.908169	0.982449	0.923146	0.902006	0.986280	0.913469	0.895880	0.990255	0.903848	0.890406	0.992259	0.896634	0.851560	0.994368	0.855688	0.826740	0.995417	0.829899
PSF	00475	1.0021	10033180	z	V	0.423458	0.427197	0.979750	0.665850	0.676892	0.976087	0.813471	0.839191	0.963693	0.847572	0.883713	0.953969	0.870903	0.924047	0.938054	0.878979	0.946974	0.924481	0.875271	0.963222	0.905534	0.870950	0.971404	0.893868	0.859858	0.978892	0.876102	0.853963	0.982671	0.867020	0.847599	0.986264	0.857724	0.841023	0.989839	0.848347	0.835264	0.991501	0.841287	0.799163	0.993898	0.803103	0.776004	0.995072	0.778997
POS	00475	1.0021	10033180	z	g	0.345980	0.345980	1.000000	0.607779	0.607779	1.000000	0.773871	0.773966	0.999841	0.821580	0.822366	0.998838	0.873697	0.876130	0.996832	0.900625	0.907303	0.991893	0.920520	0.935760	0.982615	0.926926	0.948903	0.975623	0.941941	0.971425	0.968785	0.943332	0.978820	0.962988	0.942063	0.984127	0.956599	0.941384	0.991178	0.949338	0.936814	0.993501	0.942590	0.891520	0.995497	0.895130	0.864196	0.996405	0.866899
PSF	00475	1.0021	10033180	z	g	0.359382	0.361866	0.981257	0.626499	0.634715	0.979758	0.784698	0.802461	0.972565	0.824594	0.848538	0.966912	0.861305	0.896253	0.956687	0.878362	0.923549	0.947236	0.886576	0.946960	0.932902	0.888538	0.958248	0.924323	0.890105	0.974257	0.911543	0.888180	0.980018	0.904561	0.885518	0.984636	0.897925	0.882249	0.990346	0.889902	0.877542	0.992484	0.883413	0.835912	0.995042	0.839408	0.810499	0.996115	0.813069
thin2	00475	1.0021	10033180	x	V	0.253502	0.253502	1.000000	0.505105	0.505105	1.000000	0.750810	0.750814	0.999993	0.876461	0.883840	0.990564	0.906368	0.930236	0.972471	0.909819	0.960513	0.945171	0.910502	0.983591	0.924546	0.889571	0.989042	0.898426	0.881342	0.992608	0.887165
thin2	00475	1.0021	10033180	x	g	0.174077	0.174077	1.000000	0.447421	0.447421	1.000000	0.707462	0.707462	1.000000	0.840244	0.843209	0.995832	0.887559	0.897795	0.987317	0.910515	0.939189	0.967557	0.923648	0.968393	0.952358	0.906799	0.974779	0.928585	0.900241	0.978940	0.918020
thin2	00475	1.0021	10033180	y	V	0.276659	0.276659	1.000000	0.551244	0.551245	0.999999	0.812509	0.815600	0.995357	0.911822	0.941365	0.966728	0.914154	0.976141	0.935046	0.881578	0.988161	0.890988	0.850969	0.993525	0.855715	0.825792	0.995687	0.828757	0.813807	0.996530	0.816120
thin2	00475	1.0021	10033180	y	g	0.000000	0.000000	0.000000	0.000000	0.000000	0.000000	0.000000	0.000000	0.000000	0.003119	0.852029	0.003121	0.003366	0.986805	0.003366	0.003168	0.991410	0.003168	0.003028	0.992812	0.003028	0.002937	0.994056	0.002937	0.002892	0.994165	0.002892
thin2	00475	1.0021	10033180	z	V	0.253357	0.253357	1.000000	0.504816	0.504816	1.000000	0.750356	0.750370	0.999975	0.882848	0.887021	0.994699	0.920398	0.937472	0.980596	0.924491	0.968283	0.953362	0.906030	0.980767	0.922419	0.892351	0.990379	0.900154	0.882559	0.993036	0.888056
thin2	00475	1.0021	10033180	z	g	0.173547	0.173547	1.000000	0.446058	0.446058	1.000000	0.705308	0.705308	1.000000	0.841244	0.842576	0.998124	0.893994	0.899925	0.992682	0.927943	0.947091	0.978677	0.941103	0.976320	0.963086	0.939418	0.991311	0.947218	0.930341	0.994332	0.935301
thin4	00475	1.0021	10033180	x	V	0.165818	0.165818	1.000000	0.369055	0.369055	1.000000	0.665080	0.665080	1.000000	0.813772	0.814602	0.998749	0.865742	0.873867	0.989374	0.894981	0.915692	0.975351	0.903882	0.953963	0.945108	0.914463	0.983207	0.928972	0.907290	0.986813	0.918426
thin4	00475	1.0021	10033180	x	g	0.095096	0.095096	1.000000	0.300168	0.300168	1.000000	0.620380	0.620380	1.000000	0.770013	0.770246	0.999608	0.828860	0.831853	0.995678	0.869502	0.879383	0.987242	0.900940	0.930147	0.966321	0.926833	0.968205	0.955928	0.921752	0.972324	0.946587
thin4	00475	1.0021	10033180	y	V	0.182547	0.182547	1.000000	0.406290	0.406290	1.000000	0.730476	0.731196	0.998655	0.878283	0.887461	0.988361	0.917297	0.943644	0.970462	0.918042	0.973330	0.941731	0.880755	0.988675	0.889731	0.847523	0.993236	0.852443	0.836652	0.994362	0.840639
thin4	00475	1.0021	10033180	y	g	0.000000	0.000000	0.000000	0.000000	0.000000	0.000000	0.000000	0.000000	0.000000	0.000000	0.000000	0.000000	0.000791	0.163036	0.000794	0.004361	0.955035	0.004362	0.004055	0.959495	0.004055	0.003985	0.992140	0.003985	0.003932	0.992648	0.003932
thin4	00475	1.0021	10033180	z	V	0.166780	0.166780	1.000000	0.371198	0.371198	1.000000	0.668941	0.668941	1.000000	0.819257	0.819753	0.999262	0.878067	0.882889	0.993818	0.910857	0.926791	0.981474	0.921944	0.966692	0.952191	0.903382	0.979864	0.920470	0.895330	0.982895	0.909500
thin4	00475	1.0021	10033180	z	g	0.094794	0.094794	1.000000	0.299216	0.299216	1.000000	0.618412	0.618412	1.000000	0.767823	0.767945	0.999794	0.829886	0.831214	0.998078	0.875545	0.881323	0.992567	0.917332	0.937513	0.977072	0.941100	0.974325	0.965032	0.940066	0.980703	0.957782
thin8	00475	1.0021	10033180	x	V	0.106680	0.106680	1.000000	0.222213	0.222213	1.000000	0.543158	0.543158	1.000000	0.751572	0.751588	0.999971	0.814885	0.815758	0.998688	0.853806	0.860857	0.990499	0.891390	0.918507	0.967942	0.888920	0.938676	0.943725	0.911700	0.971877	0.936404
thin8	00475	1.0021	10033180	x	g	0.048814	0.048814	1.000000	0.142406	0.142406	1.000000	0.487986	0.487986	1.000000	0.704991	0.704991	1.000000	0.768760	0.769027	0.999550	0.813363	0.816281	0.995625	0.870023	0.883767	0.982439	0.884187	0.912037	0.966617	0.918757	0.952903	0.962461
thin8	00475	1.0021	10033180	y	V	0.116568	0.116568	1.000000	0.242809	0.242809	1.000000	0.593481	0.593488	0.999980	0.813524	0.817000	0.994797	0.871979	0.881555	0.987696	0.899479	0.923246	0.972177	0.919817	0.975903	0.941194	0.898601	0.987693	0.908776	0.866332	0.990617	0.873500
thin8	00475	1.0021	10033180	y	g	0.000000	0.000000	0.000000	0.000000	0.000000	0.000000	0.000000	0.000000	0.000000	0.000000	0.000000	0.000000	0.000000	0.000000	0.000000	0.001963	0.819243	0.001964	0.001817	0.831803	0.001817	0.002021	0.970193	0.002021	0.001931	0.972567	0.001931
thin8	00475	1.0021	10033180	z	V	0.107419	0.107419	1.000000	0.223752	0.223752	1.000000	0.546920	0.546920	1.000000	0.756742	0.756774	0.999944	0.821370	0.821874	0.999254	0.867678	0.871142	0.995438	0.913883	0.933755	0.977242	0.912779	0.955135	0.953668	0.913194	0.976141	0.934042
thin8	00475	1.0021	10033180	z	g	0.048623	0.048623	1.000000	0.141849	0.141849	1.000000	0.486077	0.486077	1.000000	0.702233	0.702233	1.000000	0.766120	0.766226	0.999820	0.814188	0.815298	0.998332	0.881516	0.888323	0.991382	0.904145	0.921096	0.980052	0.935332	0.959915	0.973350
POS	00475	1.0021	18705275	x	V	0.632804	0.632804	1.000000	0.784154	0.784154	1.000000	0.858145	0.936652	0.911019	0.822101	0.956160	0.854303	0.760749	0.966822	0.781142	0.728000	0.973450	0.742747	0.656918	0.978581	0.666501	0.609104	0.982823	0.615658	0.557694	0.985195	0.562407	0.531389	0.987494	0.534989	0.517948	0.989029	0.520941	0.505632	0.990599	0.508070	0.496447	0.992259	0.498377	0.469495	0.994877	0.470632	0.441901	0.995788	0.442728
PSF	00475	1.0021	18705275	x	V	0.626083	0.647823	0.949126	0.748738	0.790293	0.934380	0.784460	0.927110	0.836021	0.754949	0.949503	0.786528	0.700279	0.961694	0.720372	0.671011	0.969217	0.685623	0.606008	0.974910	0.615609	0.562125	0.979453	0.568833	0.514897	0.982092	0.519777	0.490673	0.984495	0.494494	0.478377	0.986209	0.481598	0.467020	0.987825	0.469724	0.458567	0.989556	0.460798	0.433751	0.992320	0.435212	0.408273	0.993237	0.409411
POS	00475	1.0021	18705275	x	g	0.623728	0.623728	1.000000	0.798405	0.798612	0.999676	0.841961	0.943791	0.886410	0.799092	0.959358	0.827091	0.707529	0.968038	0.724453	0.671320	0.973439	0.683847	0.565269	0.977816	0.572612	0.506422	0.981931	0.511186	0.447322	0.984038	0.450592	0.421862	0.986508	0.424310	0.412348	0.988175	0.414393	0.403342	0.989832	0.405020	0.396683	0.991999	0.397956	0.372664	0.994768	0.373396	0.341410	0.995578	0.341929
PSF	00475	1.0021	18705275	x	g	0.606767	0.639427	0.922356	0.734902	0.799720	0.900667	0.745084	0.932236	0.787748	0.710565	0.950934	0.737609	0.630673	0.961159	0.647167	0.599185	0.967483	0.611500	0.505002	0.972417	0.512340	0.452599	0.976801	0.457517	0.400109	0.979423	0.403501	0.377383	0.981999	0.380011	0.368953	0.983849	0.371201	0.360907	0.985554	0.362826	0.354927	0.987717	0.356500	0.333499	0.990638	0.334553	0.305601	0.991567	0.306398
POS	00475	1.0021	18705275	y	V	0.656847	0.656847	1.000000	0.813380	0.813634	0.999615	0.850299	0.949975	0.890157	0.808453	0.966393	0.831840	0.744375	0.974959	0.758883	0.709917	0.979983	0.720363	0.638700	0.983763	0.645505	0.590568	0.986539	0.595366	0.540164	0.988431	0.543601	0.513993	0.989950	0.516689	0.500600	0.991017	0.502882	0.488075	0.991781	0.490057	0.478444	0.992401	0.480204	0.451717	0.993920	0.452969	0.425231	0.994929	0.426155
PSF	00475	1.0021	18705275	y	V	0.641803	0.669355	0.939730	0.759776	0.812824	0.920896	0.775156	0.942014	0.813996	0.741066	0.961862	0.763501	0.684105	0.972132	0.697790	0.653314	0.978093	0.663015	0.588051	0.982269	0.594360	0.543941	0.985362	0.548372	0.497704	0.987552	0.500846	0.473742	0.989329	0.476175	0.461456	0.990511	0.463505	0.449974	0.991393	0.451739	0.441128	0.992082	0.442687	0.416505	0.993677	0.417612	0.392079	0.994706	0.392898
POS	00475	1.0021	18705275	y	g	0.646782	0.646782	1.000000	0.820689	0.824164	0.994889	0.832957	0.956168	0.866025	0.786026	0.969443	0.805995	0.692628	0.976203	0.704524	0.655320	0.980251	0.664087	0.550078	0.983262	0.555277	0.491236	0.985573	0.494794	0.433447	0.987153	0.435906	0.408035	0.988448	0.409991	0.398376	0.989341	0.400093	0.389103	0.989980	0.390642	0.381817	0.990554	0.383213	0.358027	0.991959	0.359069	0.328188	0.993139	0.328934
PSF	00475	1.0021	18705275	y	g	0.615030	0.657554	0.904854	0.734913	0.817871	0.878720	0.732671	0.947413	0.763730	0.695416	0.964486	0.713692	0.614398	0.973061	0.625029	0.581999	0.978020	0.589713	0.488795	0.981516	0.493336	0.436657	0.984156	0.439748	0.385423	0.986050	0.387536	0.362948	0.987637	0.364604	0.354424	0.988702	0.355865	0.346224	0.989471	0.347504	0.339758	0.990103	0.340915	0.318613	0.991619	0.319473	0.292035	0.992783	0.292656
POS	00475	1.0021	18705275	z	V	0.635318	0.635318	1.000000	0.787263	0.787266	0.999995	0.861756	0.940660	0.911297	0.823884	0.959306	0.853721	0.760435	0.968719	0.779577	0.726690	0.974627	0.740703	0.654652	0.978850	0.664045	0.605775	0.981871	0.612628	0.557956	0.987985	0.561768	0.531660	0.990368	0.534423	0.518319	0.992071	0.520475	0.505646	0.993219	0.507398	0.495952	0.994220	0.497386	0.468773	0.996517	0.469543	0.441233	0.997480	0.441725
PSF	00475	1.0021	18705275	z	V	0.627828	0.649567	0.949391	0.749801	0.791809	0.933919	0.789304	0.931490	0.837949	0.759545	0.954045	0.788389	0.703326	0.965480	0.721468	0.673043	0.972343	0.686179	0.606711	0.977056	0.615479	0.561611	0.980374	0.567997	0.517380	0.986767	0.520995	0.493150	0.989410	0.495767	0.480811	0.991201	0.482872	0.469133	0.992487	0.470805	0.460203	0.993605	0.461570	0.435115	0.996163	0.435846	0.409556	0.997153	0.410036
POS	00475	1.0021	18705275	z	g	0.634237	0.634237	1.000000	0.811405	0.811820	0.999371	0.844451	0.953517	0.880706	0.798300	0.967505	0.820294	0.704302	0.974750	0.717390	0.666938	0.979222	0.676511	0.560169	0.982493	0.565817	0.500363	0.984893	0.504233	0.443827	0.990023	0.445821	0.418119	0.991886	0.419554	0.408495	0.993273	0.409629	0.399144	0.994215	0.400073	0.391798	0.995045	0.392564	0.367628	0.997005	0.368034	0.336774	0.997823	0.337022
PSF	00475	1.0021	18705275	z	g	0.613353	0.649150	0.917510	0.738302	0.809605	0.893425	0.746105	0.943368	0.781090	0.710363	0.961788	0.730994	0.628495	0.970909	0.640557	0.595959	0.976369	0.604680	0.500894	0.980175	0.506021	0.447603	0.982929	0.451109	0.397195	0.988509	0.399037	0.374335	0.990705	0.375654	0.365763	0.992218	0.366815	0.357450	0.993311	0.358312	0.350918	0.994262	0.351630	0.329385	0.996535	0.329763	0.301757	0.997413	0.301993
thin2	00475	1.0021	18705275	x	V	0.535669	0.535669	1.000000	0.701761	0.701761	1.000000	0.874491	0.889212	0.981420	0.798048	0.959888	0.825580	0.724826	0.972381	0.740063	0.643543	0.980050	0.652085	0.531072	0.986433	0.534980	0.501715	0.990175	0.504225	0.488285	0.991787	0.490268
thin2	00475	1.0021	18705275	x	g	0.520241	0.520241	1.000000	0.704910	0.704910	1.000000	0.877826	0.903111	0.969091	0.762302	0.961667	0.786192	0.665286	0.971875	0.678346	0.552803	0.978412	0.559628	0.420391	0.984792	0.423138	0.399688	0.988828	0.401501	0.389837	0.990519	0.391297
thin2	00475	1.0021	18705275	y	V	0.555913	0.555913	1.000000	0.728281	0.728281	1.000000	0.879431	0.907907	0.965564	0.784605	0.970145	0.804018	0.708372	0.980049	0.718737	0.626078	0.985562	0.631874	0.514509	0.989792	0.517254	0.484879	0.992031	0.486775	0.471341	0.992886	0.472938
thin2	00475	1.0021	18705275	y	g	0.539026	0.539026	1.000000	0.730321	0.730339	0.999967	0.871719	0.915426	0.948073	0.750916	0.972405	0.767266	0.651655	0.980229	0.660334	0.539031	0.984685	0.543588	0.407834	0.988242	0.409822	0.386555	0.990188	0.388042	0.376522	0.990942	0.377822
thin2	00475	1.0021	18705275	z	V	0.538255	0.538255	1.000000	0.705148	0.705148	1.000000	0.878103	0.893213	0.981099	0.799053	0.963052	0.824323	0.724787	0.975015	0.738503	0.640881	0.980413	0.649193	0.531972	0.990615	0.534667	0.501864	0.993538	0.503507	0.488319	0.995037	0.489511
thin2	00475	1.0021	18705275	z	g	0.529776	0.529776	1.000000	0.717830	0.717830	1.000000	0.883114	0.914010	0.963133	0.760995	0.970419	0.779068	0.662093	0.979528	0.671383	0.547528	0.983718	0.552535	0.417176	0.992036	0.418578	0.395657	0.994480	0.396528	0.385614	0.995687	0.386259
thin4	00475	1.0021	18705275	x	V	0.424310	0.424310	1.000000	0.610476	0.610476	1.000000	0.807936	0.807974	0.999943	0.855294	0.938181	0.906376	0.796464	0.959524	0.824154	0.728499	0.969760	0.745433	0.664261	0.979098	0.673816	0.547056	0.985255	0.551571	0.519597	0.987646	0.522996
thin4	00475	1.0021	18705275	x	g	0.408484	0.408484	1.000000	0.596291	0.596291	1.000000	0.823139	0.823840	0.998968	0.838156	0.944236	0.881805	0.759251	0.960976	0.783405	0.663838	0.969295	0.678098	0.588374	0.977115	0.596595	0.438515	0.983430	0.441779	0.412755	0.985962	0.415195
thin4	00475	1.0021	18705275	y	V	0.439832	0.439832	1.000000	0.632808	0.632808	1.000000	0.833654	0.835438	0.997445	0.847890	0.951159	0.886486	0.784658	0.970280	0.803981	0.714717	0.978897	0.725902	0.648145	0.985588	0.654346	0.531117	0.989173	0.534222	0.503613	0.990578	0.506037
thin4	00475	1.0021	18705275	y	g	0.422515	0.422515	1.000000	0.616773	0.616773	1.000000	0.836025	0.843763	0.989149	0.833174	0.957891	0.864850	0.750772	0.972915	0.766799	0.653746	0.979793	0.662680	0.576544	0.985227	0.581571	0.426926	0.988093	0.429134	0.401049	0.989352	0.402787
thin4	00475	1.0021	18705275	z	V	0.426342	0.426342	1.000000	0.613399	0.613399	1.000000	0.811338	0.811585	0.999625	0.860421	0.943495	0.907166	0.799393	0.963962	0.824019	0.729714	0.973323	0.744606	0.663113	0.980855	0.671808	0.547940	0.989312	0.551203	0.520631	0.992035	0.522816
thin4	00475	1.0021	18705275	z	g	0.415691	0.415691	1.000000	0.606812	0.606812	1.000000	0.834225	0.836507	0.996741	0.842874	0.955761	0.877093	0.760492	0.971217	0.778027	0.662747	0.978389	0.672593	0.584886	0.984124	0.590457	0.435818	0.991139	0.437523	0.409895	0.993297	0.411032
thin8	00475	1.0021	18705275	x	V	0.276396	0.276396	1.000000	0.523295	0.523295	1.000000	0.725905	0.725905	1.000000	0.877480	0.893797	0.979619	0.856722	0.938033	0.908118	0.821479	0.956981	0.852978	0.728404	0.971060	0.744567	0.685981	0.979180	0.696134	0.620244	0.982811	0.627046
thin8	00475	1.0021	18705275	x	g	0.265250	0.265250	1.000000	0.517396	0.517396	1.000000	0.734909	0.734909	1.000000	0.880104	0.906824	0.967605	0.842153	0.944677	0.885842	0.799558	0.959852	0.827222	0.663983	0.971073	0.677381	0.617751	0.977951	0.626477	0.527646	0.981192	0.533037
thin8	00475	1.0021	18705275	y	V	0.286710	0.286710	1.000000	0.542822	0.542822	1.000000	0.752993	0.752993	1.000000	0.878986	0.910541	0.962070	0.847773	0.950415	0.887005	0.807323	0.966557	0.830522	0.711710	0.978294	0.723129	0.666923	0.983861	0.674300	0.602086	0.986832	0.606962
thin8	00475	1.0021	18705275	y	g	0.274368	0.274368	1.000000	0.535181	0.535181	1.000000	0.759882	0.760007	0.999784	0.869929	0.916205	0.945126	0.833637	0.956133	0.866789	0.786620	0.968721	0.807121	0.650357	0.978417	0.659823	0.602367	0.982924	0.608737	0.513594	0.985399	0.517532
thin8	00475	1.0021	18705275	z	V	0.277950	0.277950	1.000000	0.526237	0.526237	1.000000	0.729987	0.729987	1.000000	0.879975	0.897551	0.978232	0.861095	0.943293	0.908104	0.821969	0.960140	0.851009	0.727413	0.973383	0.742175	0.682746	0.979645	0.692571	0.616201	0.982208	0.623157
thin8	00475	1.0021	18705275	z	g	0.270280	0.270280	1.000000	0.527207	0.527207	1.000000	0.748787	0.748812	0.999956	0.884450	0.917542	0.960821	0.845048	0.955699	0.879500	0.797566	0.968285	0.818960	0.660008	0.978379	0.669777	0.611688	0.983230	0.618137	0.521080	0.985123	0.525213
POS	00475	1.0021	22148756	x	V	0.881190	0.881190	1.000000	0.945418	0.945418	1.000000	0.978174	0.980444	0.997638	0.981298	0.986808	0.994342	0.981902	0.989999	0.991740	0.980990	0.992157	0.988656	0.979559	0.994332	0.985060	0.976712	0.996013	0.980546	0.973887	0.997262	0.976498	0.971228	0.998005	0.973118	0.966585	0.998396	0.968088	0.963571	0.998650	0.964828	0.961291	0.998851	0.962355	0.953758	0.999289	0.954406	0.950411	0.999442	0.950915
PSF	00475	1.0021	22148756	x	V	0.879942	0.885674	0.992699	0.940264	0.948480	0.990871	0.966494	0.980520	0.985415	0.969401	0.986831	0.982106	0.970054	0.990070	0.979584	0.969170	0.992251	0.976561	0.967492	0.994302	0.972887	0.964721	0.996014	0.968459	0.961874	0.997241	0.964440	0.959160	0.997942	0.961062	0.954635	0.998368	0.956127	0.951659	0.998624	0.952909	0.949406	0.998825	0.950467	0.941982	0.999274	0.942627	0.938687	0.999435	0.939186
POS	00475	1.0021	22148756	x	g	0.906170	0.906170	1.000000	0.959083	0.959083	1.000000	0.982450	0.983707	0.998702	0.986877	0.989518	0.997304	0.987879	0.991913	0.995900	0.987644	0.993505	0.994063	0.987214	0.995440	0.991699	0.985175	0.997044	0.988062	0.982958	0.998165	0.984738	0.980921	0.998785	0.982092	0.976542	0.999037	0.977462	0.974556	0.999202	0.975315	0.972996	0.999330	0.973632	0.967188	0.999597	0.967565	0.965068	0.999684	0.965363
PSF	00475	1.0021	22148756	x	g	0.902357	0.909757	0.991066	0.952197	0.961641	0.989791	0.971461	0.984439	0.986611	0.974582	0.989645	0.984623	0.975504	0.992022	0.983218	0.975309	0.993643	0.981433	0.974617	0.995453	0.978976	0.972599	0.997064	0.975392	0.970320	0.998145	0.972072	0.968219	0.998723	0.969420	0.963984	0.999022	0.964895	0.962019	0.999185	0.962774	0.960473	0.999311	0.961110	0.954751	0.999586	0.955129	0.952669	0.999679	0.952961
POS	00475	1.0021	22148756	y	V	0.875398	0.875398	1.000000	0.939204	0.939204	1.000000	0.975830	0.976065	0.999753	0.984021	0.984953	0.999039	0.986995	0.989324	0.997621	0.987271	0.992077	0.995117	0.985982	0.994321	0.991566	0.983274	0.996076	0.987097	0.979951	0.997075	0.982775	0.976624	0.997479	0.979041	0.971972	0.997877	0.973986	0.969127	0.998226	0.970799	0.967031	0.998529	0.968410	0.959708	0.999099	0.960539	0.956329	0.999246	0.957019
PSF	00475	1.0021	22148756	y	V	0.872674	0.878877	0.991977	0.934222	0.942115	0.991112	0.966483	0.977114	0.988868	0.972786	0.985132	0.987281	0.974914	0.989113	0.985489	0.975129	0.991853	0.983003	0.973891	0.994127	0.979526	0.971347	0.995961	0.975189	0.967923	0.996892	0.970853	0.964711	0.997336	0.967203	0.960238	0.997801	0.962274	0.957433	0.998155	0.959131	0.955439	0.998501	0.956811	0.948217	0.999082	0.949044	0.944889	0.999235	0.945573
POS	00475	1.0021	22148756	y	g	0.899076	0.899076	1.000000	0.951575	0.951575	1.000000	0.976927	0.977099	0.999820	0.983452	0.983935	0.999501	0.985892	0.987038	0.998823	0.987038	0.989312	0.997677	0.987820	0.991843	0.995911	0.987710	0.994409	0.993226	0.988384	0.996992	0.991341	0.986161	0.997519	0.988586	0.982731	0.998265	0.984413	0.980929	0.998529	0.982348	0.980002	0.998987	0.980977	0.974473	0.999419	0.975025	0.972379	0.999527	0.972826
PSF	00475	1.0021	22148756	y	g	0.894940	0.902767	0.990405	0.945602	0.954902	0.989805	0.968245	0.979337	0.988437	0.973627	0.985672	0.987604	0.975527	0.988535	0.986690	0.976343	0.990664	0.985410	0.976606	0.992953	0.983422	0.975944	0.995254	0.980507	0.975206	0.997131	0.977951	0.972864	0.997584	0.975162	0.969379	0.998283	0.970999	0.967619	0.998558	0.968973	0.966596	0.998962	0.967568	0.961149	0.999400	0.961704	0.959088	0.999511	0.959538
POS	00475	1.0021	22148756	z	V	0.877288	0.877288	1.000000	0.941232	0.941232	1.000000	0.978238	0.978325	0.999909	0.986083	0.987050	0.999008	0.988371	0.991082	0.997240	0.987644	0.993335	0.994232	0.985173	0.994985	0.990090	0.982423	0.996722	0.985608	0.978766	0.997550	0.981124	0.975808	0.998144	0.977582	0.971269	0.998601	0.972592	0.968310	0.998891	0.969352	0.966023	0.999094	0.966870	0.958252	0.999424	0.958781	0.954854	0.999559	0.955256
PSF	00475	1.0021	22148756	z	V	0.872924	0.879502	0.991505	0.935441	0.943295	0.991177	0.968821	0.978892	0.989493	0.974953	0.986828	0.987808	0.976247	0.990386	0.985587	0.975394	0.992580	0.982558	0.973172	0.994350	0.978584	0.970736	0.996241	0.974305	0.967460	0.997249	0.970049	0.964809	0.997989	0.966688	0.960524	0.998556	0.961860	0.957618	0.998858	0.958668	0.955372	0.999071	0.956222	0.947694	0.999407	0.948227	0.944334	0.999543	0.944742
POS	00475	1.0021	22148756	z	g	0.899978	0.899978	1.000000	0.952529	0.952529	1.000000	0.978093	0.978173	0.999916	0.984197	0.984800	0.999378	0.986134	0.987652	0.998444	0.986515	0.989542	0.996909	0.985491	0.991161	0.994229	0.985150	0.993609	0.991433	0.984043	0.995285	0.988652	0.982767	0.996289	0.986378	0.983119	0.998967	0.984119	0.981303	0.999227	0.982049	0.979829	0.999403	0.980402	0.973920	0.999639	0.974263	0.971782	0.999724	0.972043
PSF	00475	1.0021	22148756	z	g	0.895833	0.903633	0.990456	0.947248	0.956182	0.990232	0.970593	0.980985	0.989203	0.975713	0.987188	0.988226	0.977007	0.989743	0.987000	0.976963	0.991433	0.985280	0.975883	0.993034	0.982610	0.975134	0.995291	0.979654	0.972957	0.996421	0.976369	0.971532	0.997349	0.974047	0.969858	0.998993	0.970808	0.968001	0.999219	0.968734	0.966514	0.999379	0.967094	0.960694	0.999622	0.961044	0.958591	0.999710	0.958858
thin2	00475	1.0021	22148756	x	V	0.810828	0.810828	1.000000	0.914020	0.914020	1.000000	0.968334	0.968664	0.999649	0.981710	0.988090	0.993466	0.981174	0.992089	0.988911	0.977677	0.995337	0.982176	0.971243	0.997972	0.973163	0.962240	0.998710	0.963438	0.958227	0.999026	0.959123
thin2	00475	1.0021	22148756	x	g	0.840786	0.840786	1.000000	0.934547	0.934547	1.000000	0.974890	0.975136	0.999742	0.987334	0.990494	0.996779	0.987787	0.993507	0.994205	0.985623	0.996433	0.989113	0.980642	0.998756	0.981841	0.973222	0.999230	0.973952	0.970056	0.999442	0.970581
thin2	00475	1.0021	22148756	y	V	0.805450	0.805450	1.000000	0.907958	0.907958	1.000000	0.962558	0.962567	0.999990	0.985444	0.986709	0.998701	0.987234	0.991867	0.995291	0.983863	0.995178	0.988576	0.976761	0.997480	0.979177	0.967971	0.998350	0.969522	0.964107	0.998757	0.965266
thin2	00475	1.0021	22148756	y	g	0.833859	0.833859	1.000000	0.926848	0.926848	1.000000	0.967341	0.967346	0.999995	0.984211	0.984854	0.999337	0.986549	0.988792	0.997706	0.987025	0.993023	0.993918	0.986737	0.997719	0.988968	0.980592	0.998866	0.981685	0.977579	0.999168	0.978375
thin2	00475	1.0021	22148756	z	V	0.807208	0.807208	1.000000	0.909940	0.909940	1.000000	0.964678	0.964678	1.000000	0.987237	0.988684	0.998520	0.987419	0.993041	0.994299	0.983747	0.996208	0.987444	0.975863	0.998114	0.977666	0.967008	0.998951	0.967991	0.962876	0.999215	0.963605
thin2	00475	1.0021	22148756	z	g	0.834775	0.834775	1.000000	0.927866	0.927866	1.000000	0.968414	0.968414	1.000000	0.984860	0.985718	0.999116	0.986003	0.989057	0.996878	0.985625	0.992859	0.992662	0.983233	0.996482	0.986658	0.980280	0.999258	0.980993	0.977124	0.999487	0.977614
thin4	00475	1.0021	22148756	x	V	0.689659	0.689659	1.000000	0.868429	0.868429	1.000000	0.950416	0.950416	1.000000	0.978450	0.981368	0.996971	0.981622	0.987977	0.993491	0.981442	0.991278	0.989991	0.977878	0.995401	0.982316	0.972890	0.997757	0.975022	0.969167	0.998258	0.970809
thin4	00475	1.0021	22148756	x	g	0.721545	0.721545	1.000000	0.894194	0.894194	1.000000	0.962451	0.962456	0.999994	0.983797	0.985125	0.998631	0.987226	0.990337	0.996828	0.987799	0.992839	0.994887	0.985859	0.996500	0.989284	0.982110	0.998624	0.983440	0.979222	0.998942	0.980239
thin4	00475	1.0021	22148756	y	V	0.685128	0.685128	1.000000	0.862723	0.862723	1.000000	0.944172	0.944172	1.000000	0.977358	0.977617	0.999729	0.985390	0.986644	0.998712	0.987446	0.991060	0.996320	0.984158	0.995320	0.988733	0.978276	0.997224	0.980947	0.974594	0.997754	0.976736
thin4	00475	1.0021	22148756	y	g	0.715745	0.715745	1.000000	0.887007	0.887007	1.000000	0.954726	0.954726	1.000000	0.978231	0.978387	0.999837	0.984216	0.984854	0.999342	0.986373	0.988135	0.998196	0.988128	0.993629	0.994428	0.987912	0.997536	0.990329	0.985598	0.998152	0.987400
thin4	00475	1.0021	22148756	z	V	0.686598	0.686598	1.000000	0.864574	0.864574	1.000000	0.946198	0.946198	1.000000	0.979766	0.979872	0.999889	0.987162	0.988590	0.998539	0.988026	0.992414	0.995545	0.983640	0.996128	0.987416	0.977333	0.997817	0.979428	0.973940	0.998497	0.975370
thin4	00475	1.0021	22148756	z	g	0.716627	0.716627	1.000000	0.888099	0.888099	1.000000	0.955902	0.955902	1.000000	0.979575	0.979663	0.999909	0.985051	0.985877	0.999150	0.986267	0.988686	0.997525	0.985573	0.992946	0.992521	0.983825	0.996071	0.987658	0.983186	0.997537	0.985578
thin8	00475	1.0021	22148756	x	V	0.498004	0.498004	1.000000	0.784697	0.784697	1.000000	0.921738	0.921738	1.000000	0.969355	0.969803	0.999523	0.979289	0.981792	0.997403	0.981496	0.987157	0.994191	0.981680	0.991266	0.990245	0.979483	0.994478	0.984839	0.976045	0.996028	0.979859
thin8	00475	1.0021	22148756	x	g	0.523685	0.523685	1.000000	0.813891	0.813891	1.000000	0.940445	0.940445	1.000000	0.975500	0.975814	0.999670	0.983781	0.985114	0.998626	0.987049	0.989762	0.997231	0.987821	0.992799	0.994950	0.987268	0.995586	0.991608	0.984467	0.996993	0.987399
thin8	00475	1.0021	22148756	y	V	0.494752	0.494752	1.000000	0.779574	0.779574	1.000000	0.915720	0.915720	1.000000	0.963902	0.963916	0.999985	0.977391	0.977653	0.999725	0.984406	0.985416	0.998960	0.988202	0.991329	0.996818	0.986127	0.994601	0.991434	0.982928	0.996280	0.986549
thin8	00475	1.0021	22148756	y	g	0.519372	0.519372	1.000000	0.807188	0.807188	1.000000	0.932699	0.932699	1.000000	0.968074	0.968085	0.999988	0.978011	0.978176	0.999828	0.983269	0.983798	0.999454	0.986556	0.988077	0.998442	0.987637	0.991665	0.995905	0.988591	0.994958	0.993568
thin8	00475	1.0021	22148756	z	V	0.495740	0.495740	1.000000	0.781130	0.781130	1.000000	0.917548	0.917548	1.000000	0.965853	0.965854	0.999999	0.979664	0.979768	0.999892	0.986418	0.987408	0.998985	0.988416	0.992425	0.995930	0.984953	0.994998	0.989854	0.981696	0.996648	0.984948
thin8	00475	1.0021	22148756	z	g	0.520314	0.520314	1.000000	0.808651	0.808651	1.000000	0.934391	0.934391	1.000000	0.969851	0.969852	0.999999	0.979937	0.980027	0.999906	0.984844	0.985478	0.999347	0.986812	0.989098	0.997664	0.985477	0.991469	0.993905	0.985791	0.994441	0.991254
POS	00475	1.0021	2411605	x	V	0.022418	0.022418	1.000000	0.661674	0.661674	1.000000	0.884328	0.885095	0.999021	0.919719	0.924663	0.994220	0.941318	0.954111	0.985956	0.936545	0.967975	0.966491	0.934833	0.977029	0.955841	0.928449	0.981017	0.945435	0.924505	0.984510	0.938151	0.921394	0.987606	0.932172	0.910379	0.989665	0.919117	0.902747	0.991285	0.909969	0.898376	0.992434	0.904571	0.884145	0.997637	0.886000	0.876096	0.998493	0.877256
PSF	00475	1.0021	2411605	x	V	0.022595	0.022617	0.958424	0.655417	0.671685	0.964364	0.856933	0.891853	0.956306	0.881573	0.927219	0.947111	0.896324	0.954140	0.936678	0.889427	0.967019	0.917251	0.886916	0.975781	0.906880	0.880900	0.979887	0.897121	0.877427	0.983625	0.890434	0.874117	0.986581	0.884635	0.863458	0.988557	0.872175	0.856109	0.990144	0.863467	0.851834	0.991237	0.858297	0.839600	0.997368	0.841464	0.832056	0.998309	0.833231
POS	00475	1.0021	2411605	x	g	0.023851	0.023851	1.000000	0.673398	0.673398	1.000000	0.888753	0.888809	0.999929	0.923749	0.925499	0.997957	0.947864	0.953429	0.993880	0.945741	0.966668	0.977622	0.947307	0.975588	0.970307	0.942686	0.979381	0.961774	0.940813	0.982934	0.956436	0.938980	0.985879	0.951782	0.928818	0.987657	0.939726	0.922268	0.989105	0.931733	0.919010	0.990118	0.927518	0.912484	0.998112	0.914061	0.905894	0.998909	0.906792
PSF	00475	1.0021	2411605	x	g	0.024021	0.024040	0.968181	0.669123	0.681910	0.972740	0.871133	0.896367	0.968696	0.899064	0.930486	0.963800	0.916510	0.955791	0.957083	0.912480	0.968243	0.940631	0.912730	0.976652	0.933090	0.908294	0.980539	0.924969	0.906190	0.983998	0.919744	0.904239	0.986899	0.915225	0.894287	0.988626	0.903584	0.887788	0.989995	0.895825	0.884519	0.990952	0.891721	0.876238	0.997899	0.877857	0.869924	0.998719	0.870896
POS	00475	1.0021	2411605	y	V	0.022740	0.022740	1.000000	0.671180	0.671180	1.000000	0.898508	0.898595	0.999892	0.937469	0.940339	0.996755	0.954388	0.967678	0.985814	0.944154	0.979009	0.963663	0.939456	0.986634	0.951566	0.931721	0.989997	0.940576	0.925483	0.992297	0.932179	0.918274	0.993150	0.924127	0.906603	0.994868	0.910863	0.897465	0.995630	0.901013	0.892769	0.996597	0.895500	0.871759	0.997705	0.873510	0.862980	0.998044	0.864442
PSF	00475	1.0021	2411605	y	V	0.023309	0.023322	0.976729	0.668061	0.682753	0.968795	0.876077	0.907624	0.961840	0.897494	0.941522	0.950478	0.906098	0.965326	0.936581	0.895970	0.976665	0.915570	0.890637	0.983942	0.903774	0.883696	0.987600	0.893612	0.878205	0.990199	0.885906	0.871896	0.991386	0.878552	0.862701	0.994301	0.866988	0.854276	0.995249	0.857773	0.849776	0.996217	0.852526	0.829833	0.997385	0.831642	0.821608	0.997819	0.823086
POS	00475	1.0021	2411605	y	g	0.023860	0.023860	1.000000	0.673628	0.673628	1.000000	0.889175	0.889176	0.999999	0.926381	0.927020	0.999256	0.952056	0.955749	0.995957	0.958037	0.973252	0.983944	0.958404	0.981592	0.975945	0.952903	0.984986	0.966947	0.948459	0.987205	0.960263	0.942730	0.988077	0.953578	0.938895	0.993358	0.944827	0.930748	0.993990	0.936015	0.927398	0.994983	0.931756	0.908688	0.996115	0.911920	0.902876	0.997339	0.905056
PSF	00475	1.0021	2411605	y	g	0.024347	0.024357	0.983198	0.674149	0.684325	0.978418	0.880453	0.900477	0.975366	0.908740	0.934682	0.970363	0.924209	0.958868	0.962362	0.924998	0.974014	0.948403	0.924007	0.981775	0.940132	0.918949	0.985373	0.931658	0.915048	0.987853	0.925461	0.910178	0.989119	0.919383	0.904236	0.993215	0.909856	0.896817	0.994110	0.901608	0.893575	0.995112	0.897514	0.875424	0.996193	0.878362	0.869680	0.997351	0.871694
POS	00475	1.0021	2411605	z	V	0.022462	0.022462	1.000000	0.662973	0.662973	1.000000	0.887055	0.887360	0.999613	0.924117	0.927838	0.995679	0.945391	0.957157	0.987165	0.937762	0.969577	0.966192	0.934350	0.977739	0.954659	0.935402	0.985798	0.948180	0.933118	0.990250	0.941771	0.928974	0.992821	0.935257	0.917358	0.994634	0.921921	0.908538	0.995635	0.912171	0.903973	0.996704	0.906683	0.883090	0.998042	0.884622	0.874398	0.998504	0.875545
PSF	00475	1.0021	2411605	z	V	0.022766	0.022785	0.963827	0.657348	0.673372	0.965063	0.863749	0.896430	0.959501	0.887067	0.931103	0.949383	0.898762	0.956367	0.937191	0.890927	0.968769	0.917273	0.887911	0.977264	0.906639	0.886524	0.984120	0.899390	0.884559	0.988793	0.893517	0.880799	0.991523	0.887482	0.870353	0.993720	0.875167	0.862345	0.994965	0.866125	0.858209	0.996182	0.861042	0.838681	0.997739	0.840278	0.830518	0.998271	0.831715
POS	00475	1.0021	2411605	z	g	0.023727	0.023727	1.000000	0.669896	0.669896	1.000000	0.884250	0.884250	1.000000	0.920987	0.921746	0.999106	0.947100	0.950608	0.996119	0.948838	0.965789	0.981838	0.952793	0.975931	0.975722	0.957578	0.984694	0.972046	0.958838	0.989932	0.968280	0.957105	0.992968	0.963637	0.947693	0.995302	0.951951	0.940206	0.996345	0.943460	0.936845	0.997354	0.939179	0.917875	0.998470	0.919168	0.910524	0.998851	0.911478
PSF	00475	1.0021	2411605	z	g	0.023979	0.023996	0.971918	0.667225	0.679158	0.974344	0.872883	0.894880	0.972610	0.900673	0.928765	0.967510	0.917763	0.953759	0.960501	0.917241	0.968083	0.945844	0.918475	0.977011	0.938763	0.919936	0.984201	0.933725	0.920053	0.988928	0.929629	0.917950	0.991772	0.924994	0.909123	0.994259	0.913921	0.902177	0.995455	0.905908	0.899191	0.996620	0.901941	0.881423	0.998015	0.882971	0.874482	0.998474	0.875652
thin2	00475	1.0021	2411605	x	V	0.016980	0.016980	1.000000	0.401721	0.401721	1.000000	0.840322	0.840322	1.000000	0.929569	0.936966	0.991579	0.937938	0.968342	0.967609	0.934059	0.979698	0.952496	0.921406	0.986811	0.932894	0.902793	0.991047	0.910217	0.892506	0.994594	0.896857
thin2	00475	1.0021	2411605	x	g	0.018031	0.018031	1.000000	0.409981	0.409981	1.000000	0.849570	0.849570	1.000000	0.933847	0.936580	0.996885	0.946732	0.966758	0.978588	0.946892	0.977598	0.967893	0.937982	0.984574	0.951972	0.921508	0.988105	0.931846	0.919414	0.995412	0.923326
thin2	00475	1.0021	2411605	y	V	0.017202	0.017202	1.000000	0.406980	0.406980	1.000000	0.851323	0.851323	1.000000	0.945409	0.951184	0.993618	0.945712	0.978835	0.965455	0.938234	0.988476	0.948611	0.920412	0.992894	0.926515	0.900542	0.996500	0.903399	0.885389	0.997205	0.887592
thin2	00475	1.0021	2411605	y	g	0.018057	0.018057	1.000000	0.410561	0.410561	1.000000	0.850772	0.850772	1.000000	0.938182	0.939467	0.998545	0.959329	0.974007	0.984534	0.959156	0.984760	0.973607	0.946108	0.989669	0.955546	0.933405	0.995427	0.937425	0.919222	0.996034	0.922598
thin2	00475	1.0021	2411605	z	V	0.017000	0.017000	1.000000	0.402204	0.402204	1.000000	0.841333	0.841333	1.000000	0.934422	0.940044	0.993641	0.941395	0.970764	0.968864	0.935707	0.981189	0.952799	0.931237	0.992876	0.937501	0.910609	0.996161	0.913815	0.896027	0.997294	0.898211
thin2	00475	1.0021	2411605	z	g	0.017930	0.017930	1.000000	0.407686	0.407686	1.000000	0.844814	0.844814	1.000000	0.931246	0.932693	0.998337	0.950097	0.965825	0.983148	0.953959	0.978572	0.974312	0.958368	0.992668	0.965201	0.941537	0.996287	0.944852	0.929008	0.997891	0.930836
thin4	00475	1.0021	2411605	x	V	0.000022	0.000022	1.000000	0.038365	0.038365	1.000000	0.721406	0.721406	1.000000	0.885813	0.886439	0.999203	0.925206	0.932691	0.991400	0.936554	0.958707	0.975921	0.930264	0.979094	0.949116	0.921193	0.985207	0.934113	0.914137	0.987471	0.924864
thin4	00475	1.0021	2411605	x	g	0.000011	0.000011	1.000000	0.034432	0.034432	1.000000	0.734215	0.734215	1.000000	0.889705	0.889770	0.999918	0.929201	0.932653	0.996033	0.945043	0.957762	0.986142	0.945272	0.978588	0.965236	0.938732	0.984308	0.952995	0.933107	0.986201	0.945451
thin4	00475	1.0021	2411605	y	V	0.000022	0.000022	1.000000	0.038953	0.038953	1.000000	0.732472	0.732472	1.000000	0.900387	0.900562	0.999785	0.944790	0.949854	0.994389	0.949117	0.972643	0.975149	0.935561	0.989623	0.944830	0.922712	0.993816	0.928040	0.913237	0.994781	0.917634
thin4	00475	1.0021	2411605	y	g	0.000011	0.000011	1.000000	0.034433	0.034433	1.000000	0.734222	0.734222	1.000000	0.889843	0.889847	0.999996	0.935728	0.936041	0.999643	0.955504	0.963188	0.991720	0.959889	0.986313	0.972848	0.951364	0.991100	0.959563	0.943745	0.991990	0.950992
thin4	00475	1.0021	2411605	z	V	0.000022	0.000022	1.000000	0.038411	0.038411	1.000000	0.722275	0.722275	1.000000	0.887689	0.887936	0.999687	0.930999	0.936262	0.993998	0.943267	0.962818	0.978927	0.936019	0.982823	0.951586	0.931734	0.991655	0.939097	0.925493	0.994460	0.930289
thin4	00475	1.0021	2411605	z	g	0.000011	0.000011	1.000000	0.034138	0.034138	1.000000	0.727936	0.727936	1.000000	0.882232	0.882232	1.000000	0.925923	0.927094	0.998638	0.947505	0.955002	0.991783	0.956636	0.980361	0.975327	0.958741	0.990695	0.967453	0.957384	0.994946	0.962063
thin8	00475	1.0021	2411605	x	V	0.000014	0.000014	1.000000	0.000288	0.000288	1.000000	0.468849	0.468849	1.000000	0.841643	0.841661	0.999974	0.888880	0.889754	0.998897	0.920941	0.926974	0.992983	0.942364	0.963171	0.977590	0.931790	0.977926	0.951810	0.926851	0.982429	0.942475
thin8	00475	1.0021	2411605	x	g	0.000010	0.000010	1.000000	0.000187	0.000187	1.000000	0.478162	0.478162	1.000000	0.849686	0.849686	1.000000	0.891945	0.892117	0.999784	0.923211	0.925973	0.996780	0.949154	0.960717	0.987478	0.944342	0.975703	0.967083	0.941532	0.979904	0.960070
thin8	00475	1.0021	2411605	y	V	0.000014	0.000014	1.000000	0.000293	0.000293	1.000000	0.476774	0.476774	1.000000	0.855909	0.855909	0.999999	0.904869	0.905308	0.999465	0.937418	0.943169	0.993538	0.950508	0.975554	0.973700	0.933959	0.987489	0.945143	0.926625	0.990779	0.934686
thin8	00475	1.0021	2411605	y	g	0.000010	0.000010	1.000000	0.000187	0.000187	1.000000	0.478072	0.478072	1.000000	0.849526	0.849526	1.000000	0.892141	0.892142	1.000000	0.927894	0.928325	0.999500	0.959418	0.965929	0.993023	0.960894	0.984332	0.975819	0.959490	0.989348	0.969505
thin8	00475	1.0021	2411605	z	V	0.000014	0.000014	1.000000	0.000288	0.000288	1.000000	0.469302	0.469302	1.000000	0.842496	0.842496	1.000000	0.890534	0.891035	0.999369	0.924441	0.929238	0.994447	0.942214	0.963554	0.977034	0.936222	0.980808	0.953694	0.933778	0.986712	0.945670
thin8	00475	1.0021	2411605	z	g	0.000010	0.000010	1.000000	0.000186	0.000186	1.000000	0.474853	0.474853	1.000000	0.843807	0.843807	1.000000	0.886136	0.886136	1.000000	0.920601	0.921529	0.998908	0.954345	0.960118	0.993739	0.957249	0.979103	0.977214	0.957790	0.985091	0.971877
POS	00475	1.0021	2718370	x	V	0.140613	0.140613	1.000000	0.489938	0.489938	1.000000	0.880678	0.880722	0.999943	0.937730	0.938373	0.999270	0.957615	0.959790	0.997639	0.966739	0.973165	0.993217	0.970242	0.979989	0.989853	0.971333	0.984631	0.986287	0.970042	0.987744	0.981860	0.967462	0.989650	0.977351	0.964437	0.991736	0.972250	0.961004	0.992706	0.967839	0.955781	0.993466	0.961828	0.943272	0.994386	0.948323	0.939458	0.994626	0.944251
PSF	00475	1.0021	2718370	x	V	0.143564	0.144063	0.976437	0.491664	0.499050	0.970777	0.855510	0.887162	0.959967	0.900591	0.940738	0.954757	0.915010	0.960136	0.951145	0.921195	0.972444	0.945886	0.923403	0.978806	0.942243	0.923826	0.983214	0.938630	0.922799	0.986509	0.934594	0.920522	0.988557	0.930437	0.917877	0.990820	0.925750	0.914766	0.991899	0.921651	0.910898	0.993306	0.916525	0.899318	0.994447	0.903857	0.895748	0.994733	0.900017
POS	00475	1.0021	2718370	x	g	0.124363	0.124363	1.000000	0.484149	0.484149	1.000000	0.886128	0.886129	0.999999	0.941353	0.941428	0.999916	0.959928	0.960632	0.999238	0.972249	0.974257	0.997884	0.976957	0.980606	0.996206	0.979051	0.984825	0.994048	0.979598	0.988027	0.991367	0.978308	0.989805	0.988267	0.976460	0.991462	0.984740	0.974167	0.992208	0.981677	0.972081	0.994035	0.977785	0.962301	0.994737	0.967226	0.959799	0.994916	0.964529
PSF	00475	1.0021	2718370	x	g	0.126370	0.126691	0.980344	0.485758	0.491429	0.976795	0.869490	0.893366	0.970180	0.916452	0.946061	0.966978	0.931198	0.963893	0.964854	0.938688	0.975418	0.961432	0.941710	0.981076	0.959132	0.943049	0.985013	0.956778	0.942986	0.987959	0.953950	0.941677	0.989735	0.950965	0.940078	0.991522	0.947695	0.937947	0.992324	0.944801	0.935427	0.993906	0.940823	0.926305	0.994783	0.930827	0.923939	0.994990	0.928258
POS	00475	1.0021	2718370	y	V	0.144884	0.144884	1.000000	0.504819	0.504819	1.000000	0.900232	0.903687	0.995772	0.947875	0.957464	0.989544	0.959658	0.975145	0.983720	0.962225	0.985442	0.976100	0.961209	0.990075	0.970561	0.959877	0.993556	0.965890	0.956519	0.995644	0.960539	0.952522	0.996827	0.955419	0.946673	0.997419	0.948997	0.942140	0.997785	0.944114	0.936136	0.998088	0.937818	0.923263	0.998707	0.924368	0.919532	0.998962	0.920411
PSF	00475	1.0021	2718370	y	V	0.147658	0.148240	0.974105	0.503771	0.512639	0.966801	0.864741	0.905775	0.950218	0.904128	0.957395	0.942030	0.912524	0.973922	0.935379	0.914564	0.984235	0.928161	0.913100	0.988693	0.922736	0.911709	0.992182	0.918306	0.908729	0.994436	0.913373	0.905101	0.995741	0.908618	0.899660	0.996412	0.902584	0.895425	0.996828	0.897984	0.890951	0.997864	0.892653	0.878856	0.998592	0.879946	0.875332	0.998871	0.876199
POS	00475	1.0021	2718370	y	g	0.127115	0.127115	1.000000	0.494862	0.494862	1.000000	0.903388	0.904504	0.998636	0.953546	0.957839	0.995321	0.966811	0.974591	0.991811	0.972933	0.985259	0.987305	0.973461	0.989572	0.983550	0.973565	0.992844	0.980445	0.971603	0.994805	0.976558	0.969175	0.996021	0.972943	0.964994	0.996479	0.968296	0.961791	0.996748	0.964819	0.959969	0.998734	0.961139	0.949696	0.999140	0.950473	0.947197	0.999311	0.947816
PSF	00475	1.0021	2718370	y	g	0.128960	0.129324	0.978629	0.494669	0.501218	0.974264	0.878732	0.908140	0.964459	0.922463	0.959883	0.959453	0.932998	0.975739	0.955156	0.937462	0.985839	0.950258	0.937486	0.989975	0.946472	0.937437	0.993229	0.943466	0.935725	0.995327	0.939854	0.933261	0.996498	0.936332	0.929322	0.997016	0.931915	0.926274	0.997311	0.928593	0.923188	0.998588	0.924394	0.913437	0.999074	0.914210	0.911048	0.999258	0.911665
POS	00475	1.0021	2718370	z	V	0.145435	0.145435	1.000000	0.506740	0.506740	1.000000	0.894425	0.902240	0.990409	0.939147	0.954701	0.982948	0.950273	0.972093	0.976924	0.952401	0.982163	0.969164	0.952698	0.987480	0.964347	0.951785	0.991174	0.959921	0.948787	0.993435	0.954773	0.945911	0.995202	0.950245	0.940908	0.996229	0.944271	0.936739	0.996777	0.939585	0.931002	0.997206	0.933437	0.918808	0.998165	0.920363	0.915339	0.998558	0.916550
PSF	00475	1.0021	2718370	z	V	0.148420	0.148951	0.976520	0.505296	0.514081	0.967284	0.864555	0.906693	0.948987	0.899599	0.955984	0.938471	0.907232	0.972106	0.931481	0.908408	0.981931	0.923851	0.908142	0.987059	0.919085	0.906783	0.990559	0.914688	0.904151	0.993000	0.909951	0.901583	0.994908	0.905763	0.896928	0.996024	0.900150	0.892987	0.996605	0.895712	0.887668	0.997133	0.889940	0.876111	0.998156	0.877532	0.872771	0.998539	0.873887
POS	00475	1.0021	2718370	z	g	0.127332	0.127332	1.000000	0.495709	0.495709	1.000000	0.900635	0.903788	0.996141	0.948563	0.956072	0.991788	0.961479	0.972675	0.988170	0.968620	0.983880	0.984239	0.970456	0.988870	0.981173	0.971146	0.992446	0.978378	0.969665	0.994656	0.974744	0.967802	0.996165	0.971422	0.964383	0.997023	0.967169	0.961467	0.997443	0.963842	0.956561	0.997791	0.958591	0.946984	0.998549	0.948289	0.944755	0.998863	0.945772
PSF	00475	1.0021	2718370	z	g	0.129490	0.129820	0.980708	0.495736	0.502233	0.974569	0.878325	0.908669	0.963373	0.918712	0.958668	0.956602	0.928707	0.974253	0.952074	0.932391	0.983936	0.946804	0.933411	0.988613	0.943556	0.933435	0.991906	0.940600	0.932077	0.994192	0.937180	0.930540	0.995871	0.934145	0.927351	0.996799	0.930121	0.924586	0.997249	0.926950	0.920088	0.997728	0.922020	0.910935	0.998533	0.912155	0.908766	0.998839	0.909727
thin2	00475	1.0021	2718370	x	V	0.064504	0.064504	1.000000	0.275239	0.275239	1.000000	0.749997	0.749997	1.000000	0.946773	0.948037	0.998594	0.966805	0.971710	0.994806	0.971696	0.983372	0.987929	0.967476	0.989321	0.977686	0.958435	0.992932	0.965019	0.951039	0.993832	0.956687
thin2	00475	1.0021	2718370	x	g	0.052128	0.052128	1.000000	0.260619	0.260619	1.000000	0.754933	0.754933	1.000000	0.949866	0.950137	0.999700	0.969237	0.971132	0.997991	0.978849	0.983579	0.995111	0.977858	0.989210	0.988400	0.973483	0.993389	0.979831	0.968485	0.994291	0.973901
thin2	00475	1.0021	2718370	y	V	0.066505	0.066505	1.000000	0.283780	0.283780	1.000000	0.773117	0.773184	0.999887	0.953364	0.965795	0.986679	0.959520	0.982817	0.975892	0.959891	0.992405	0.966995	0.951998	0.996528	0.955166	0.938791	0.997897	0.940653	0.930547	0.998278	0.932043
thin2	00475	1.0021	2718370	y	g	0.053282	0.053282	1.000000	0.266390	0.266390	1.000000	0.771642	0.771646	0.999995	0.959457	0.965338	0.993691	0.968728	0.981476	0.986770	0.972329	0.991048	0.980945	0.967504	0.994785	0.972436	0.962326	0.998597	0.963629	0.956139	0.998862	0.957182
thin2	00475	1.0021	2718370	z	V	0.066776	0.066776	1.000000	0.284935	0.284935	1.000000	0.775483	0.775891	0.999322	0.944527	0.963125	0.979966	0.951578	0.980646	0.969791	0.950883	0.989666	0.960419	0.945089	0.994872	0.949716	0.933307	0.996965	0.935967	0.925470	0.997543	0.927584
thin2	00475	1.0021	2718370	z	g	0.053421	0.053421	1.000000	0.267086	0.267086	1.000000	0.773607	0.773632	0.999958	0.954544	0.964048	0.989778	0.964864	0.980758	0.983481	0.969570	0.990918	0.978263	0.967022	0.995846	0.970938	0.957995	0.997626	0.960184	0.952187	0.998076	0.953938
thin4	00475	1.0021	2718370	x	V	0.021424	0.021424	1.000000	0.117989	0.117989	1.000000	0.535911	0.535911	1.000000	0.885013	0.885067	0.999932	0.943367	0.944445	0.998791	0.963879	0.967917	0.995690	0.970561	0.982695	0.987438	0.968413	0.988421	0.979525	0.964046	0.990087	0.973443
thin4	00475	1.0021	2718370	x	g	0.014716	0.014716	1.000000	0.101868	0.101868	1.000000	0.531704	0.531704	1.000000	0.890222	0.890223	0.999999	0.946402	0.946609	0.999769	0.966540	0.967967	0.998477	0.977725	0.983000	0.994541	0.979396	0.989138	0.990043	0.977353	0.991080	0.986027
thin4	00475	1.0021	2718370	y	V	0.022108	0.022108	1.000000	0.121756	0.121756	1.000000	0.553021	0.553021	1.000000	0.904805	0.908882	0.995067	0.950784	0.962966	0.986869	0.960939	0.981621	0.978545	0.957853	0.991668	0.965624	0.951846	0.995470	0.955987	0.947617	0.997224	0.950124
thin4	00475	1.0021	2718370	y	g	0.015066	0.015066	1.000000	0.104288	0.104288	1.000000	0.544335	0.544335	1.000000	0.908236	0.909729	0.998197	0.957260	0.963159	0.993642	0.970244	0.981191	0.988632	0.970790	0.991029	0.979397	0.968887	0.995428	0.973218	0.966076	0.996996	0.968896
thin4	00475	1.0021	2718370	z	V	0.022194	0.022194	1.000000	0.122234	0.122234	1.000000	0.555190	0.555190	1.000000	0.900327	0.908212	0.990450	0.943639	0.961100	0.981110	0.954375	0.980110	0.973223	0.950638	0.989801	0.960043	0.944949	0.993745	0.950604	0.941235	0.995759	0.945024
thin4	00475	1.0021	2718370	z	g	0.015083	0.015083	1.000000	0.104410	0.104410	1.000000	0.544972	0.544972	1.000000	0.905259	0.908670	0.995870	0.951829	0.960912	0.990166	0.964703	0.978909	0.985179	0.967999	0.990163	0.977398	0.966638	0.994841	0.971508	0.964190	0.996597	0.967376
thin8	00475	1.0021	2718370	x	V	0.003406	0.003406	1.000000	0.058589	0.058589	1.000000	0.339542	0.339542	1.000000	0.745354	0.745354	1.000000	0.879754	0.879826	0.999907	0.938271	0.939061	0.999104	0.959236	0.963407	0.995507	0.968585	0.978397	0.989753	0.968115	0.984456	0.983143
thin8	00475	1.0021	2718370	x	g	0.002161	0.002161	1.000000	0.047996	0.047996	1.000000	0.327604	0.327604	1.000000	0.749255	0.749255	1.000000	0.884733	0.884734	0.999999	0.941584	0.941697	0.999872	0.961536	0.963108	0.998305	0.972888	0.977426	0.995250	0.979281	0.986106	0.992982
thin8	00475	1.0021	2718370	y	V	0.003519	0.003519	1.000000	0.060545	0.060545	1.000000	0.350873	0.350873	1.000000	0.769822	0.769999	0.999701	0.901108	0.904978	0.995276	0.951144	0.960955	0.989379	0.958502	0.978837	0.978786	0.956762	0.988424	0.967604	0.956461	0.994736	0.961327
thin8	00475	1.0021	2718370	y	g	0.002215	0.002215	1.000000	0.049194	0.049194	1.000000	0.335784	0.335784	1.000000	0.767884	0.767918	0.999942	0.903671	0.905169	0.998172	0.956043	0.960584	0.995079	0.966925	0.977695	0.988736	0.968663	0.987336	0.980850	0.970322	0.993739	0.976290
thin8	00475	1.0021	2718370	z	V	0.003544	0.003544	1.000000	0.060975	0.060975	1.000000	0.353370	0.353370	1.000000	0.774233	0.774877	0.998928	0.897166	0.905951	0.989307	0.944322	0.960767	0.982197	0.951607	0.978699	0.971733	0.948215	0.987429	0.959801	0.943520	0.991385	0.951320
thin8	00475	1.0021	2718370	z	g	0.002219	0.002219	1.000000	0.049290	0.049290	1.000000	0.336441	0.336441	1.000000	0.769240	0.769338	0.999834	0.899843	0.903991	0.994926	0.950087	0.958436	0.990914	0.959523	0.974823	0.983906	0.963621	0.985686	0.977297	0.966730	0.992848	0.973509
POS	00475	1.0021	4403472	x	V	0.519287	0.519287	1.000000	0.742099	0.742099	1.000000	0.903842	0.918201	0.982993	0.914500	0.947380	0.963436	0.909821	0.959723	0.945939	0.900399	0.966640	0.929275	0.887541	0.970547	0.912108	0.873654	0.974079	0.894448	0.854940	0.977470	0.872125	0.829131	0.981005	0.842660	0.813700	0.982474	0.825686	0.763739	0.983644	0.773563	0.735712	0.984744	0.744194	0.669362	0.990319	0.673771	0.649877	0.990936	0.653763
PSF	00475	1.0021	4403472	x	V	0.523693	0.537587	0.952968	0.722702	0.757717	0.939901	0.833605	0.915949	0.902653	0.839856	0.944103	0.883802	0.836404	0.957445	0.868697	0.828944	0.965400	0.854326	0.818328	0.970266	0.839378	0.806271	0.974454	0.823681	0.790283	0.978892	0.803984	0.765755	0.982126	0.776578	0.751911	0.983978	0.761231	0.705830	0.985345	0.713318	0.679936	0.986541	0.686302	0.617838	0.991660	0.621065	0.600184	0.992665	0.602857
POS	00475	1.0021	4403472	x	g	0.508218	0.508218	1.000000	0.739926	0.739926	1.000000	0.903797	0.912525	0.989528	0.922751	0.942469	0.977830	0.922986	0.954234	0.965737	0.917065	0.960307	0.953196	0.907171	0.963506	0.939451	0.895620	0.966329	0.924470	0.882362	0.971275	0.906004	0.853460	0.974933	0.872608	0.837921	0.976196	0.855399	0.769415	0.977044	0.783580	0.736802	0.977918	0.749268	0.657549	0.986495	0.663522	0.638242	0.987962	0.643245
PSF	00475	1.0021	4403472	x	g	0.514221	0.526332	0.957166	0.726888	0.757912	0.946690	0.846666	0.915954	0.917983	0.857546	0.943098	0.904337	0.857228	0.955021	0.893293	0.852279	0.961688	0.882234	0.844180	0.965720	0.870258	0.834265	0.969217	0.856972	0.821278	0.973991	0.839693	0.793464	0.977246	0.808399	0.779500	0.978935	0.792799	0.715842	0.980046	0.726429	0.685516	0.981055	0.694712	0.610067	0.988440	0.614452	0.591905	0.989726	0.595564
POS	00475	1.0021	4403472	y	V	0.513080	0.513080	1.000000	0.733228	0.733228	1.000000	0.913111	0.917793	0.994444	0.929368	0.949701	0.977481	0.924334	0.961853	0.959509	0.914717	0.968728	0.942549	0.902834	0.973300	0.925762	0.888806	0.976898	0.907889	0.870230	0.980584	0.885488	0.842389	0.983156	0.854725	0.826973	0.984807	0.837660	0.776010	0.985901	0.784718	0.747386	0.986920	0.754863	0.683568	0.995669	0.685607	0.663812	0.996478	0.665373
PSF	00475	1.0021	4403472	y	V	0.520711	0.533674	0.955432	0.720333	0.752951	0.943272	0.840868	0.915723	0.911399	0.848407	0.944479	0.892940	0.844896	0.957748	0.877608	0.837538	0.965779	0.863154	0.828021	0.971401	0.848711	0.816022	0.975713	0.832941	0.799606	0.979986	0.812881	0.774999	0.983372	0.785290	0.761041	0.985266	0.769802	0.714311	0.986588	0.721315	0.688128	0.987816	0.694018	0.627943	0.995563	0.629706	0.609865	0.996474	0.611184
POS	00475	1.0021	4403472	y	g	0.511025	0.511025	1.000000	0.744014	0.744014	1.000000	0.920574	0.923786	0.996237	0.938982	0.953597	0.983940	0.936225	0.963942	0.970203	0.929010	0.969472	0.957006	0.919657	0.973128	0.943620	0.907951	0.976050	0.928640	0.890714	0.978928	0.908126	0.858882	0.981117	0.873318	0.843452	0.982575	0.856259	0.774285	0.983536	0.784453	0.741183	0.984327	0.750035	0.664431	0.995977	0.666219	0.643977	0.996686	0.645359
PSF	00475	1.0021	4403472	y	g	0.518342	0.530698	0.957015	0.731741	0.763693	0.945915	0.853630	0.923902	0.918188	0.861593	0.949569	0.902910	0.859506	0.960563	0.890946	0.854052	0.967012	0.879682	0.846581	0.971508	0.868135	0.836554	0.975021	0.854876	0.821355	0.978463	0.836477	0.793603	0.981863	0.805410	0.779585	0.983567	0.789873	0.715793	0.984765	0.723808	0.685377	0.985791	0.692215	0.612453	0.996002	0.613962	0.593662	0.996803	0.594794
POS	00475	1.0021	4403472	z	V	0.543129	0.543129	1.000000	0.776137	0.776151	0.999975	0.913955	0.944047	0.966298	0.905972	0.964205	0.937503	0.895079	0.973518	0.917416	0.882401	0.978763	0.899625	0.869520	0.982728	0.883014	0.854949	0.985882	0.865546	0.834843	0.988361	0.843132	0.805844	0.989599	0.812727	0.791034	0.991322	0.796550	0.742617	0.992912	0.746575	0.715238	0.994100	0.718287	0.645834	0.995650	0.647662	0.626802	0.996121	0.628336
PSF	00475	1.0021	4403472	z	V	0.545498	0.561162	0.951318	0.747481	0.788330	0.935172	0.837812	0.939588	0.885513	0.831998	0.961435	0.860723	0.822454	0.971396	0.842867	0.811519	0.977313	0.827100	0.799900	0.981584	0.812087	0.786633	0.984955	0.796200	0.768161	0.987549	0.775673	0.741771	0.989059	0.747908	0.728253	0.990937	0.733137	0.683608	0.992531	0.687143	0.658486	0.993837	0.661186	0.594845	0.995714	0.596372	0.577326	0.996217	0.578594
POS	00475	1.0021	4403472	z	g	0.533315	0.533315	1.000000	0.776440	0.776451	0.999982	0.925731	0.945916	0.977469	0.924322	0.966165	0.955243	0.918077	0.974943	0.940263	0.908543	0.979315	0.926320	0.898942	0.982879	0.913242	0.887048	0.985692	0.898619	0.869243	0.988168	0.878385	0.836104	0.989259	0.843764	0.821283	0.990966	0.827479	0.754315	0.992590	0.758587	0.722351	0.993813	0.725614	0.635950	0.995229	0.637895	0.616036	0.995604	0.617716
PSF	00475	1.0021	4403472	z	g	0.536286	0.550998	0.952573	0.752461	0.790972	0.939228	0.852714	0.943325	0.898759	0.851055	0.964131	0.878882	0.845019	0.973067	0.865256	0.837001	0.978086	0.852997	0.828251	0.981850	0.841129	0.817451	0.984876	0.827843	0.801001	0.987419	0.809260	0.770740	0.988755	0.777556	0.757117	0.990556	0.762622	0.695263	0.992150	0.699109	0.665903	0.993509	0.668813	0.586580	0.995328	0.588199	0.568217	0.995726	0.569606
thin2	00475	1.0021	4403472	x	V	0.366401	0.366401	1.000000	0.628793	0.628793	1.000000	0.856561	0.858768	0.997009	0.917608	0.957849	0.956220	0.905063	0.971755	0.929515	0.884695	0.977864	0.902776	0.843413	0.984138	0.855035	0.759250	0.987840	0.766413	0.712627	0.988943	0.718351
thin2	00475	1.0021	4403472	x	g	0.345656	0.345656	1.000000	0.625465	0.625465	1.000000	0.855580	0.857183	0.997819	0.931222	0.956029	0.972890	0.924202	0.968525	0.952819	0.907694	0.973373	0.930807	0.874161	0.980137	0.889926	0.767159	0.983157	0.777376	0.708020	0.983996	0.716269
thin2	00475	1.0021	4403472	y	V	0.360481	0.360481	1.000000	0.618633	0.618633	1.000000	0.847302	0.847359	0.999920	0.930767	0.957161	0.971226	0.915254	0.969396	0.942487	0.896244	0.976323	0.916156	0.856303	0.983662	0.868657	0.770841	0.987291	0.778567	0.724044	0.988790	0.730036
thin2	00475	1.0021	4403472	y	g	0.345050	0.345050	1.000000	0.624369	0.624369	1.000000	0.857472	0.857508	0.999950	0.941483	0.960620	0.979279	0.929488	0.970538	0.956476	0.914194	0.976139	0.935091	0.878633	0.981904	0.893095	0.771357	0.985229	0.780382	0.712209	0.986394	0.719275
thin2	00475	1.0021	4403472	z	V	0.380305	0.380305	1.000000	0.652654	0.652654	1.000000	0.878264	0.885636	0.990611	0.904508	0.968722	0.931718	0.885884	0.979471	0.902644	0.863704	0.984463	0.875640	0.820894	0.989399	0.828179	0.737829	0.992568	0.741927	0.693083	0.994309	0.695843
thin2	00475	1.0021	4403472	z	g	0.358327	0.358327	1.000000	0.648394	0.648394	1.000000	0.879544	0.884694	0.993425	0.925900	0.970512	0.952703	0.913063	0.980209	0.930212	0.895285	0.984460	0.908118	0.857919	0.988979	0.866200	0.751992	0.991963	0.756602	0.694663	0.993685	0.697743
thin4	00475	1.0021	4403472	x	V	0.222920	0.222920	1.000000	0.485592	0.485592	1.000000	0.772915	0.772927	0.999979	0.913102	0.929771	0.980743	0.915131	0.954972	0.956399	0.904854	0.966210	0.934423	0.881044	0.973544	0.902655	0.848000	0.979861	0.863042	0.827667	0.981886	0.840500
thin4	00475	1.0021	4403472	x	g	0.193616	0.193616	1.000000	0.473480	0.473480	1.000000	0.774038	0.774071	0.999945	0.916182	0.926453	0.988044	0.926741	0.950996	0.973215	0.922104	0.961432	0.957523	0.903257	0.967398	0.931616	0.876987	0.974158	0.897875	0.857435	0.975701	0.876144
thin4	00475	1.0021	4403472	y	V	0.219290	0.219290	1.000000	0.477683	0.477683	1.000000	0.760354	0.760354	1.000000	0.919147	0.925584	0.992491	0.929330	0.954818	0.972078	0.917855	0.965388	0.949087	0.895941	0.973925	0.917960	0.863204	0.980723	0.878103	0.843845	0.983587	0.855897
thin4	00475	1.0021	4403472	y	g	0.193406	0.193406	1.000000	0.472966	0.472966	1.000000	0.773274	0.773274	1.000000	0.927947	0.932134	0.995183	0.940007	0.957500	0.980935	0.931252	0.965845	0.962964	0.913681	0.972694	0.937734	0.884561	0.978071	0.902460	0.866488	0.980660	0.881553
thin4	00475	1.0021	4403472	z	V	0.231964	0.231964	1.000000	0.505293	0.505293	1.000000	0.803529	0.803874	0.999467	0.918062	0.950814	0.963836	0.906499	0.969509	0.933101	0.892665	0.979119	0.909989	0.868000	0.986161	0.878703	0.830501	0.989713	0.837732	0.810561	0.991896	0.815965
thin4	00475	1.0021	4403472	z	g	0.201867	0.201867	1.000000	0.493659	0.493659	1.000000	0.806436	0.806735	0.999541	0.932586	0.954320	0.976162	0.928221	0.971832	0.953885	0.919276	0.980392	0.936495	0.900139	0.986605	0.911276	0.866820	0.989579	0.874805	0.848259	0.991834	0.854225
thin8	00475	1.0021	4403472	x	V	0.122587	0.122587	1.000000	0.339906	0.339906	1.000000	0.668804	0.668804	1.000000	0.862201	0.866041	0.994884	0.909198	0.926207	0.980203	0.914280	0.949332	0.961183	0.905091	0.965001	0.935810	0.886236	0.971582	0.909820	0.870592	0.973996	0.891309
thin8	00475	1.0021	4403472	x	g	0.095911	0.095911	1.000000	0.318939	0.318939	1.000000	0.670374	0.670374	1.000000	0.862599	0.865184	0.996548	0.914120	0.924886	0.987426	0.924507	0.946544	0.975436	0.921258	0.960743	0.957294	0.906498	0.966190	0.936195	0.894143	0.968029	0.921351
thin8	00475	1.0021	4403472	y	V	0.121275	0.121275	1.000000	0.336267	0.336267	1.000000	0.661644	0.661644	1.000000	0.860860	0.861005	0.999804	0.922101	0.928192	0.992934	0.934772	0.955221	0.977612	0.922820	0.969532	0.950380	0.905593	0.977285	0.925064	0.891288	0.980726	0.907179
thin8	00475	1.0021	4403472	y	g	0.096301	0.096301	1.000000	0.320236	0.320236	1.000000	0.673099	0.673099	1.000000	0.871503	0.871600	0.999873	0.931960	0.936066	0.995315	0.946308	0.959930	0.985226	0.938275	0.971874	0.964463	0.924367	0.978102	0.943901	0.913244	0.980876	0.929799
thin8	00475	1.0021	4403472	z	V	0.128278	0.128278	1.000000	0.355686	0.355686	1.000000	0.699851	0.699851	1.000000	0.889654	0.899658	0.987654	0.919141	0.952492	0.963302	0.912492	0.970237	0.938769	0.892040	0.980215	0.908395	0.871308	0.985919	0.882288	0.856720	0.989045	0.864928
thin8	00475	1.0021	4403472	z	g	0.100484	0.100484	1.000000	0.334145	0.334145	1.000000	0.702335	0.702335	1.000000	0.894704	0.901726	0.991372	0.934902	0.957331	0.975553	0.934245	0.974044	0.958097	0.918680	0.982252	0.934186	0.902449	0.987262	0.913081	0.891710	0.990249	0.899610
POS	00475	1.0021	4640948	x	V	0.186026	0.186026	1.000000	0.440439	0.440440	0.999995	0.661850	0.676884	0.967532	0.696741	0.734180	0.931802	0.691651	0.755121	0.891643	0.683443	0.792742	0.832130	0.674289	0.809105	0.801854	0.668139	0.824115	0.779258	0.710981	0.907369	0.766624	0.738113	0.961715	0.760458	0.727176	0.966488	0.745985	0.718395	0.970482	0.734444	0.684634	0.974316	0.697217	0.649368	0.984315	0.656157	0.616809	0.986555	0.622038
PSF	00475	1.0021	4640948	x	V	0.200417	0.204016	0.919093	0.428154	0.457355	0.870227	0.582232	0.675171	0.808784	0.608264	0.733799	0.780487	0.606262	0.758855	0.750932	0.601207	0.802296	0.705767	0.593016	0.820477	0.681435	0.587399	0.837006	0.663269	0.594032	0.898976	0.636523	0.618474	0.958793	0.635362	0.609140	0.963774	0.623414	0.601884	0.968173	0.614033	0.573716	0.972465	0.583190	0.544359	0.983434	0.549397	0.517054	0.985846	0.520921
POS	00475	1.0021	4640948	x	g	0.124439	0.124439	1.000000	0.373138	0.373138	0.999997	0.599380	0.604980	0.984791	0.651920	0.669583	0.961109	0.658466	0.692473	0.930595	0.675288	0.747655	0.874635	0.673145	0.766356	0.846964	0.672224	0.783241	0.825865	0.737541	0.888434	0.812823	0.781347	0.954863	0.811313	0.772967	0.960110	0.798614	0.766352	0.964611	0.788522	0.722443	0.969153	0.739446	0.684482	0.981091	0.693632	0.644676	0.983583	0.651688
PSF	00475	1.0021	4640948	x	g	0.132458	0.133663	0.936266	0.368846	0.384808	0.898913	0.549398	0.604494	0.857709	0.591738	0.668885	0.836883	0.598563	0.694090	0.813053	0.613414	0.753049	0.767881	0.612929	0.774481	0.746088	0.613031	0.793554	0.729349	0.639594	0.879254	0.701182	0.679361	0.950751	0.704140	0.671907	0.956169	0.693260	0.666211	0.960981	0.684734	0.628683	0.966418	0.642724	0.596347	0.979756	0.603787	0.561738	0.982491	0.567418
POS	00475	1.0021	4640948	y	V	0.244970	0.244970	1.000000	0.578865	0.579281	0.998761	0.832300	0.872715	0.947292	0.824654	0.920883	0.887535	0.803305	0.942257	0.844897	0.752855	0.968325	0.771863	0.727028	0.980343	0.737783	0.701036	0.986071	0.708047	0.631092	0.989967	0.635154	0.592601	0.991775	0.595528	0.580017	0.993399	0.582261	0.569606	0.994367	0.571450	0.539337	0.995130	0.540765	0.503822	0.996858	0.504623	0.476937	0.997363	0.477539
PSF	00475	1.0021	4640948	y	V	0.250849	0.259135	0.886940	0.532669	0.587956	0.849957	0.681726	0.850786	0.774305	0.674240	0.901065	0.728145	0.661872	0.928007	0.697697	0.624182	0.959317	0.641154	0.604197	0.973518	0.614293	0.583992	0.981062	0.590651	0.526508	0.986070	0.530453	0.494932	0.988661	0.497757	0.484660	0.990701	0.486875	0.476115	0.991936	0.477965	0.450948	0.992923	0.452402	0.421445	0.995038	0.422333	0.399045	0.995709	0.399732
POS	00475	1.0021	4640948	y	g	0.183829	0.183829	1.000000	0.546961	0.548469	0.994998	0.824452	0.861989	0.949830	0.826660	0.918310	0.892276	0.812373	0.940967	0.855999	0.753331	0.972225	0.769900	0.727054	0.983690	0.735926	0.700273	0.988883	0.705830	0.611757	0.992427	0.614626	0.569611	0.993854	0.571625	0.558666	0.994988	0.560242	0.549669	0.995702	0.550976	0.513549	0.996247	0.514545	0.476924	0.997646	0.477461	0.447211	0.998000	0.447612
PSF	00475	1.0021	4640948	y	g	0.187096	0.191442	0.891778	0.515053	0.558793	0.868071	0.692046	0.842455	0.794923	0.688161	0.897568	0.746811	0.679000	0.923550	0.719437	0.636886	0.962859	0.652926	0.616579	0.976773	0.625753	0.595248	0.983631	0.601203	0.520679	0.988032	0.523983	0.485261	0.990079	0.487632	0.476122	0.991516	0.478070	0.468583	0.992438	0.470262	0.437937	0.993183	0.439257	0.406850	0.994846	0.407710	0.381594	0.995344	0.382276
POS	00475	1.0021	4640948	z	V	0.262384	0.262384	1.000000	0.618682	0.619656	0.997465	0.833170	0.902978	0.915090	0.805404	0.941880	0.847525	0.775079	0.958221	0.802188	0.717447	0.979062	0.728626	0.685721	0.985725	0.692599	0.659069	0.989820	0.663568	0.591355	0.991969	0.594200	0.554882	0.993423	0.556928	0.542540	0.994445	0.544189	0.532700	0.995324	0.534037	0.504242	0.995933	0.505282	0.470576	0.997063	0.471229	0.445433	0.997538	0.445924
PSF	00475	1.0021	4640948	z	V	0.264437	0.275765	0.865541	0.538988	0.614409	0.814499	0.664690	0.877712	0.732528	0.649607	0.925202	0.685613	0.629464	0.946614	0.652632	0.585356	0.971665	0.595521	0.561320	0.980824	0.567548	0.540571	0.986450	0.544615	0.485518	0.989367	0.488064	0.455932	0.991434	0.457735	0.446042	0.992905	0.447469	0.438132	0.994120	0.439270	0.414833	0.994946	0.415709	0.387259	0.996368	0.387806	0.366627	0.996987	0.367034
POS	00475	1.0021	4640948	z	g	0.185206	0.185206	1.000000	0.554033	0.554503	0.998471	0.821986	0.863638	0.944577	0.824692	0.920594	0.887849	0.806519	0.940887	0.849567	0.756971	0.978971	0.769482	0.726695	0.987619	0.733376	0.699370	0.992448	0.703112	0.608937	0.994158	0.611124	0.566594	0.995200	0.568146	0.555430	0.996031	0.556662	0.546390	0.996641	0.547398	0.510368	0.997058	0.511138	0.473526	0.997848	0.474010	0.444020	0.998201	0.444375
PSF	00475	1.0021	4640948	z	g	0.190367	0.195409	0.880639	0.509742	0.562286	0.845077	0.689358	0.855062	0.780568	0.687965	0.913890	0.735652	0.674531	0.937310	0.706400	0.627270	0.973043	0.638364	0.602816	0.982914	0.609200	0.580917	0.988870	0.584740	0.506522	0.991522	0.508725	0.471746	0.993230	0.473268	0.462700	0.994471	0.463894	0.455438	0.995518	0.456374	0.425531	0.996144	0.426233	0.394950	0.997219	0.395386	0.370387	0.997680	0.370707
thin2	00475	1.0021	4640948	x	V	0.108436	0.108436	1.000000	0.285246	0.285246	1.000000	0.578847	0.581158	0.993176	0.688107	0.731517	0.920607	0.662485	0.759421	0.838451	0.667338	0.806538	0.794518	0.737911	0.954843	0.764593	0.697423	0.966329	0.714793	0.687383	0.979509	0.697412
thin2	00475	1.0021	4640948	x	g	0.063064	0.063064	1.000000	0.219273	0.219273	1.000000	0.504343	0.505100	0.997036	0.646145	0.665620	0.956681	0.645976	0.704413	0.886193	0.668206	0.761981	0.844469	0.781548	0.946413	0.817734	0.737524	0.959002	0.761535	0.730533	0.975743	0.744046
thin2	00475	1.0021	4640948	y	V	0.145799	0.145799	1.000000	0.383529	0.383529	1.000000	0.765088	0.774486	0.984387	0.813877	0.928075	0.868667	0.771125	0.965612	0.792900	0.712453	0.983897	0.720858	0.587630	0.991622	0.590562	0.545475	0.994509	0.547123	0.526041	0.995665	0.527249
thin2	00475	1.0021	4640948	y	g	0.095402	0.095402	1.000000	0.331692	0.331697	0.999951	0.740023	0.751232	0.980236	0.817564	0.923256	0.877175	0.785867	0.969195	0.805999	0.716314	0.987053	0.723108	0.565471	0.993642	0.567525	0.521525	0.995749	0.522688	0.501485	0.996590	0.502347
thin2	00475	1.0021	4640948	z	V	0.155483	0.155483	1.000000	0.409004	0.409004	1.000000	0.789556	0.811383	0.967052	0.793376	0.946434	0.830676	0.737274	0.975541	0.751159	0.673640	0.988361	0.679026	0.552883	0.993572	0.554868	0.512595	0.995792	0.513708	0.494009	0.996560	0.494853
thin2	00475	1.0021	4640948	z	g	0.096789	0.096789	1.000000	0.336538	0.336538	1.000000	0.749160	0.761309	0.979144	0.822569	0.933266	0.873974	0.781668	0.973961	0.798352	0.710961	0.990992	0.715586	0.558810	0.995262	0.560301	0.514959	0.996892	0.515787	0.494931	0.997430	0.495563
thin4	00475	1.0021	4640948	x	V	0.057171	0.057171	1.000000	0.163504	0.163504	1.000000	0.483719	0.483748	0.999874	0.668772	0.684775	0.966236	0.688629	0.738109	0.911288	0.689681	0.780042	0.856190	0.663703	0.811745	0.784446	0.746049	0.954865	0.773320	0.733706	0.967597	0.752187
thin4	00475	1.0021	4640948	x	g	0.030092	0.030092	1.000000	0.104945	0.104945	1.000000	0.416030	0.416038	0.999954	0.606396	0.612222	0.984550	0.653555	0.676859	0.949956	0.681671	0.732548	0.907537	0.665860	0.769232	0.832072	0.790810	0.947055	0.827390	0.782247	0.961818	0.807317
thin4	00475	1.0021	4640948	y	V	0.076015	0.076015	1.000000	0.217395	0.217395	1.000000	0.641103	0.641951	0.997943	0.850061	0.892440	0.947093	0.821905	0.936952	0.870023	0.771432	0.963010	0.794989	0.706098	0.983296	0.714671	0.600306	0.990969	0.603608	0.578234	0.993028	0.580592
thin4	00475	1.0021	4640948	y	g	0.044694	0.044694	1.000000	0.155868	0.155868	1.000000	0.611598	0.614005	0.993630	0.861045	0.889970	0.963627	0.837282	0.937983	0.886349	0.786846	0.968276	0.807668	0.711351	0.986403	0.718396	0.581953	0.993264	0.584258	0.560557	0.994803	0.562204
thin4	00475	1.0021	4640948	z	V	0.080156	0.080156	1.000000	0.229239	0.229239	1.000000	0.671830	0.674438	0.994278	0.844639	0.912860	0.918713	0.803930	0.951739	0.838095	0.752438	0.977815	0.765506	0.676515	0.988970	0.681658	0.571754	0.993517	0.573895	0.549821	0.994600	0.551467
thin4	00475	1.0021	4640948	z	g	0.045087	0.045087	1.000000	0.157239	0.157239	1.000000	0.620179	0.621403	0.996834	0.847947	0.886371	0.951363	0.838214	0.942795	0.883129	0.793205	0.977304	0.808090	0.711522	0.991562	0.715856	0.578746	0.995279	0.580339	0.556742	0.996020	0.557984
thin8	00475	1.0021	4640948	x	V	0.021508	0.021508	1.000000	0.102157	0.102157	1.000000	0.329597	0.329597	1.000000	0.591590	0.595000	0.990404	0.643374	0.661199	0.959783	0.667533	0.715463	0.908797	0.659217	0.763971	0.827815	0.650142	0.794357	0.781711	0.637250	0.806137	0.752582
thin8	00475	1.0021	4640948	x	g	0.010564	0.010564	1.000000	0.061047	0.061047	1.000000	0.260181	0.260181	1.000000	0.510897	0.512211	0.995002	0.568651	0.575392	0.979813	0.611312	0.638043	0.935862	0.644469	0.710194	0.874431	0.649558	0.746634	0.833219	0.638889	0.758534	0.801999
thin8	00475	1.0021	4640948	y	V	0.028688	0.028688	1.000000	0.136258	0.136258	1.000000	0.439620	0.439620	1.000000	0.779135	0.788845	0.984447	0.837660	0.874678	0.951907	0.822373	0.925121	0.881016	0.756182	0.960606	0.780382	0.716681	0.983329	0.725496	0.685552	0.987818	0.691397
thin8	00475	1.0021	4640948	y	g	0.016060	0.016060	1.000000	0.092807	0.092807	1.000000	0.395302	0.395370	0.999567	0.754351	0.766498	0.979424	0.824639	0.855427	0.958180	0.838317	0.928676	0.896006	0.760919	0.965653	0.782086	0.717974	0.987238	0.724700	0.684694	0.990796	0.689077
thin8	00475	1.0021	4640948	z	V	0.030762	0.030762	1.000000	0.146112	0.146112	1.000000	0.471350	0.471370	0.999912	0.804241	0.828763	0.964515	0.826830	0.898562	0.911952	0.796800	0.942784	0.837289	0.729996	0.978939	0.741644	0.672394	0.986402	0.678684	0.642774	0.990723	0.646667
thin8	00475	1.0021	4640948	z	g	0.016224	0.016224	1.000000	0.093752	0.093752	1.000000	0.399542	0.399549	0.999954	0.757872	0.771968	0.976473	0.806403	0.849012	0.941411	0.812949	0.917906	0.876691	0.775910	0.981857	0.787196	0.711578	0.987866	0.717853	0.680431	0.993051	0.683686
POS	00475	1.0021	4858892	x	V	0.242491	0.242491	1.000000	0.440039	0.440039	1.000000	0.675585	0.676043	0.998999	0.740660	0.748862	0.985427	0.798017	0.810573	0.980959	0.835833	0.854505	0.974523	0.869125	0.894634	0.968235	0.895015	0.929138	0.960585	0.902098	0.945326	0.951755	0.903971	0.952179	0.946963	0.903317	0.958524	0.940061	0.899545	0.962746	0.931987	0.895195	0.965911	0.924400	0.883083	0.975296	0.903288	0.828932	0.981173	0.842330
PSF	00475	1.0021	4858892	x	V	0.252805	0.254470	0.974766	0.453972	0.460141	0.971312	0.677855	0.698330	0.958539	0.731786	0.768269	0.939062	0.773215	0.823954	0.926233	0.801594	0.864948	0.916276	0.827087	0.902977	0.907759	0.840091	0.931964	0.894979	0.845025	0.947742	0.886323	0.845310	0.953962	0.881261	0.845191	0.960859	0.875328	0.841845	0.965369	0.868060	0.837800	0.968686	0.861121	0.825339	0.977738	0.841146	0.773569	0.983126	0.783978
POS	00475	1.0021	4858892	x	g	0.219450	0.219450	1.000000	0.412944	0.412944	1.000000	0.646849	0.647022	0.999586	0.715662	0.721607	0.988621	0.778152	0.787051	0.985678	0.822312	0.834881	0.982022	0.862486	0.879484	0.978082	0.896749	0.919321	0.973350	0.907574	0.937656	0.965857	0.912202	0.945634	0.962689	0.914471	0.953139	0.957521	0.911367	0.957571	0.949718	0.907689	0.960774	0.942622	0.896050	0.970644	0.921009	0.841287	0.976874	0.858383
PSF	00475	1.0021	4858892	x	g	0.226072	0.227190	0.978687	0.422224	0.426557	0.976508	0.649211	0.663187	0.968559	0.711108	0.736461	0.953825	0.762783	0.798210	0.945014	0.798850	0.843467	0.937896	0.832611	0.886481	0.931979	0.856551	0.922318	0.923149	0.865588	0.940448	0.915784	0.868047	0.947521	0.911888	0.869781	0.954999	0.906953	0.867183	0.959782	0.899882	0.864045	0.963307	0.893450	0.852662	0.973319	0.873069	0.799633	0.979234	0.813426
POS	00475	1.0021	4858892	y	V	0.247613	0.247613	1.000000	0.449334	0.449334	1.000000	0.690277	0.690578	0.999368	0.758099	0.765813	0.986886	0.817677	0.829410	0.982992	0.859487	0.876071	0.978450	0.896817	0.918889	0.973914	0.928439	0.956967	0.968890	0.940074	0.976005	0.962315	0.941912	0.983061	0.957451	0.939558	0.988785	0.949678	0.934125	0.992419	0.940838	0.926042	0.993804	0.931419	0.902362	0.997306	0.904566	0.837722	0.998051	0.839095
PSF	00475	1.0021	4858892	y	V	0.257120	0.258937	0.973441	0.459989	0.467145	0.967769	0.686635	0.709310	0.955514	0.745218	0.782966	0.939238	0.793645	0.843546	0.930632	0.826217	0.887585	0.922779	0.851210	0.925866	0.913470	0.867008	0.957116	0.902050	0.870798	0.972619	0.892682	0.871019	0.979013	0.887592	0.867649	0.984187	0.879915	0.862444	0.987805	0.871726	0.856266	0.990016	0.863724	0.836715	0.995104	0.840174	0.778734	0.997213	0.780432
POS	00475	1.0021	4858892	y	g	0.224088	0.224088	1.000000	0.421671	0.421671	1.000000	0.660645	0.660774	0.999704	0.731712	0.737470	0.989443	0.795819	0.804480	0.986653	0.841927	0.853905	0.983612	0.884883	0.900523	0.980752	0.922162	0.942451	0.977188	0.939967	0.964849	0.973297	0.945039	0.973222	0.970269	0.945749	0.980119	0.964247	0.944072	0.985595	0.957281	0.939700	0.988677	0.949922	0.923064	0.996552	0.926021	0.857765	0.998278	0.859036
PSF	00475	1.0021	4858892	y	g	0.230063	0.231236	0.978429	0.428620	0.433449	0.974670	0.658877	0.674055	0.966955	0.724579	0.750414	0.954641	0.781723	0.816032	0.948963	0.821186	0.863746	0.943394	0.855666	0.907636	0.937280	0.882902	0.945855	0.929901	0.893430	0.965182	0.923184	0.896150	0.972575	0.919383	0.895679	0.978991	0.913232	0.892712	0.983803	0.906029	0.888302	0.986795	0.898987	0.870249	0.993429	0.875287	0.811168	0.996778	0.813301
POS	00475	1.0021	4858892	z	V	0.258581	0.258581	1.000000	0.469237	0.469237	1.000000	0.721602	0.721611	0.999982	0.791143	0.799632	0.986759	0.842225	0.860014	0.976029	0.874156	0.902548	0.965265	0.901986	0.941493	0.955546	0.921438	0.974192	0.944493	0.916335	0.984626	0.929637	0.912679	0.988811	0.922203	0.903818	0.990923	0.911363	0.894289	0.992135	0.900674	0.887087	0.993867	0.891969	0.862721	0.996404	0.865415	0.801150	0.997295	0.802895
PSF	00475	1.0021	4858892	z	V	0.270029	0.271732	0.977323	0.482591	0.489737	0.970653	0.714593	0.740152	0.953903	0.768162	0.812985	0.933033	0.807515	0.870025	0.918295	0.831016	0.910152	0.905281	0.845228	0.943346	0.890428	0.854491	0.971785	0.876230	0.849269	0.982255	0.862502	0.846281	0.986828	0.855950	0.839554	0.989960	0.846764	0.831358	0.991638	0.837228	0.824394	0.993252	0.829038	0.802156	0.996151	0.804650	0.745043	0.997174	0.746620
POS	00475	1.0021	4858892	z	g	0.230116	0.230116	1.000000	0.433013	0.433013	1.000000	0.678749	0.678749	1.000000	0.752706	0.758152	0.990547	0.817419	0.826359	0.986938	0.862322	0.875825	0.982435	0.903458	0.922176	0.978027	0.937917	0.963316	0.972658	0.942232	0.978982	0.961686	0.943675	0.985598	0.956869	0.939583	0.990070	0.948522	0.930701	0.991715	0.937994	0.924769	0.993967	0.929989	0.899003	0.996577	0.901788	0.834138	0.997502	0.835884
PSF	00475	1.0021	4858892	z	g	0.239288	0.240330	0.982199	0.445661	0.450214	0.977812	0.683195	0.698834	0.968282	0.748986	0.776763	0.954431	0.801519	0.841024	0.944641	0.836105	0.887027	0.935751	0.863670	0.928052	0.925648	0.885308	0.964102	0.915486	0.886069	0.978324	0.903813	0.885802	0.984181	0.898596	0.881399	0.988444	0.890576	0.873948	0.990665	0.881205	0.868160	0.992846	0.873625	0.844972	0.996159	0.847733	0.784268	0.997290	0.785943
thin2	00475	1.0021	4858892	x	V	0.171415	0.171415	1.000000	0.325282	0.325282	1.000000	0.569140	0.569146	0.999983	0.772530	0.781858	0.984792	0.841804	0.860345	0.975039	0.892365	0.922171	0.965045	0.905846	0.950989	0.950206	0.898939	0.964985	0.929250	0.891967	0.969060	0.918114
thin2	00475	1.0021	4858892	x	g	0.153807	0.153807	1.000000	0.298647	0.298647	1.000000	0.539045	0.539048	0.999987	0.750155	0.756683	0.988631	0.828579	0.840991	0.982499	0.891458	0.910739	0.976803	0.914563	0.944265	0.966751	0.911146	0.959691	0.947403	0.905518	0.964100	0.937117
thin2	00475	1.0021	4858892	y	V	0.174833	0.174833	1.000000	0.331767	0.331767	1.000000	0.580504	0.580504	1.000000	0.789792	0.798604	0.986221	0.864770	0.881091	0.979030	0.922247	0.947377	0.972041	0.941314	0.979845	0.959900	0.929692	0.992068	0.936654	0.918618	0.994228	0.923543
thin2	00475	1.0021	4858892	y	g	0.156901	0.156901	1.000000	0.304655	0.304655	1.000000	0.549900	0.549900	1.000000	0.766270	0.772566	0.989477	0.847574	0.859326	0.984121	0.914672	0.932086	0.979983	0.941357	0.968043	0.971549	0.944934	0.987890	0.956007	0.938595	0.992287	0.945493
thin2	00475	1.0021	4858892	z	V	0.182829	0.182829	1.000000	0.346941	0.346941	1.000000	0.607054	0.607054	1.000000	0.820597	0.832406	0.983005	0.880458	0.908863	0.965721	0.917457	0.966140	0.947937	0.915954	0.988387	0.925919	0.891292	0.993231	0.896739	0.881504	0.995947	0.884678
thin2	00475	1.0021	4858892	z	g	0.161357	0.161357	1.000000	0.313308	0.313308	1.000000	0.565517	0.565517	1.000000	0.788819	0.795053	0.990157	0.868412	0.882160	0.982371	0.931837	0.954170	0.975498	0.945830	0.984161	0.960450	0.928024	0.992847	0.934271	0.919695	0.996157	0.922969
thin4	00475	1.0021	4858892	x	V	0.115093	0.115093	1.000000	0.229244	0.229244	1.000000	0.452463	0.452463	1.000000	0.672732	0.673099	0.999191	0.767725	0.776598	0.985336	0.819584	0.835273	0.977596	0.886214	0.916094	0.964502	0.900629	0.943824	0.951642	0.901851	0.953236	0.943599
thin4	00475	1.0021	4858892	x	g	0.101712	0.101712	1.000000	0.206114	0.206114	1.000000	0.420929	0.420929	1.000000	0.640909	0.641015	0.999741	0.742265	0.748310	0.989235	0.800102	0.810851	0.983702	0.885002	0.903281	0.977645	0.906275	0.934194	0.968077	0.912218	0.945746	0.962591
thin4	00475	1.0021	4858892	y	V	0.118403	0.118403	1.000000	0.235839	0.235839	1.000000	0.465479	0.465479	1.000000	0.692592	0.692768	0.999633	0.791492	0.800035	0.986689	0.846245	0.861256	0.979820	0.925978	0.950572	0.972818	0.943418	0.980747	0.961220	0.936223	0.986051	0.948788
thin4	00475	1.0021	4858892	y	g	0.104836	0.104836	1.000000	0.212445	0.212445	1.000000	0.433858	0.433858	1.000000	0.660675	0.660755	0.999817	0.765951	0.771909	0.990023	0.825744	0.836535	0.984619	0.917212	0.934006	0.980774	0.940885	0.966944	0.972154	0.943144	0.976894	0.964664
thin4	00475	1.0021	4858892	z	V	0.123433	0.123433	1.000000	0.245856	0.245856	1.000000	0.485250	0.485250	1.000000	0.722382	0.722414	0.999939	0.822335	0.832684	0.985113	0.866583	0.889678	0.970916	0.922550	0.968657	0.950936	0.915638	0.986385	0.927358	0.906170	0.990431	0.914173
thin4	00475	1.0021	4858892	z	g	0.107675	0.107675	1.000000	0.218198	0.218198	1.000000	0.445607	0.445607	1.000000	0.678771	0.678771	1.000000	0.788253	0.793784	0.991238	0.846372	0.858399	0.983715	0.934279	0.955446	0.976836	0.945174	0.982297	0.961553	0.942026	0.989599	0.951446
thin8	00475	1.0021	4858892	x	V	0.078975	0.078975	1.000000	0.154715	0.154715	1.000000	0.345013	0.345013	1.000000	0.574389	0.574389	1.000000	0.665490	0.665687	0.999555	0.738829	0.746259	0.986704	0.826484	0.842292	0.977795	0.882587	0.909938	0.967065	0.903271	0.937686	0.960954
thin8	00475	1.0021	4858892	x	g	0.070249	0.070249	1.000000	0.137417	0.137417	1.000000	0.315722	0.315722	1.000000	0.541032	0.541032	1.000000	0.632505	0.632516	0.999973	0.711402	0.716527	0.990046	0.807773	0.818453	0.984102	0.877808	0.895506	0.977983	0.906666	0.928166	0.975087
thin8	00475	1.0021	4858892	y	V	0.080213	0.080213	1.000000	0.157142	0.157142	1.000000	0.350425	0.350425	1.000000	0.583399	0.583399	1.000000	0.676199	0.676292	0.999796	0.752203	0.759061	0.988131	0.843859	0.858080	0.980739	0.907799	0.930586	0.973735	0.935181	0.962201	0.970848
thin8	00475	1.0021	4858892	y	g	0.071526	0.071526	1.000000	0.139915	0.139915	1.000000	0.321460	0.321460	1.000000	0.550866	0.550866	1.000000	0.644005	0.644014	0.999976	0.725263	0.730149	0.990859	0.823883	0.834231	0.985167	0.897880	0.914168	0.980542	0.929382	0.948553	0.978716
thin8	00475	1.0021	4858892	z	V	0.084442	0.084442	1.000000	0.165427	0.165427	1.000000	0.368899	0.368899	1.000000	0.614155	0.614155	1.000000	0.712067	0.712077	0.999981	0.786428	0.796222	0.984600	0.861196	0.888895	0.965081	0.910279	0.955924	0.950158	0.923509	0.981042	0.940289
thin8	00475	1.0021	4858892	z	g	0.073682	0.073682	1.000000	0.144133	0.144133	1.000000	0.331151	0.331151	1.000000	0.567474	0.567474	1.000000	0.663446	0.663446	1.000000	0.747911	0.752699	0.991567	0.847866	0.859087	0.984829	0.919070	0.938871	0.977567	0.948971	0.973038	0.974597
POS	00475	1.0021	5406938	x	V	0.677271	0.677271	1.000000	0.825371	0.825371	1.000000	0.914296	0.914503	0.999752	0.954926	0.956553	0.998222	0.970264	0.975796	0.994190	0.973771	0.985233	0.988194	0.970637	0.990458	0.979799	0.965949	0.992892	0.972676	0.963112	0.994661	0.968117	0.959746	0.996114	0.963353	0.949750	0.997199	0.952290	0.943625	0.997854	0.945544	0.939780	0.998201	0.941374	0.918002	0.998971	0.918870	0.915205	0.999173	0.915899
PSF	00475	1.0021	5406938	x	V	0.679415	0.695296	0.967474	0.813679	0.841560	0.960877	0.881270	0.923138	0.951055	0.905597	0.958460	0.942593	0.913774	0.974757	0.935921	0.914479	0.983009	0.929165	0.911568	0.988393	0.921431	0.907869	0.991293	0.915167	0.905674	0.993381	0.911172	0.903279	0.995319	0.907133	0.894646	0.996888	0.897152	0.888923	0.997588	0.890837	0.885388	0.997998	0.886964	0.864978	0.998856	0.865836	0.862374	0.999081	0.863058
POS	00475	1.0021	5406938	x	g	0.686504	0.686504	1.000000	0.822311	0.822311	1.000000	0.902622	0.902648	0.999968	0.948163	0.948850	0.999237	0.967551	0.970345	0.997032	0.973800	0.981056	0.992462	0.974555	0.988258	0.985972	0.971855	0.991568	0.979953	0.970922	0.994049	0.976599	0.969485	0.996356	0.972935	0.958564	0.997566	0.960811	0.951746	0.998152	0.953426	0.947693	0.998453	0.949087	0.923197	0.999147	0.923925	0.920762	0.999303	0.921353
PSF	00475	1.0021	5406938	x	g	0.687800	0.700905	0.973536	0.814145	0.835793	0.969167	0.880001	0.911205	0.962543	0.913385	0.952750	0.956723	0.925432	0.971202	0.951543	0.928502	0.980584	0.945892	0.927523	0.987018	0.938978	0.924574	0.990190	0.933121	0.923428	0.992581	0.929846	0.922019	0.994914	0.926385	0.913357	0.997129	0.915765	0.907046	0.997835	0.908835	0.903331	0.998227	0.904782	0.880194	0.999063	0.880921	0.877908	0.999245	0.878491
POS	00475	1.0021	5406938	y	V	0.661335	0.661335	1.000000	0.805951	0.805951	1.000000	0.892397	0.892779	0.999521	0.932609	0.934105	0.998285	0.952828	0.955549	0.997021	0.964935	0.969163	0.995499	0.974901	0.980920	0.993746	0.979940	0.988268	0.991474	0.979851	0.991428	0.988223	0.977539	0.993426	0.983904	0.971803	0.996799	0.974845	0.965382	0.997363	0.967852	0.961690	0.997833	0.963703	0.939660	0.998730	0.940784	0.936906	0.998988	0.937796
PSF	00475	1.0021	5406938	y	V	0.661417	0.677337	0.965684	0.796155	0.822142	0.961814	0.867327	0.904485	0.954776	0.895482	0.941271	0.948475	0.908522	0.959911	0.944353	0.914802	0.971048	0.940453	0.919199	0.980362	0.936442	0.920825	0.986183	0.932860	0.920506	0.989298	0.929765	0.919043	0.991746	0.926127	0.913337	0.995030	0.917523	0.907910	0.995954	0.911271	0.904679	0.996574	0.907501	0.884682	0.997919	0.886318	0.882247	0.998278	0.883592
POS	00475	1.0021	5406938	y	g	0.649985	0.649985	1.000000	0.778567	0.778567	1.000000	0.854240	0.854432	0.999737	0.897665	0.898325	0.999182	0.918995	0.920176	0.998605	0.931996	0.933890	0.997829	0.943247	0.946039	0.996881	0.949687	0.953748	0.995536	0.953261	0.958366	0.994443	0.955329	0.962299	0.992475	0.954416	0.968385	0.985110	0.959111	0.974830	0.983466	0.959158	0.977220	0.981094	0.971830	0.997487	0.974215	0.970285	0.998169	0.972015
PSF	00475	1.0021	5406938	y	g	0.656273	0.668598	0.972677	0.779995	0.798998	0.970411	0.847753	0.873480	0.966424	0.883922	0.915294	0.962672	0.900796	0.935713	0.960222	0.910111	0.948065	0.957866	0.918076	0.959010	0.955573	0.921857	0.965644	0.953118	0.923399	0.969375	0.951146	0.923945	0.972657	0.948584	0.921380	0.978061	0.940825	0.921644	0.982365	0.937150	0.920853	0.984375	0.934512	0.916657	0.996113	0.919947	0.915141	0.996779	0.917855
POS	00475	1.0021	5406938	z	V	0.650295	0.650295	1.000000	0.792496	0.792496	1.000000	0.876490	0.877334	0.998904	0.913526	0.916659	0.996272	0.930052	0.936005	0.993209	0.938104	0.947392	0.989658	0.943692	0.956763	0.985729	0.943012	0.961025	0.980512	0.943605	0.964428	0.977630	0.944445	0.967942	0.974941	0.948041	0.975980	0.970690	0.951715	0.981740	0.968866	0.950989	0.983717	0.966199	0.950135	0.995805	0.953954	0.948594	0.996727	0.951558
PSF	00475	1.0021	5406938	z	V	0.653083	0.667865	0.967221	0.782071	0.808148	0.960376	0.845479	0.885390	0.949383	0.876410	0.923379	0.945144	0.889511	0.941839	0.941211	0.895133	0.952447	0.937009	0.898396	0.960971	0.932418	0.897526	0.965257	0.927489	0.897795	0.968609	0.924700	0.898277	0.972062	0.922083	0.899657	0.979198	0.917186	0.899994	0.983333	0.913935	0.899088	0.985247	0.911358	0.894719	0.995626	0.898249	0.893294	0.996590	0.896032
POS	00475	1.0021	5406938	z	g	0.646958	0.646958	1.000000	0.774942	0.774942	1.000000	0.850056	0.850341	0.999605	0.892116	0.893416	0.998371	0.911530	0.914220	0.996783	0.921539	0.926346	0.994400	0.929849	0.936947	0.991919	0.934007	0.943452	0.989396	0.935876	0.947168	0.987422	0.937788	0.950996	0.985407	0.944829	0.961160	0.982335	0.950025	0.967845	0.980987	0.952796	0.971638	0.980053	0.972358	0.995411	0.976736	0.972039	0.996727	0.975152
PSF	00475	1.0021	5406938	z	g	0.651691	0.664451	0.971377	0.771622	0.792409	0.967122	0.833463	0.863447	0.960002	0.870516	0.905716	0.957263	0.887037	0.925906	0.954812	0.895316	0.937655	0.951988	0.901651	0.947669	0.948897	0.903302	0.953088	0.945332	0.904795	0.956762	0.943368	0.906450	0.960620	0.941433	0.910903	0.969825	0.937472	0.913970	0.975651	0.935304	0.914688	0.978480	0.933466	0.919890	0.995415	0.923804	0.919267	0.996586	0.922172
thin2	00475	1.0021	5406938	x	V	0.537422	0.537422	1.000000	0.760076	0.760076	1.000000	0.881077	0.881087	0.999987	0.960031	0.963119	0.996671	0.975039	0.984944	0.989792	0.970588	0.992142	0.978108	0.960030	0.995968	0.963776	0.947777	0.998012	0.949570	0.926255	0.998563	0.927491
thin2	00475	1.0021	5406938	x	g	0.551658	0.551658	1.000000	0.765005	0.765005	1.000000	0.872882	0.872882	0.999999	0.955828	0.957507	0.998169	0.977427	0.982694	0.994547	0.974936	0.990770	0.983872	0.967401	0.995845	0.971322	0.955342	0.998314	0.956886	0.930080	0.998815	0.931108
thin2	00475	1.0021	5406938	y	V	0.524609	0.524609	1.000000	0.741955	0.741955	1.000000	0.860053	0.860071	0.999975	0.939722	0.941454	0.998046	0.963067	0.967144	0.995641	0.976388	0.983194	0.992960	0.978329	0.993380	0.984749	0.970197	0.997655	0.972414	0.948306	0.998271	0.949866
thin2	00475	1.0021	5406938	y	g	0.522038	0.522038	1.000000	0.723931	0.723931	1.000000	0.825995	0.826005	0.999986	0.906211	0.906947	0.999106	0.931322	0.933111	0.997947	0.946422	0.949592	0.996484	0.954842	0.962343	0.991902	0.953279	0.969872	0.982370	0.971383	0.992935	0.978144
thin2	00475	1.0021	5406938	z	V	0.517018	0.517018	1.000000	0.731219	0.731219	1.000000	0.847492	0.847563	0.999901	0.921055	0.925175	0.995189	0.937603	0.947145	0.989369	0.944763	0.959859	0.983626	0.944988	0.968882	0.974566	0.947647	0.978526	0.967773	0.948273	0.990851	0.956649
thin2	00475	1.0021	5406938	z	g	0.519711	0.519711	1.000000	0.720703	0.720703	1.000000	0.822292	0.822311	0.999973	0.899890	0.901700	0.997774	0.920454	0.925442	0.994178	0.931625	0.939857	0.990686	0.938497	0.951751	0.985379	0.944000	0.962878	0.979654	0.968314	0.989114	0.978745
thin4	00475	1.0021	5406938	x	V	0.330800	0.330800	1.000000	0.642611	0.642611	1.000000	0.834688	0.834688	1.000000	0.909776	0.910220	0.999464	0.963968	0.967528	0.996198	0.974867	0.982413	0.992183	0.968758	0.992665	0.975742	0.958163	0.995774	0.962075	0.949293	0.996712	0.952276
thin4	00475	1.0021	5406938	x	g	0.340385	0.340385	1.000000	0.652547	0.652547	1.000000	0.828662	0.828662	1.000000	0.895809	0.895926	0.999854	0.959927	0.961295	0.998520	0.973015	0.976897	0.995933	0.973553	0.990796	0.982438	0.967401	0.996158	0.971024	0.957844	0.997086	0.960532
thin4	00475	1.0021	5406938	y	V	0.322263	0.322263	1.000000	0.626027	0.626027	1.000000	0.813147	0.813147	1.000000	0.886064	0.886600	0.999319	0.942073	0.944054	0.997778	0.956889	0.960659	0.995915	0.977522	0.984228	0.993078	0.980557	0.994300	0.986099	0.973526	0.996279	0.977078
thin4	00475	1.0021	5406938	y	g	0.321326	0.321326	1.000000	0.616009	0.616009	1.000000	0.782263	0.782263	1.000000	0.845329	0.845583	0.999644	0.907111	0.907922	0.999017	0.922442	0.924131	0.998021	0.945658	0.948759	0.996555	0.956393	0.962284	0.993640	0.954377	0.966857	0.986656
thin4	00475	1.0021	5406938	z	V	0.316554	0.316554	1.000000	0.614936	0.614936	1.000000	0.798742	0.798742	1.000000	0.869118	0.870220	0.998546	0.920370	0.924695	0.994943	0.929443	0.938147	0.990117	0.942488	0.957550	0.983584	0.943830	0.966468	0.975783	0.948201	0.974185	0.972640
thin4	00475	1.0021	5406938	z	g	0.319622	0.319622	1.000000	0.612743	0.612743	1.000000	0.778115	0.778115	1.000000	0.840499	0.840910	0.999419	0.899844	0.901811	0.997583	0.911092	0.915841	0.994341	0.929768	0.938066	0.990575	0.938301	0.950406	0.986607	0.944541	0.959208	0.984069
thin8	00475	1.0021	5406938	x	V	0.186821	0.186821	1.000000	0.497210	0.497210	1.000000	0.776135	0.776135	1.000000	0.880381	0.880384	0.999996	0.914399	0.914764	0.999564	0.933046	0.936258	0.996336	0.975160	0.982267	0.992635	0.975555	0.989772	0.985490	0.971186	0.993973	0.976939
thin8	00475	1.0021	5406938	x	g	0.195493	0.195493	1.000000	0.510643	0.510643	1.000000	0.775896	0.775896	1.000000	0.868090	0.868090	1.000000	0.900834	0.900915	0.999900	0.922664	0.923607	0.998895	0.974063	0.976913	0.997013	0.976542	0.984803	0.991483	0.972739	0.989519	0.982865
thin8	00475	1.0021	5406938	y	V	0.181960	0.181960	1.000000	0.484273	0.484273	1.000000	0.755939	0.755939	1.000000	0.857424	0.857449	0.999965	0.890338	0.890814	0.999399	0.911224	0.913144	0.997698	0.956251	0.959944	0.995993	0.965445	0.971716	0.993360	0.974313	0.982529	0.991490
thin8	00475	1.0021	5406938	y	g	0.185755	0.185755	1.000000	0.485205	0.485205	1.000000	0.737245	0.737245	1.000000	0.824816	0.824829	0.999980	0.855675	0.855881	0.999718	0.877035	0.877752	0.999070	0.928100	0.929510	0.998369	0.938532	0.941075	0.997129	0.949156	0.952789	0.995998
thin8	00475	1.0021	5406938	z	V	0.179726	0.179726	1.000000	0.478326	0.478326	1.000000	0.746657	0.746657	1.000000	0.846784	0.846860	0.999894	0.878092	0.879174	0.998602	0.896490	0.900046	0.995613	0.935572	0.943499	0.991100	0.940386	0.952897	0.986231	0.944349	0.961079	0.981900
thin8	00475	1.0021	5406938	z	g	0.184602	0.184602	1.000000	0.482194	0.482194	1.000000	0.732670	0.732670	1.000000	0.819664	0.819692	0.999958	0.849982	0.850362	0.999474	0.870074	0.871490	0.998136	0.917559	0.921239	0.995664	0.924386	0.930890	0.992498	0.932369	0.941204	0.990032
POS	00475	1.0021	5557744	x	V	0.214803	0.214803	1.000000	0.475069	0.475069	1.000000	0.808458	0.873805	0.915329	0.793429	0.928128	0.845370	0.751495	0.960614	0.775386	0.698250	0.971791	0.712696	0.657560	0.981981	0.665591	0.606614	0.985342	0.612138	0.573126	0.988251	0.577058	0.545323	0.990177	0.548289	0.479578	0.991737	0.481502	0.463512	0.992564	0.465127	0.454534	0.993383	0.455914	0.418164	0.995106	0.419026	0.398689	0.995929	0.399340
PSF	00475	1.0021	5557744	x	V	0.226656	0.230931	0.924492	0.464629	0.492490	0.891459	0.684769	0.857659	0.772570	0.671897	0.914967	0.716647	0.638335	0.950952	0.660067	0.595699	0.965265	0.608749	0.561472	0.976500	0.569163	0.519714	0.982128	0.524676	0.491324	0.985575	0.494883	0.467908	0.988188	0.470540	0.411670	0.990098	0.413372	0.398022	0.991215	0.399431	0.390413	0.992254	0.391606	0.359320	0.994345	0.360055	0.342622	0.995282	0.343179
POS	00475	1.0021	5557744	x	g	0.164284	0.164284	1.000000	0.398781	0.398781	1.000000	0.753001	0.791123	0.939856	0.771809	0.855285	0.887740	0.754527	0.899540	0.823958	0.770680	0.963826	0.793635	0.726393	0.980659	0.736951	0.662160	0.986361	0.668279	0.619932	0.989256	0.624134	0.585514	0.991621	0.588425	0.497582	0.993104	0.499307	0.479810	0.993908	0.481226	0.471164	0.994709	0.472347	0.427646	0.996029	0.428376	0.403690	0.996658	0.404237
PSF	00475	1.0021	5557744	x	g	0.176623	0.179240	0.923622	0.400249	0.420491	0.892640	0.666078	0.797308	0.801858	0.676531	0.862778	0.758103	0.666109	0.915387	0.709813	0.647040	0.956424	0.666694	0.609180	0.973634	0.619399	0.557719	0.982274	0.563389	0.522787	0.986089	0.526671	0.494536	0.989603	0.497119	0.420518	0.991552	0.422030	0.405596	0.992564	0.406832	0.398380	0.993572	0.399410	0.361734	0.995251	0.362360	0.341513	0.996000	0.341982
POS	00475	1.0021	5557744	y	V	0.166904	0.166904	1.000000	0.369134	0.369134	1.000000	0.740423	0.740992	0.998963	0.829063	0.839947	0.984611	0.856160	0.905268	0.940415	0.839797	0.940077	0.887294	0.801950	0.955230	0.833269	0.749993	0.964594	0.771224	0.712407	0.969626	0.728668	0.681111	0.973683	0.693885	0.603358	0.978549	0.611446	0.586030	0.982159	0.592336	0.576898	0.985221	0.581933	0.532756	0.988953	0.535946	0.509685	0.991837	0.511832
PSF	00475	1.0021	5557744	y	V	0.174132	0.175149	0.967728	0.377361	0.383642	0.958419	0.691040	0.737349	0.916689	0.747858	0.823682	0.890400	0.766298	0.886719	0.849458	0.756748	0.925674	0.805704	0.727279	0.944472	0.759765	0.683057	0.956282	0.705075	0.650610	0.962935	0.667322	0.623759	0.968682	0.636597	0.553049	0.974107	0.561300	0.537693	0.978406	0.544150	0.529587	0.981867	0.534817	0.489567	0.986312	0.492916	0.468410	0.989306	0.470794
POS	00475	1.0021	5557744	y	g	0.136401	0.136401	1.000000	0.331097	0.331097	1.000000	0.697573	0.698111	0.998898	0.783017	0.790439	0.988150	0.824644	0.861608	0.950549	0.868160	0.933294	0.925593	0.831720	0.955735	0.865042	0.766119	0.965374	0.787766	0.720927	0.970207	0.737248	0.683796	0.974319	0.696347	0.584955	0.978538	0.592557	0.566980	0.982301	0.572831	0.558959	0.985450	0.563611	0.509405	0.989003	0.512307	0.483194	0.992669	0.484925
PSF	00475	1.0021	5557744	y	g	0.143954	0.144629	0.968579	0.342796	0.347816	0.959599	0.668747	0.707353	0.924545	0.730607	0.791856	0.904266	0.762851	0.862139	0.868835	0.773280	0.917424	0.831127	0.741374	0.940673	0.777739	0.687402	0.953879	0.711034	0.649565	0.961075	0.667116	0.619100	0.968062	0.632009	0.530601	0.973360	0.538421	0.514792	0.977814	0.520876	0.507787	0.981393	0.512723	0.463290	0.985714	0.466422	0.439520	0.989543	0.441571
POS	00475	1.0021	5557744	z	V	0.231185	0.231185	1.000000	0.510767	0.510947	0.999310	0.772335	0.883502	0.859907	0.745215	0.931564	0.788375	0.696476	0.957946	0.718442	0.652457	0.974282	0.663891	0.612361	0.982851	0.618975	0.566555	0.988201	0.570413	0.535236	0.991229	0.537783	0.509126	0.993090	0.510936	0.447515	0.994493	0.448626	0.432589	0.995484	0.433440	0.424044	0.996071	0.424754	0.389927	0.997569	0.390298	0.371561	0.998047	0.371832
PSF	00475	1.0021	5557744	z	V	0.238637	0.243008	0.929908	0.484028	0.514664	0.890486	0.665530	0.863670	0.743654	0.644827	0.915662	0.685543	0.606322	0.946366	0.627898	0.572669	0.968191	0.583650	0.539839	0.979833	0.545905	0.499692	0.985691	0.503343	0.472447	0.989358	0.474861	0.449639	0.991644	0.451349	0.395376	0.993345	0.396426	0.382242	0.994465	0.383057	0.374769	0.995220	0.375445	0.344712	0.996966	0.345074	0.328528	0.997575	0.328791
POS	00475	1.0021	5557744	z	g	0.000000	0.000000	0.000000	0.000000	0.000000	0.000000	0.000000	0.000000	0.000000	0.000207	0.001555	0.000239	0.001321	0.011053	0.001498	0.002811	0.025815	0.003144	0.034079	0.329450	0.036619	0.080040	0.813629	0.081534	0.089518	0.962630	0.089830	0.086560	0.987327	0.086656	0.073613	0.990592	0.073665	0.071111	0.993449	0.071144	0.069830	0.994604	0.069857	0.063347	0.996069	0.063363	0.059838	0.997603	0.059847
PSF	00475	1.0021	5557744	z	g	0.000011	0.000031	0.000018	0.000029	0.000153	0.000036	0.000283	0.002797	0.000314	0.000922	0.010301	0.001011	0.002510	0.031393	0.002720	0.003685	0.050797	0.003957	0.021623	0.318876	0.022670	0.049061	0.776408	0.049764	0.055339	0.930981	0.055567	0.054204	0.967335	0.054304	0.046522	0.979070	0.046569	0.045231	0.988023	0.045256	0.044479	0.990518	0.044497	0.040427	0.993845	0.040437	0.038217	0.996145	0.038223
thin2	00475	1.0021	5557744	x	V	0.153449	0.153449	1.000000	0.292919	0.292919	1.000000	0.725842	0.733109	0.986527	0.779916	0.945137	0.816899	0.715703	0.975641	0.728725	0.621643	0.983808	0.628069	0.548364	0.990191	0.551359	0.465992	0.992853	0.467561	0.453344	0.994053	0.454577
thin2	00475	1.0021	5557744	x	g	0.111754	0.111754	1.000000	0.235343	0.235343	1.000000	0.634665	0.640008	0.987016	0.761517	0.872837	0.856547	0.748601	0.933605	0.790695	0.680717	0.984125	0.688275	0.590812	0.991839	0.593699	0.485753	0.994315	0.487106	0.473343	0.995349	0.474393
thin2	00475	1.0021	5557744	y	V	0.118803	0.118803	1.000000	0.226783	0.226783	1.000000	0.575337	0.575337	1.000000	0.843858	0.867609	0.968579	0.848707	0.934941	0.901976	0.768594	0.961608	0.792926	0.687906	0.974216	0.700662	0.592384	0.983607	0.598291	0.578637	0.987109	0.583043
thin2	00475	1.0021	5557744	y	g	0.092570	0.092570	1.000000	0.194944	0.194944	1.000000	0.537118	0.537118	1.000000	0.802357	0.820937	0.972566	0.845133	0.906015	0.926345	0.786266	0.961512	0.811816	0.692075	0.975011	0.704573	0.576512	0.984019	0.581961	0.564088	0.987454	0.568160
thin2	00475	1.0021	5557744	z	V	0.164262	0.164262	1.000000	0.313560	0.313560	1.000000	0.748467	0.768595	0.966195	0.725296	0.941045	0.759821	0.664213	0.971119	0.677598	0.583940	0.986829	0.588527	0.514714	0.993079	0.516567	0.437218	0.995717	0.438042	0.425206	0.996735	0.425799
thin2	00475	1.0021	5557744	z	g	0.000000	0.000000	0.000000	0.000000	0.000000	0.000000	0.000000	0.000000	0.000000	0.000506	0.004095	0.000577	0.002840	0.026110	0.003177	0.063970	0.658518	0.066165	0.084197	0.980708	0.084337	0.069874	0.993278	0.069907	0.068071	0.994509	0.068096
thin4	00475	1.0021	5557744	x	V	0.109309	0.109309	1.000000	0.196093	0.196093	1.000000	0.507931	0.507944	0.999949	0.808856	0.881949	0.907061	0.781380	0.942566	0.820443	0.728863	0.970109	0.745608	0.625383	0.983349	0.632076	0.569850	0.988978	0.573493	0.540957	0.990960	0.543640
thin4	00475	1.0021	5557744	x	g	0.074699	0.074699	1.000000	0.147662	0.147662	1.000000	0.423293	0.423378	0.999529	0.763283	0.808193	0.932139	0.767286	0.876548	0.860247	0.767518	0.936794	0.809435	0.679694	0.984252	0.687167	0.613396	0.990195	0.617145	0.579585	0.992459	0.582148
thin4	00475	1.0021	5557744	y	V	0.084813	0.084813	1.000000	0.152148	0.152148	1.000000	0.394133	0.394133	1.000000	0.753419	0.753847	0.999247	0.841454	0.864272	0.969579	0.849726	0.923131	0.914428	0.772424	0.961855	0.796833	0.711925	0.972294	0.726666	0.680786	0.977898	0.691424
thin4	00475	1.0021	5557744	y	g	0.062246	0.062246	1.000000	0.123046	0.123046	1.000000	0.352965	0.352965	1.000000	0.721100	0.721684	0.998880	0.810114	0.827556	0.974643	0.852146	0.903797	0.937150	0.781368	0.962168	0.806135	0.712997	0.972727	0.727541	0.678068	0.978117	0.688513
thin4	00475	1.0021	5557744	z	V	0.117668	0.117668	1.000000	0.211088	0.211088	1.000000	0.544139	0.545082	0.996831	0.781721	0.897965	0.857928	0.732064	0.945351	0.764413	0.679240	0.971022	0.693293	0.584204	0.986348	0.588966	0.532707	0.992754	0.534787	0.505272	0.994322	0.506734
thin4	00475	1.0021	5557744	z	g	0.000000	0.000000	0.000000	0.000000	0.000000	0.000000	0.000000	0.000000	0.000000	0.000000	0.000000	0.000000	0.000350	0.002536	0.000406	0.001964	0.015877	0.002236	0.081751	0.739789	0.084171	0.097217	0.960940	0.097602	0.094639	0.990898	0.094721
thin8	00475	1.0021	5557744	x	V	0.062069	0.062069	1.000000	0.145797	0.145797	1.000000	0.337450	0.337450	1.000000	0.739969	0.750567	0.981276	0.797619	0.874280	0.900955	0.789381	0.938053	0.832794	0.723747	0.972299	0.738984	0.667818	0.982768	0.675731	0.604699	0.986212	0.609854
thin8	00475	1.0021	5557744	x	g	0.032765	0.032765	1.000000	0.104179	0.104179	1.000000	0.274673	0.274673	1.000000	0.640616	0.647629	0.983378	0.732086	0.778712	0.924397	0.756050	0.850141	0.872305	0.762758	0.929129	0.809877	0.758985	0.980978	0.770322	0.670028	0.987016	0.675987
thin8	00475	1.0021	5557744	y	V	0.047749	0.047749	1.000000	0.112161	0.112161	1.000000	0.259599	0.259599	1.000000	0.588426	0.588426	1.000000	0.743248	0.744642	0.997488	0.829986	0.846559	0.976955	0.857204	0.928734	0.917558	0.825893	0.958402	0.856598	0.756899	0.966771	0.777116
thin8	00475	1.0021	5557744	y	g	0.027433	0.027433	1.000000	0.087224	0.087224	1.000000	0.229969	0.229969	1.000000	0.551390	0.551390	1.000000	0.701946	0.703328	0.997209	0.790781	0.801905	0.982759	0.852955	0.902474	0.939559	0.865316	0.958508	0.898991	0.772122	0.968342	0.792117
thin8	00475	1.0021	5557744	z	V	0.066254	0.066254	1.000000	0.155629	0.155629	1.000000	0.360207	0.360207	1.000000	0.754718	0.781278	0.956897	0.784069	0.894715	0.863765	0.749168	0.943266	0.784518	0.673991	0.968093	0.689303	0.628177	0.984779	0.634336	0.569513	0.989221	0.573069
thin8	00475	1.0021	5557744	z	g	0.000000	0.000000	0.000000	0.000000	0.000000	0.000000	0.000000	0.000000	0.000000	0.000000	0.000000	0.000000	0.000000	0.000000	0.000000	0.000127	0.000917	0.000148	0.001743	0.014448	0.001979	0.003010	0.027326	0.003372	0.091907	0.866357	0.093229
POS	00475	1.0021	5888846	x	V	0.473842	0.473842	1.000000	0.703389	0.703389	1.000000	0.898946	0.898946	1.000000	0.934773	0.934811	0.999957	0.956288	0.957179	0.999027	0.967915	0.971529	0.996171	0.970744	0.978881	0.991510	0.970040	0.982708	0.986885	0.967382	0.985133	0.981715	0.965967	0.987238	0.978181	0.962150	0.988427	0.973112	0.960895	0.989880	0.970428	0.957302	0.990859	0.965831	0.947856	0.994222	0.953106	0.947012	0.996962	0.949753
PSF	00475	1.0021	5888846	x	V	0.478720	0.481883	0.986476	0.706505	0.714216	0.984948	0.891918	0.908331	0.980143	0.921929	0.941989	0.977423	0.936909	0.961490	0.973437	0.943265	0.973430	0.968192	0.944249	0.979960	0.962841	0.943487	0.983810	0.958368	0.940804	0.986223	0.953333	0.939033	0.988150	0.949728	0.935435	0.989422	0.944885	0.933662	0.990596	0.942011	0.930162	0.991588	0.937561	0.920575	0.994778	0.925045	0.918952	0.997107	0.921409
POS	00475	1.0021	5888846	x	g	0.453525	0.453525	1.000000	0.694106	0.694106	1.000000	0.899298	0.899298	1.000000	0.933858	0.933861	0.999997	0.955242	0.955367	0.999862	0.968433	0.969632	0.998725	0.973711	0.977350	0.996191	0.974478	0.981263	0.992954	0.972883	0.983584	0.988941	0.972336	0.985611	0.986337	0.969824	0.986872	0.982500	0.969549	0.988409	0.980699	0.967084	0.989668	0.976948	0.961416	0.994181	0.966856	0.961797	0.997109	0.964487
PSF	00475	1.0021	5888846	x	g	0.456715	0.459379	0.987459	0.695692	0.702381	0.986498	0.893906	0.907390	0.983648	0.924916	0.940780	0.982095	0.941484	0.960222	0.979694	0.950070	0.972394	0.976406	0.953025	0.979057	0.972858	0.953568	0.982917	0.969638	0.951966	0.985251	0.965728	0.951095	0.987129	0.963037	0.948568	0.988373	0.959272	0.947781	0.989655	0.957264	0.944984	0.990725	0.953419	0.937998	0.994512	0.942878	0.937813	0.997172	0.940314
POS	00475	1.0021	5888846	y	V	0.474852	0.474852	1.000000	0.704888	0.704888	1.000000	0.900862	0.900862	1.000000	0.936751	0.936796	0.999949	0.958954	0.959541	0.999363	0.973374	0.975332	0.997943	0.980804	0.985044	0.995631	0.982008	0.989877	0.991970	0.981669	0.993534	0.987981	0.979328	0.995201	0.983974	0.976025	0.996710	0.979179	0.973242	0.997399	0.975719	0.968605	0.997878	0.970604	0.954386	0.998812	0.955470	0.949050	0.999152	0.949815
PSF	00475	1.0021	5888846	y	V	0.478829	0.482200	0.985611	0.706848	0.714881	0.984352	0.891389	0.908717	0.979056	0.921450	0.942445	0.976395	0.937183	0.962370	0.972833	0.946110	0.975690	0.968951	0.951246	0.984444	0.965762	0.952150	0.989206	0.962146	0.951285	0.992629	0.958053	0.949283	0.994462	0.954328	0.946518	0.996227	0.949923	0.943953	0.996997	0.946644	0.939761	0.997650	0.941845	0.926258	0.998761	0.927324	0.921110	0.999123	0.921855
POS	00475	1.0021	5888846	y	g	0.456017	0.456017	1.000000	0.697919	0.697919	1.000000	0.904238	0.904238	1.000000	0.938983	0.938988	0.999994	0.960586	0.960665	0.999914	0.975384	0.975788	0.999575	0.984289	0.985375	0.998882	0.986788	0.990198	0.996522	0.987759	0.993865	0.993819	0.986517	0.995573	0.990863	0.984931	0.997355	0.987511	0.982790	0.997961	0.984767	0.978624	0.998389	0.980172	0.965697	0.999209	0.966436	0.960920	0.999428	0.961448
PSF	00475	1.0021	5888846	y	g	0.458180	0.460942	0.987089	0.698107	0.704922	0.986341	0.896205	0.910268	0.983054	0.927306	0.943782	0.981522	0.944445	0.963573	0.979414	0.954860	0.976739	0.977079	0.960992	0.985094	0.975173	0.962999	0.989747	0.972703	0.963381	0.993159	0.969817	0.962361	0.994986	0.967050	0.960797	0.996779	0.963790	0.958849	0.997466	0.961190	0.955324	0.998186	0.956985	0.942988	0.999169	0.943728	0.938357	0.999410	0.938878
POS	00475	1.0021	5888846	z	V	0.479360	0.479360	1.000000	0.711580	0.711580	1.000000	0.909414	0.909414	1.000000	0.945737	0.945737	1.000000	0.966049	0.967631	0.998311	0.972864	0.979648	0.992932	0.972615	0.985506	0.986730	0.970796	0.988809	0.981581	0.967291	0.990831	0.976027	0.964525	0.992259	0.971838	0.960187	0.993193	0.966548	0.957322	0.993809	0.963065	0.954873	0.995409	0.959097	0.942359	0.997147	0.944907	0.937284	0.997590	0.939411
PSF	00475	1.0021	5888846	z	V	0.482685	0.485746	0.987112	0.711246	0.719238	0.984618	0.897470	0.914541	0.979626	0.926773	0.947974	0.976438	0.941310	0.967346	0.972202	0.945941	0.978451	0.966067	0.945599	0.984325	0.960056	0.944201	0.987866	0.955280	0.941419	0.990251	0.950225	0.939147	0.991925	0.946383	0.935220	0.993033	0.941396	0.932592	0.993748	0.938096	0.930263	0.995399	0.934280	0.918065	0.997157	0.920475	0.913113	0.997601	0.915123
POS	00475	1.0021	5888846	z	g	0.458551	0.458551	1.000000	0.701798	0.701798	1.000000	0.909264	0.909264	1.000000	0.944212	0.944212	1.000000	0.965375	0.965725	0.999625	0.975835	0.978696	0.997013	0.978813	0.985316	0.993302	0.979143	0.989055	0.989869	0.977111	0.991193	0.985668	0.975224	0.992561	0.982405	0.971722	0.993337	0.978097	0.969337	0.993797	0.975238	0.967458	0.995383	0.971820	0.956109	0.996946	0.958918	0.951637	0.997298	0.954096
PSF	00475	1.0021	5888846	z	g	0.460887	0.463513	0.987857	0.701409	0.708295	0.986329	0.900563	0.914701	0.983126	0.931233	0.948075	0.981280	0.947579	0.967511	0.978722	0.954458	0.978870	0.974536	0.955963	0.984826	0.970254	0.955795	0.988347	0.966689	0.954056	0.990638	0.962737	0.952630	0.992242	0.959778	0.949608	0.993241	0.955784	0.947567	0.993863	0.953145	0.945818	0.995514	0.949867	0.934806	0.997142	0.937317	0.930430	0.997497	0.932607
thin2	00475	1.0021	5888846	x	V	0.285919	0.285919	1.000000	0.584827	0.584827	1.000000	0.830819	0.830819	1.000000	0.941022	0.941166	0.999838	0.967222	0.970550	0.996467	0.970350	0.980192	0.989758	0.965042	0.986549	0.977909	0.960030	0.989966	0.969463	0.954273	0.991690	0.961965
thin2	00475	1.0021	5888846	x	g	0.255586	0.255586	1.000000	0.570145	0.570145	1.000000	0.829172	0.829172	1.000000	0.939703	0.939726	0.999974	0.967792	0.968815	0.998910	0.973702	0.978628	0.994858	0.971698	0.985132	0.986160	0.969329	0.988909	0.979983	0.966032	0.991462	0.974135
thin2	00475	1.0021	5888846	y	V	0.286784	0.286784	1.000000	0.586596	0.586596	1.000000	0.833334	0.833334	1.000000	0.943947	0.944054	0.999880	0.973289	0.975089	0.998107	0.982063	0.987647	0.994276	0.978104	0.994809	0.983121	0.971775	0.997632	0.974022	0.963667	0.998192	0.965352
thin2	00475	1.0021	5888846	y	g	0.257235	0.257235	1.000000	0.573824	0.573824	1.000000	0.834522	0.834522	1.000000	0.945759	0.945785	0.999970	0.975402	0.975761	0.999623	0.985938	0.987971	0.997917	0.985528	0.995394	0.990043	0.981215	0.998254	0.982901	0.973820	0.998752	0.975006
thin2	00475	1.0021	5888846	z	V	0.289600	0.289600	1.000000	0.592358	0.592358	1.000000	0.841518	0.841518	1.000000	0.953127	0.953280	0.999832	0.972866	0.979606	0.992978	0.971687	0.987162	0.984123	0.963554	0.992149	0.970957	0.956136	0.994341	0.961368	0.950921	0.996375	0.954222
thin2	00475	1.0021	5888846	z	g	0.258537	0.258537	1.000000	0.576727	0.576727	1.000000	0.838745	0.838745	1.000000	0.950587	0.950593	0.999993	0.975988	0.978498	0.997379	0.978794	0.986831	0.991747	0.974355	0.992189	0.981887	0.968187	0.994048	0.973832	0.963787	0.996056	0.967479
thin4	00475	1.0021	5888846	x	V	0.178236	0.178236	1.000000	0.425426	0.425426	1.000000	0.728061	0.728061	1.000000	0.900149	0.900149	0.999999	0.941346	0.941495	0.999832	0.963116	0.965819	0.997102	0.970334	0.980566	0.989361	0.966054	0.984952	0.980526	0.962404	0.987222	0.974543
thin4	00475	1.0021	5888846	x	g	0.146341	0.146341	1.000000	0.401854	0.401854	1.000000	0.720186	0.720186	1.000000	0.899998	0.899998	1.000000	0.940003	0.940028	0.999972	0.963196	0.964087	0.999042	0.974496	0.979316	0.994975	0.972154	0.983505	0.988267	0.970190	0.985860	0.983881
thin4	00475	1.0021	5888846	y	V	0.178621	0.178621	1.000000	0.426345	0.426345	1.000000	0.729634	0.729634	1.000000	0.902091	0.902092	0.999998	0.943430	0.943554	0.999860	0.967969	0.969321	0.998561	0.981645	0.987394	0.994104	0.981219	0.993831	0.987232	0.977661	0.996217	0.981304
thin4	00475	1.0021	5888846	y	g	0.147237	0.147237	1.000000	0.404314	0.404314	1.000000	0.724594	0.724594	1.000000	0.905506	0.905506	1.000000	0.945743	0.945774	0.999965	0.970254	0.970581	0.999653	0.985628	0.987941	0.997631	0.987367	0.994275	0.993012	0.985933	0.996960	0.988906
thin4	00475	1.0021	5888846	z	V	0.180248	0.180248	1.000000	0.430230	0.430230	1.000000	0.736283	0.736283	1.000000	0.910315	0.910315	1.000000	0.951830	0.952053	0.999754	0.971313	0.975379	0.995727	0.971794	0.986830	0.984564	0.967191	0.991119	0.975647	0.961817	0.992524	0.968836
thin4	00475	1.0021	5888846	z	g	0.147905	0.147905	1.000000	0.406150	0.406150	1.000000	0.727884	0.727884	1.000000	0.909618	0.909618	1.000000	0.950099	0.950100	0.999999	0.972606	0.973948	0.998586	0.979747	0.987188	0.992365	0.977362	0.991427	0.985692	0.973044	0.992612	0.980143
thin8	00475	1.0021	5888846	x	V	0.128684	0.128684	1.000000	0.263126	0.263126	1.000000	0.629454	0.629454	1.000000	0.844427	0.844427	1.000000	0.901908	0.901908	0.999999	0.934823	0.934912	0.999898	0.966089	0.968097	0.997858	0.972794	0.980692	0.991789	0.971844	0.984022	0.987426
thin8	00475	1.0021	5888846	x	g	0.102718	0.102718	1.000000	0.232623	0.232623	1.000000	0.617081	0.617081	1.000000	0.843501	0.843501	1.000000	0.901581	0.901581	1.000000	0.933466	0.933471	0.999993	0.965162	0.965697	0.999427	0.975287	0.978739	0.996397	0.975910	0.982163	0.993519
thin8	00475	1.0021	5888846	y	V	0.128723	0.128723	1.000000	0.263205	0.263205	1.000000	0.629642	0.629642	1.000000	0.844680	0.844680	1.000000	0.902177	0.902178	0.999999	0.935106	0.935193	0.999900	0.968750	0.969594	0.999103	0.981921	0.985481	0.996334	0.983921	0.990334	0.993462
thin8	00475	1.0021	5888846	y	g	0.103235	0.103235	1.000000	0.233794	0.233794	1.000000	0.620187	0.620187	1.000000	0.847748	0.847748	1.000000	0.906119	0.906119	1.000000	0.938133	0.938154	0.999976	0.970621	0.970864	0.999742	0.984895	0.986050	0.998812	0.988153	0.990834	0.997270
thin8	00475	1.0021	5888846	z	V	0.130007	0.130007	1.000000	0.265831	0.265831	1.000000	0.635925	0.635925	1.000000	0.853109	0.853109	1.000000	0.911182	0.911182	1.000000	0.944608	0.944614	0.999993	0.972436	0.976239	0.996010	0.974765	0.986717	0.987726	0.972084	0.989196	0.982516
thin8	00475	1.0021	5888846	z	g	0.103734	0.103734	1.000000	0.234924	0.234924	1.000000	0.623185	0.623185	1.000000	0.851845	0.851845	1.000000	0.910499	0.910499	1.000000	0.942708	0.942710	0.999998	0.973283	0.974529	0.998688	0.980508	0.986195	0.994153	0.980554	0.989364	0.991001
POS	00475	1.0021	6343599	x	V	0.339687	0.339687	1.000000	0.604555	0.604555	1.000000	0.875923	0.875935	0.999985	0.931238	0.931435	0.999772	0.959076	0.959730	0.999290	0.973105	0.974122	0.998927	0.980376	0.982116	0.998195	0.985675	0.988278	0.997335	0.988567	0.992114	0.996396	0.989992	0.994781	0.995161	0.990549	0.996550	0.993958	0.990451	0.997813	0.992606	0.989879	0.998324	0.991526	0.987515	0.998979	0.988513	0.985973	0.999177	0.986774
PSF	00475	1.0021	6343599	x	V	0.344842	0.347062	0.981789	0.604466	0.613761	0.975559	0.860468	0.884102	0.969870	0.908690	0.937656	0.967122	0.930459	0.963720	0.964235	0.940326	0.976429	0.962167	0.945056	0.983364	0.960411	0.948410	0.988715	0.958789	0.950107	0.992048	0.957399	0.951019	0.994522	0.956027	0.951286	0.996182	0.954767	0.951167	0.997456	0.953480	0.950785	0.998068	0.952539	0.948791	0.998884	0.949798	0.947355	0.999111	0.948154
POS	00475	1.0021	6343599	x	g	0.351429	0.351429	1.000000	0.604455	0.604455	1.000000	0.879268	0.879268	1.000000	0.934983	0.935038	0.999936	0.963572	0.963715	0.999847	0.976443	0.976720	0.999710	0.983838	0.984264	0.999560	0.988933	0.989744	0.999172	0.991871	0.993093	0.998761	0.993612	0.995505	0.998090	0.994683	0.997191	0.997478	0.995095	0.998371	0.996713	0.994886	0.998830	0.996047	0.993576	0.999348	0.994220	0.992593	0.999489	0.993097
PSF	00475	1.0021	6343599	x	g	0.354943	0.357078	0.983433	0.603516	0.611421	0.979028	0.866703	0.886087	0.975380	0.917250	0.940638	0.973608	0.940964	0.967575	0.971602	0.950849	0.979402	0.970251	0.955749	0.985868	0.969025	0.959180	0.990642	0.967950	0.960987	0.993498	0.967069	0.962062	0.995628	0.966144	0.962593	0.997074	0.965319	0.962761	0.998152	0.964481	0.962628	0.998654	0.963878	0.961548	0.999280	0.962214	0.960627	0.999440	0.961145
POS	00475	1.0021	6343599	y	V	0.346907	0.346907	1.000000	0.617405	0.617405	1.000000	0.894331	0.894442	0.999861	0.948057	0.949709	0.998170	0.972165	0.976435	0.995522	0.978398	0.987052	0.991119	0.980059	0.992307	0.987562	0.977730	0.994662	0.982887	0.975002	0.995669	0.979155	0.972329	0.996257	0.975894	0.970351	0.996731	0.973448	0.968563	0.997124	0.971277	0.967605	0.997432	0.970022	0.965433	0.998164	0.967150	0.964217	0.998518	0.965599
PSF	00475	1.0021	6343599	y	V	0.356475	0.357947	0.988598	0.626624	0.633472	0.983041	0.878230	0.904158	0.968380	0.918927	0.954423	0.961101	0.934167	0.977416	0.954776	0.937314	0.986725	0.949285	0.937626	0.991394	0.945320	0.935311	0.993748	0.940846	0.933197	0.995049	0.937550	0.930989	0.995842	0.934622	0.929347	0.996466	0.932420	0.927773	0.996944	0.930419	0.926925	0.997297	0.929260	0.924919	0.998087	0.926562	0.923780	0.998462	0.925096
POS	00475	1.0021	6343599	y	g	0.356970	0.356970	1.000000	0.613986	0.613986	1.000000	0.893126	0.893129	0.999996	0.948702	0.949257	0.999384	0.975741	0.977381	0.998284	0.983642	0.987989	0.995547	0.987102	0.993620	0.993398	0.985908	0.995974	0.989853	0.984290	0.997045	0.987170	0.982232	0.997546	0.984611	0.980738	0.997938	0.982729	0.979389	0.998225	0.981098	0.978683	0.998430	0.980192	0.977269	0.998886	0.978335	0.976440	0.999100	0.977300
PSF	00475	1.0021	6343599	y	g	0.363997	0.365535	0.988574	0.620407	0.626371	0.984885	0.881318	0.901843	0.974826	0.926887	0.954300	0.969940	0.946074	0.979164	0.965512	0.950916	0.988472	0.961580	0.952217	0.993113	0.958547	0.950789	0.995358	0.955024	0.949332	0.996503	0.952506	0.947685	0.997195	0.950218	0.946469	0.997715	0.948525	0.945287	0.998072	0.947016	0.944691	0.998326	0.946189	0.943391	0.998827	0.944438	0.942618	0.999059	0.943456
POS	00475	1.0021	6343599	z	V	0.346709	0.346709	1.000000	0.617047	0.617049	0.999995	0.893435	0.893727	0.999634	0.945642	0.948200	0.997155	0.969041	0.974565	0.994185	0.975436	0.985257	0.989884	0.976902	0.990406	0.986235	0.976107	0.993540	0.982341	0.975232	0.995501	0.979549	0.973603	0.996630	0.976819	0.972195	0.997403	0.974662	0.970605	0.997901	0.972590	0.969753	0.998266	0.971389	0.967091	0.998745	0.968267	0.965578	0.998944	0.966565
PSF	00475	1.0021	6343599	z	V	0.355801	0.357274	0.988542	0.622567	0.630493	0.980206	0.874473	0.901300	0.967083	0.915913	0.951924	0.960336	0.932262	0.975484	0.954630	0.936322	0.985269	0.949616	0.937288	0.990284	0.945987	0.936291	0.993355	0.942192	0.935320	0.995283	0.939485	0.933788	0.996452	0.936903	0.932522	0.997288	0.934893	0.931091	0.997848	0.932965	0.930313	0.998242	0.931840	0.927838	0.998775	0.928895	0.926390	0.998980	0.927267
POS	00475	1.0021	6343599	z	g	0.356284	0.356284	1.000000	0.612805	0.612805	1.000000	0.891321	0.891365	0.999944	0.946610	0.947293	0.999238	0.972549	0.974831	0.997598	0.980855	0.985631	0.995084	0.983775	0.990979	0.992665	0.984353	0.994222	0.990017	0.984300	0.996087	0.988121	0.983334	0.997145	0.986110	0.982534	0.997892	0.984578	0.981501	0.998342	0.983103	0.981012	0.998659	0.982306	0.979431	0.999031	0.980362	0.978468	0.999177	0.979258
PSF	00475	1.0021	6343599	z	g	0.362855	0.364430	0.988233	0.616491	0.623276	0.982650	0.877380	0.898538	0.973863	0.923483	0.951212	0.969399	0.943475	0.976460	0.965433	0.949284	0.986260	0.962007	0.951133	0.991180	0.959251	0.951085	0.994155	0.956433	0.950850	0.995953	0.954538	0.949968	0.997057	0.952639	0.949201	0.997820	0.951173	0.948291	0.998326	0.949802	0.947839	0.998658	0.949047	0.946365	0.999066	0.947203	0.945434	0.999214	0.946138
thin2	00475	1.0021	6343599	x	V	0.119753	0.119753	1.000000	0.460963	0.460963	1.000000	0.759922	0.759922	1.000000	0.942521	0.942801	0.999684	0.971249	0.972348	0.998838	0.983045	0.985082	0.997901	0.990239	0.994900	0.995291	0.990623	0.997922	0.992671	0.989577	0.998598	0.990954
thin2	00475	1.0021	6343599	x	g	0.115079	0.115079	1.000000	0.469392	0.469392	1.000000	0.758446	0.758446	1.000000	0.946379	0.946458	0.999912	0.974731	0.974996	0.999721	0.986137	0.986733	0.999387	0.993881	0.995678	0.998187	0.995139	0.998404	0.996725	0.994797	0.999056	0.995733
thin2	00475	1.0021	6343599	y	V	0.122407	0.122407	1.000000	0.471178	0.471178	1.000000	0.776762	0.776762	1.000000	0.958696	0.961292	0.997191	0.977150	0.985998	0.990900	0.978820	0.993764	0.984869	0.971588	0.996312	0.975095	0.967871	0.997232	0.970478	0.966416	0.997687	0.968585
thin2	00475	1.0021	6343599	y	g	0.116932	0.116932	1.000000	0.476953	0.476953	1.000000	0.770664	0.770664	1.000000	0.960497	0.961129	0.999315	0.982233	0.986566	0.995548	0.986736	0.994934	0.991718	0.981856	0.997560	0.984220	0.979156	0.998284	0.980806	0.978146	0.998594	0.979494
thin2	00475	1.0021	6343599	z	V	0.122249	0.122249	1.000000	0.470570	0.470570	1.000000	0.775702	0.775727	0.999958	0.956294	0.959453	0.996569	0.974082	0.983796	0.989965	0.976187	0.991768	0.984161	0.973589	0.996701	0.976736	0.970387	0.997895	0.972378	0.968851	0.998310	0.970443
thin2	00475	1.0021	6343599	z	g	0.116674	0.116674	1.000000	0.475899	0.475899	1.000000	0.768960	0.768961	0.999999	0.957601	0.958610	0.998903	0.978853	0.983768	0.994922	0.983173	0.992024	0.991007	0.983309	0.997194	0.986037	0.981329	0.998289	0.982982	0.980455	0.998670	0.981737
thin4	00475	1.0021	6343599	x	V	0.019338	0.019338	1.000000	0.293615	0.293615	1.000000	0.636307	0.636307	1.000000	0.876788	0.876822	0.999955	0.940437	0.940818	0.999570	0.967665	0.968374	0.999244	0.983038	0.984923	0.998057	0.989252	0.993273	0.995925	0.991037	0.996414	0.994584
thin4	00475	1.0021	6343599	x	g	0.011151	0.011151	1.000000	0.302667	0.302667	1.000000	0.634976	0.634976	1.000000	0.879352	0.879356	0.999996	0.943734	0.943834	0.999888	0.970919	0.971105	0.999803	0.985828	0.986350	0.999464	0.992624	0.994122	0.998484	0.994878	0.997018	0.997848
thin4	00475	1.0021	6343599	y	V	0.019772	0.019772	1.000000	0.300197	0.300197	1.000000	0.650571	0.650571	1.000000	0.896202	0.896352	0.999814	0.957074	0.959641	0.997213	0.976807	0.983737	0.992840	0.978386	0.993507	0.984682	0.972970	0.996012	0.976775	0.970006	0.996739	0.973094
thin4	00475	1.0021	6343599	y	g	0.011339	0.011339	1.000000	0.307759	0.307759	1.000000	0.645658	0.645658	1.000000	0.894141	0.894147	0.999993	0.958321	0.959054	0.999203	0.981135	0.984355	0.996678	0.985745	0.994550	0.991099	0.982475	0.997296	0.985099	0.980115	0.997866	0.982173
thin4	00475	1.0021	6343599	z	V	0.019750	0.019750	1.000000	0.299872	0.299872	1.000000	0.649852	0.649858	0.999987	0.894729	0.895115	0.999518	0.953862	0.957484	0.996050	0.973410	0.981474	0.991630	0.975751	0.991613	0.983870	0.973613	0.995801	0.977627	0.971728	0.997090	0.974492
thin4	00475	1.0021	6343599	z	g	0.011313	0.011313	1.000000	0.307074	0.307074	1.000000	0.644222	0.644222	1.000000	0.892083	0.892121	0.999952	0.955064	0.956344	0.998601	0.977531	0.981440	0.995942	0.982856	0.991973	0.990735	0.982514	0.996200	0.986210	0.981591	0.997505	0.984007
thin8	00475	1.0021	6343599	x	V	0.009643	0.009643	1.000000	0.048120	0.048120	1.000000	0.499270	0.499270	1.000000	0.769686	0.769686	1.000000	0.881128	0.881153	0.999968	0.933194	0.933508	0.999639	0.970285	0.971030	0.999210	0.981187	0.983076	0.998045	0.985973	0.988498	0.997415
thin8	00475	1.0021	6343599	x	g	0.005063	0.005063	1.000000	0.037484	0.037484	1.000000	0.505834	0.505834	1.000000	0.768361	0.768361	1.000000	0.884294	0.884295	0.999998	0.936378	0.936468	0.999897	0.973653	0.973843	0.999800	0.984768	0.985217	0.999536	0.989146	0.989870	0.999262
thin8	00475	1.0021	6343599	y	V	0.009847	0.009847	1.000000	0.049135	0.049135	1.000000	0.509797	0.509797	1.000000	0.785915	0.785916	0.999999	0.899390	0.899566	0.999781	0.949772	0.951606	0.997975	0.977159	0.984637	0.992288	0.981121	0.993329	0.987628	0.977843	0.994709	0.982955
thin8	00475	1.0021	6343599	y	g	0.005146	0.005146	1.000000	0.038094	0.038094	1.000000	0.514072	0.514072	1.000000	0.780874	0.780874	1.000000	0.898683	0.898690	0.999991	0.950874	0.951334	0.999493	0.981820	0.985823	0.995881	0.987846	0.994744	0.993029	0.985466	0.996022	0.989360
thin8	00475	1.0021	6343599	z	V	0.009845	0.009845	1.000000	0.049128	0.049128	1.000000	0.509723	0.509723	1.000000	0.785762	0.785779	0.999971	0.899020	0.899310	0.999642	0.947726	0.950486	0.996945	0.974467	0.983192	0.990975	0.977137	0.991217	0.985671	0.975442	0.993401	0.981804
thin8	00475	1.0021	6343599	z	g	0.005136	0.005136	1.000000	0.038023	0.038023	1.000000	0.513104	0.513104	1.000000	0.779405	0.779405	1.000000	0.896929	0.896966	0.999954	0.948074	0.949023	0.998945	0.979516	0.983733	0.995643	0.983624	0.991666	0.991823	0.983167	0.993911	0.989125
POS	00475	1.0021	6707163	x	V	0.753521	0.753521	1.000000	0.898749	0.898749	1.000000	0.959415	0.961497	0.997748	0.965020	0.973046	0.991525	0.963791	0.979638	0.983493	0.961491	0.985677	0.975115	0.956899	0.989652	0.966570	0.951926	0.992108	0.959190	0.946636	0.993099	0.952904	0.942548	0.993818	0.948107	0.938683	0.994279	0.943781	0.934149	0.994609	0.938903	0.929431	0.994868	0.933908	0.919541	0.995634	0.923264	0.915078	0.995857	0.918576
PSF	00475	1.0021	6707163	x	V	0.748091	0.763089	0.974400	0.882158	0.906490	0.970470	0.925541	0.962073	0.960590	0.928519	0.972532	0.953525	0.927795	0.979500	0.946167	0.925402	0.985557	0.938125	0.920793	0.989502	0.929877	0.915575	0.991760	0.922593	0.910597	0.992833	0.916623	0.906724	0.993599	0.912052	0.903045	0.994091	0.907919	0.898755	0.994469	0.903270	0.894255	0.994756	0.898490	0.884784	0.995564	0.888286	0.880504	0.995799	0.883787
POS	00475	1.0021	6707163	x	g	0.801167	0.801167	1.000000	0.930668	0.930668	1.000000	0.968398	0.969559	0.998765	0.972350	0.976789	0.995348	0.973148	0.981751	0.991075	0.973690	0.987271	0.986069	0.971833	0.990669	0.980811	0.969076	0.992934	0.975805	0.965208	0.993517	0.971326	0.962732	0.993961	0.968397	0.960257	0.994220	0.965648	0.957011	0.994403	0.962194	0.954085	0.994546	0.959103	0.947502	0.994967	0.952065	0.944746	0.995091	0.949170
PSF	00475	1.0021	6707163	x	g	0.791442	0.808277	0.974357	0.911102	0.936148	0.971473	0.938592	0.970816	0.965844	0.940791	0.977306	0.961802	0.941450	0.982297	0.957699	0.941329	0.987568	0.952617	0.939057	0.990766	0.947347	0.935670	0.992676	0.942174	0.932010	0.993310	0.937897	0.929637	0.993771	0.935086	0.927276	0.994051	0.932451	0.924195	0.994267	0.929147	0.921398	0.994429	0.926179	0.915077	0.994878	0.919409	0.912425	0.995009	0.916620
POS	00475	1.0021	6707163	y	V	0.755072	0.755072	1.000000	0.900599	0.900599	1.000000	0.958302	0.961898	0.996113	0.962763	0.972877	0.989317	0.962225	0.979832	0.981668	0.957537	0.984624	0.972072	0.952297	0.988242	0.963210	0.947260	0.990646	0.955809	0.943847	0.992635	0.950503	0.940423	0.993708	0.946056	0.937667	0.994773	0.942310	0.935370	0.996334	0.938600	0.931720	0.997194	0.934169	0.922215	0.998205	0.923747	0.917889	0.998519	0.919140
PSF	00475	1.0021	6707163	y	V	0.749363	0.765082	0.973314	0.878847	0.906310	0.966670	0.919840	0.960777	0.955730	0.923481	0.971616	0.949085	0.922775	0.978598	0.941781	0.918581	0.983647	0.932826	0.914053	0.987614	0.924652	0.909495	0.990222	0.917737	0.906299	0.992296	0.912721	0.903086	0.993433	0.908510	0.900460	0.994530	0.904942	0.898256	0.996122	0.901408	0.894766	0.997007	0.897175	0.885690	0.998068	0.887210	0.881598	0.998427	0.882825
POS	00475	1.0021	6707163	y	g	0.800551	0.800551	1.000000	0.929952	0.929952	1.000000	0.967033	0.968497	0.998439	0.971135	0.975798	0.995104	0.972714	0.981154	0.991234	0.973809	0.986952	0.986509	0.971402	0.990063	0.980966	0.968482	0.992240	0.975873	0.966965	0.994050	0.972595	0.965225	0.994883	0.970041	0.963918	0.995761	0.967889	0.963153	0.997264	0.965705	0.961294	0.997987	0.963162	0.955246	0.998734	0.956405	0.952634	0.998952	0.953587
PSF	00475	1.0021	6707163	y	g	0.791375	0.808753	0.973565	0.907533	0.934869	0.968787	0.934939	0.969544	0.963228	0.938157	0.976584	0.959746	0.939152	0.981757	0.955832	0.937848	0.986387	0.950146	0.935736	0.989665	0.944969	0.933045	0.991948	0.940165	0.931613	0.993807	0.937053	0.929929	0.994651	0.934603	0.928685	0.995554	0.932553	0.927934	0.997076	0.930467	0.926154	0.997817	0.928034	0.920370	0.998601	0.921558	0.917915	0.998859	0.918879
POS	00475	1.0021	6707163	z	V	0.765233	0.765233	1.000000	0.912718	0.912718	1.000000	0.964762	0.971579	0.992780	0.966245	0.981170	0.984502	0.962621	0.986625	0.975349	0.954469	0.989666	0.964077	0.946579	0.991907	0.953947	0.940038	0.993511	0.945846	0.935268	0.994764	0.939894	0.931212	0.995484	0.935163	0.927908	0.996240	0.931169	0.923667	0.996713	0.926489	0.919265	0.997129	0.921705	0.909599	0.997980	0.911277	0.905422	0.998348	0.906780
PSF	00475	1.0021	6707163	z	V	0.757762	0.774436	0.972372	0.888677	0.917503	0.965854	0.925166	0.970046	0.952374	0.926481	0.979756	0.944563	0.923334	0.985493	0.936056	0.916545	0.989169	0.925836	0.909286	0.991634	0.916315	0.903064	0.993304	0.908595	0.898390	0.994529	0.902852	0.894548	0.995294	0.898348	0.891378	0.996066	0.894527	0.887329	0.996563	0.890053	0.883118	0.996997	0.885473	0.873863	0.997884	0.875485	0.869877	0.998275	0.871186
POS	00475	1.0021	6707163	z	g	0.812192	0.812192	1.000000	0.943475	0.943475	1.000000	0.977864	0.980955	0.996788	0.980184	0.987448	0.992551	0.979532	0.991750	0.987579	0.972656	0.993533	0.978853	0.966877	0.994933	0.971662	0.961734	0.995964	0.965497	0.958495	0.996877	0.961381	0.955979	0.997299	0.958460	0.953837	0.997734	0.955907	0.950774	0.998012	0.952578	0.948047	0.998260	0.949616	0.941667	0.998786	0.942746	0.939085	0.999002	0.939967
PSF	00475	1.0021	6707163	z	g	0.800072	0.818680	0.972375	0.917642	0.946539	0.967801	0.942677	0.980276	0.960903	0.944622	0.986725	0.956782	0.943306	0.990731	0.951706	0.938044	0.993284	0.944031	0.932710	0.994840	0.937244	0.927781	0.995908	0.931331	0.924473	0.996735	0.927281	0.922079	0.997183	0.924488	0.920016	0.997627	0.922034	0.917073	0.997916	0.918833	0.914437	0.998165	0.915977	0.908289	0.998703	0.909361	0.905817	0.998934	0.906693
thin2	00475	1.0021	6707163	x	V	0.484759	0.484759	1.000000	0.844190	0.844190	1.000000	0.938010	0.938086	0.999915	0.965281	0.976032	0.988717	0.960936	0.984488	0.975709	0.953010	0.989691	0.962565	0.942969	0.993411	0.948904	0.933262	0.994345	0.938242	0.926356	0.994840	0.930828
thin2	00475	1.0021	6707163	x	g	0.509794	0.509794	1.000000	0.888567	0.888567	1.000000	0.954786	0.954897	0.999878	0.973441	0.979119	0.994079	0.972932	0.985804	0.986757	0.968950	0.990163	0.978368	0.963046	0.993449	0.969200	0.956742	0.993967	0.962331	0.952364	0.994242	0.957646
thin2	00475	1.0021	6707163	y	V	0.485841	0.485841	1.000000	0.846074	0.846074	1.000000	0.939848	0.940047	0.999774	0.963582	0.976239	0.986724	0.959121	0.984641	0.973688	0.951218	0.989856	0.960582	0.941759	0.993888	0.947245	0.934761	0.996313	0.938006	0.928829	0.997365	0.931113
thin2	00475	1.0021	6707163	y	g	0.509805	0.509805	1.000000	0.888586	0.888586	1.000000	0.954870	0.954950	0.999912	0.973251	0.979032	0.993970	0.973999	0.986362	0.987295	0.971725	0.991612	0.979778	0.966130	0.995079	0.970769	0.962725	0.997144	0.965386	0.959502	0.998056	0.961299
thin2	00475	1.0021	6707163	z	V	0.492593	0.492593	1.000000	0.857832	0.857832	1.000000	0.951512	0.952397	0.999025	0.964971	0.983707	0.980644	0.955934	0.989837	0.965410	0.944072	0.992985	0.950411	0.931506	0.995318	0.935605	0.923046	0.996905	0.925699	0.916376	0.997506	0.918480
thin2	00475	1.0021	6707163	z	g	0.517293	0.517293	1.000000	0.901637	0.901637	1.000000	0.968273	0.968660	0.999587	0.980518	0.989885	0.990441	0.974506	0.993864	0.980404	0.965560	0.995714	0.969590	0.955971	0.997087	0.958648	0.950663	0.998133	0.952356	0.946470	0.998506	0.947812
thin4	00475	1.0021	6707163	x	V	0.145086	0.145086	1.000000	0.712022	0.712022	1.000000	0.910070	0.910070	1.000000	0.961835	0.964345	0.997301	0.966748	0.977536	0.988713	0.963310	0.984510	0.978136	0.955080	0.991830	0.962654	0.946273	0.994534	0.951219	0.940752	0.995212	0.945028
thin4	00475	1.0021	6707163	x	g	0.129928	0.129928	1.000000	0.757023	0.757023	1.000000	0.938895	0.938895	1.000000	0.970704	0.972090	0.998533	0.975495	0.981116	0.994161	0.975097	0.986539	0.988246	0.971457	0.992810	0.978340	0.966315	0.995056	0.970976	0.962420	0.995423	0.966698
thin4	00475	1.0021	6707163	y	V	0.145176	0.145176	1.000000	0.712467	0.712467	1.000000	0.910639	0.910639	1.000000	0.958760	0.963067	0.995357	0.963763	0.976302	0.986849	0.960963	0.983595	0.976616	0.951248	0.990104	0.960379	0.943291	0.993239	0.949387	0.939950	0.995094	0.944326
thin4	00475	1.0021	6707163	y	g	0.129739	0.129739	1.000000	0.755921	0.755921	1.000000	0.937529	0.937529	1.000000	0.968405	0.970224	0.998068	0.973866	0.979577	0.994048	0.974637	0.985586	0.988731	0.971327	0.992015	0.978981	0.966689	0.994519	0.971867	0.965295	0.996200	0.968863
thin4	00475	1.0021	6707163	z	V	0.147148	0.147148	1.000000	0.722143	0.722143	1.000000	0.922884	0.922943	0.999931	0.965144	0.972784	0.991928	0.966586	0.984361	0.981661	0.959033	0.989282	0.969101	0.943970	0.993007	0.950288	0.934131	0.995115	0.938435	0.929314	0.996152	0.932663
thin4	00475	1.0021	6707163	z	g	0.131527	0.131527	1.000000	0.766341	0.766341	1.000000	0.950389	0.950420	0.999966	0.978350	0.981887	0.996332	0.981543	0.990203	0.991168	0.977186	0.993680	0.983297	0.965543	0.995871	0.969424	0.958338	0.997035	0.961077	0.955097	0.997740	0.957168
thin8	00475	1.0021	6707163	x	V	0.059506	0.059506	1.000000	0.378550	0.378550	1.000000	0.856917	0.856917	1.000000	0.940085	0.940183	0.999889	0.958045	0.960659	0.997168	0.964818	0.973730	0.990603	0.963028	0.984097	0.978252	0.958494	0.990993	0.966918	0.952217	0.993148	0.958514
thin8	00475	1.0021	6707163	x	g	0.047837	0.047837	1.000000	0.386564	0.386564	1.000000	0.897187	0.897187	1.000000	0.955694	0.955826	0.999855	0.965718	0.967126	0.998494	0.972998	0.977392	0.995402	0.974751	0.985949	0.988482	0.974233	0.992159	0.981793	0.970329	0.994062	0.975986
thin8	00475	1.0021	6707163	y	V	0.059651	0.059651	1.000000	0.379475	0.379475	1.000000	0.859012	0.859012	1.000000	0.941969	0.942268	0.999663	0.956676	0.961109	0.995202	0.962947	0.973947	0.988408	0.961084	0.984289	0.976057	0.951647	0.988587	0.962219	0.948127	0.992191	0.955255
thin8	00475	1.0021	6707163	y	g	0.047822	0.047822	1.000000	0.386437	0.386437	1.000000	0.896891	0.896891	1.000000	0.955448	0.955546	0.999893	0.964382	0.966288	0.997959	0.971478	0.976457	0.994779	0.974268	0.985539	0.988398	0.971901	0.990790	0.980762	0.970394	0.993930	0.976179
thin8	00475	1.0021	6707163	z	V	0.060459	0.060459	1.000000	0.384615	0.384615	1.000000	0.870646	0.870646	1.000000	0.952946	0.954120	0.998711	0.963300	0.970916	0.991923	0.966451	0.982307	0.983572	0.957613	0.989154	0.967775	0.946256	0.992474	0.953095	0.938465	0.993786	0.944005
thin8	00475	1.0021	6707163	z	g	0.048540	0.048540	1.000000	0.392245	0.392245	1.000000	0.910373	0.910373	1.000000	0.968923	0.969460	0.999429	0.975665	0.979198	0.996316	0.980681	0.988433	0.992066	0.975359	0.993498	0.981625	0.966628	0.995520	0.970851	0.960469	0.996243	0.963960
POS	00475	1.0021	7240178	x	V	0.165562	0.165562	1.000000	0.396662	0.396662	1.000000	0.796049	0.796069	0.999969	0.871753	0.871866	0.999851	0.920936	0.921630	0.999183	0.947707	0.949453	0.998064	0.960003	0.964348	0.995329	0.967054	0.975124	0.991515	0.969292	0.981426	0.987405	0.968748	0.985959	0.982300	0.951278	0.991294	0.959293	0.943639	0.992959	0.949996	0.939359	0.993666	0.945018	0.921781	0.994867	0.926185	0.920601	0.996517	0.923573
PSF	00475	1.0021	7240178	x	V	0.168103	0.168262	0.994421	0.401235	0.402426	0.992680	0.795515	0.803535	0.987609	0.866138	0.877766	0.984936	0.910233	0.925697	0.981978	0.931557	0.951175	0.978339	0.940386	0.964528	0.974073	0.945210	0.974320	0.969360	0.946859	0.980400	0.965129	0.946460	0.985047	0.960256	0.929313	0.990386	0.937772	0.921977	0.992135	0.928765	0.918087	0.993013	0.924057	0.901725	0.994696	0.906082	0.900444	0.996289	0.903475
POS	00475	1.0021	7240178	x	g	0.149212	0.149212	1.000000	0.367334	0.367334	1.000000	0.760322	0.760326	0.999993	0.834139	0.834159	0.999971	0.882887	0.883105	0.999720	0.909696	0.910363	0.999195	0.923256	0.925183	0.997748	0.933221	0.936900	0.995810	0.938312	0.944048	0.993566	0.941748	0.950178	0.990667	0.960643	0.974592	0.985320	0.962415	0.981093	0.980602	0.962747	0.984111	0.977949	0.959789	0.993341	0.966004	0.960060	0.995567	0.964183
PSF	00475	1.0021	7240178	x	g	0.151122	0.151288	0.992755	0.370819	0.371995	0.991553	0.760868	0.767639	0.988540	0.831996	0.841064	0.987207	0.877811	0.889203	0.985615	0.901737	0.915383	0.983737	0.913566	0.929545	0.981531	0.922232	0.940782	0.979067	0.926442	0.947589	0.976479	0.929469	0.953606	0.973491	0.943750	0.976011	0.966161	0.944661	0.982146	0.961167	0.944044	0.984692	0.958105	0.939587	0.993179	0.945689	0.939751	0.995372	0.943875
POS	00475	1.0021	7240178	y	V	0.162974	0.162974	1.000000	0.390462	0.390462	1.000000	0.783638	0.783643	0.999991	0.858304	0.858333	0.999961	0.907569	0.907758	0.999771	0.935485	0.935940	0.999481	0.950259	0.951951	0.998133	0.959786	0.963857	0.995619	0.965123	0.971649	0.993090	0.970303	0.979036	0.990891	0.957727	0.986826	0.970131	0.954324	0.990734	0.962918	0.953722	0.993420	0.959785	0.941621	0.997754	0.943621	0.938918	0.998577	0.940176
PSF	00475	1.0021	7240178	y	V	0.165228	0.165426	0.992836	0.394136	0.395566	0.990907	0.784174	0.791648	0.988103	0.856222	0.866068	0.986896	0.900935	0.913893	0.984506	0.925850	0.941004	0.982903	0.938135	0.956010	0.980459	0.945755	0.967140	0.977154	0.949695	0.974342	0.974055	0.953101	0.980934	0.971090	0.938472	0.987606	0.949656	0.934685	0.991315	0.942402	0.933723	0.993826	0.939170	0.921069	0.997758	0.922980	0.918337	0.998539	0.919572
POS	00475	1.0021	7240178	y	g	0.146784	0.146784	1.000000	0.361356	0.361356	1.000000	0.747958	0.747958	1.000000	0.820601	0.820604	0.999996	0.868876	0.868923	0.999938	0.895995	0.896124	0.999839	0.910820	0.911468	0.999220	0.922182	0.923789	0.998118	0.928494	0.931481	0.996558	0.935944	0.939607	0.995852	0.961701	0.967248	0.994073	0.969566	0.976779	0.992441	0.973783	0.981746	0.991739	0.980499	0.995879	0.984494	0.979956	0.997670	0.982204
PSF	00475	1.0021	7240178	y	g	0.148706	0.148892	0.991703	0.364696	0.366010	0.990254	0.749727	0.756292	0.988556	0.820896	0.829218	0.987922	0.866390	0.876807	0.986473	0.891883	0.903604	0.985664	0.905369	0.918509	0.984445	0.915427	0.930362	0.982766	0.921010	0.937811	0.980919	0.927028	0.945332	0.979540	0.947826	0.970901	0.975538	0.953513	0.979476	0.972953	0.957020	0.984171	0.971981	0.959115	0.996107	0.962723	0.958340	0.997789	0.960379
POS	00475	1.0021	7240178	z	V	0.156082	0.156082	1.000000	0.373951	0.373951	1.000000	0.750512	0.750512	1.000000	0.822070	0.822070	1.000000	0.869518	0.869543	0.999967	0.896631	0.896724	0.999885	0.912850	0.913113	0.999685	0.925863	0.926486	0.999273	0.932696	0.934790	0.997604	0.937557	0.941766	0.995255	0.959352	0.966619	0.992224	0.965642	0.975338	0.989810	0.968631	0.979773	0.988396	0.980314	0.996323	0.983873	0.978868	0.997831	0.980955
PSF	00475	1.0021	7240178	z	V	0.158480	0.158682	0.992019	0.378698	0.379945	0.991406	0.754624	0.760873	0.989234	0.824520	0.832640	0.988311	0.869420	0.879535	0.986945	0.894111	0.905908	0.985644	0.907582	0.921144	0.984037	0.917551	0.933168	0.982088	0.922240	0.940505	0.979377	0.925522	0.946785	0.976310	0.942493	0.969614	0.971177	0.946401	0.977254	0.967718	0.948555	0.981337	0.965981	0.956836	0.996428	0.960129	0.955256	0.997864	0.957213
POS	00475	1.0021	7240178	z	g	0.145915	0.145915	1.000000	0.359216	0.359216	1.000000	0.743529	0.743529	1.000000	0.815748	0.815748	1.000000	0.863816	0.863823	0.999991	0.890914	0.890936	0.999972	0.906560	0.906664	0.999873	0.919549	0.919789	0.999716	0.927110	0.928098	0.998853	0.933367	0.935572	0.997482	0.959792	0.963446	0.996064	0.967772	0.972994	0.994484	0.971850	0.977869	0.993706	0.986972	0.996213	0.990690	0.985955	0.997759	0.988143
PSF	00475	1.0021	7240178	z	g	0.147462	0.147658	0.991077	0.362141	0.363374	0.990715	0.745212	0.751179	0.989454	0.816186	0.823708	0.988935	0.862586	0.871586	0.988171	0.888131	0.898286	0.987430	0.902060	0.913353	0.986479	0.913020	0.925621	0.985308	0.918920	0.933194	0.983627	0.923732	0.940034	0.981572	0.945748	0.966100	0.978210	0.951681	0.974750	0.975735	0.954811	0.979219	0.974558	0.966911	0.996326	0.970371	0.965787	0.997822	0.967827
thin2	00475	1.0021	7240178	x	V	0.085010	0.085010	1.000000	0.237235	0.237235	1.000000	0.657185	0.657185	1.000000	0.899476	0.899860	0.999527	0.945884	0.947574	0.998118	0.964805	0.971546	0.992860	0.971351	0.987912	0.983034	0.945014	0.992701	0.951626	0.935951	0.994311	0.940990
thin2	00475	1.0021	7240178	x	g	0.074954	0.074954	1.000000	0.214541	0.214541	1.000000	0.624732	0.624732	1.000000	0.863510	0.863647	0.999815	0.909013	0.909747	0.999114	0.931145	0.934326	0.996357	0.945654	0.953666	0.991194	0.961182	0.980027	0.980386	0.960700	0.986247	0.973745
thin2	00475	1.0021	7240178	y	V	0.083755	0.083755	1.000000	0.233733	0.233733	1.000000	0.647483	0.647483	1.000000	0.886794	0.886888	0.999880	0.934390	0.934851	0.999472	0.957963	0.960959	0.996756	0.969600	0.979705	0.989475	0.959356	0.992850	0.966031	0.951834	0.995349	0.956087
thin2	00475	1.0021	7240178	y	g	0.073669	0.073669	1.000000	0.210864	0.210864	1.000000	0.614024	0.614024	1.000000	0.848962	0.848980	0.999975	0.894631	0.894780	0.999814	0.919174	0.920369	0.998590	0.937336	0.941357	0.995463	0.968807	0.975545	0.992921	0.977443	0.986358	0.990837
thin2	00475	1.0021	7240178	z	V	0.080247	0.080247	1.000000	0.223943	0.223943	1.000000	0.620364	0.620364	1.000000	0.849844	0.849844	1.000000	0.895940	0.896048	0.999865	0.922684	0.923175	0.999424	0.939586	0.943979	0.995071	0.963633	0.973979	0.989097	0.971886	0.984491	0.986997
thin2	00475	1.0021	7240178	z	g	0.073290	0.073290	1.000000	0.209780	0.209780	1.000000	0.610866	0.610866	1.000000	0.844635	0.844635	1.000000	0.890306	0.890324	0.999978	0.916483	0.916696	0.999747	0.936560	0.938603	0.997682	0.965805	0.971525	0.993941	0.976199	0.983194	0.992764
thin4	00475	1.0021	7240178	x	V	0.032071	0.032071	1.000000	0.142966	0.142966	1.000000	0.435107	0.435107	1.000000	0.800313	0.800323	0.999984	0.893804	0.894143	0.999576	0.937959	0.939205	0.998587	0.964838	0.971194	0.993262	0.969414	0.983375	0.985567	0.951449	0.988602	0.962002
thin4	00475	1.0021	7240178	x	g	0.025825	0.025825	1.000000	0.128084	0.128084	1.000000	0.403823	0.403823	1.000000	0.764140	0.764140	1.000000	0.856180	0.856371	0.999739	0.899718	0.900255	0.999338	0.929181	0.932270	0.996447	0.940023	0.946714	0.992538	0.959574	0.971317	0.987559
thin4	00475	1.0021	7240178	y	V	0.031593	0.031593	1.000000	0.140833	0.140833	1.000000	0.428615	0.428615	1.000000	0.788395	0.788395	1.000000	0.880991	0.881078	0.999888	0.925717	0.926094	0.999560	0.957228	0.960145	0.996835	0.966775	0.974696	0.991665	0.953778	0.982356	0.970402
thin4	00475	1.0021	7240178	y	g	0.025382	0.025382	1.000000	0.125890	0.125890	1.000000	0.396906	0.396906	1.000000	0.751050	0.751050	1.000000	0.841898	0.841909	0.999985	0.885218	0.885313	0.999879	0.917172	0.918318	0.998641	0.929678	0.933443	0.995680	0.957312	0.961906	0.995035
thin4	00475	1.0021	7240178	z	V	0.030256	0.030256	1.000000	0.134874	0.134874	1.000000	0.410479	0.410479	1.000000	0.755036	0.755036	1.000000	0.843891	0.843891	1.000000	0.887172	0.887231	0.999925	0.921581	0.921992	0.999516	0.935518	0.938313	0.996826	0.955614	0.962392	0.992684
thin4	00475	1.0021	7240178	z	g	0.025262	0.025262	1.000000	0.125293	0.125293	1.000000	0.395025	0.395025	1.000000	0.747491	0.747491	1.000000	0.837931	0.837931	1.000000	0.881198	0.881210	0.999984	0.914887	0.915041	0.999817	0.930930	0.931952	0.998824	0.954614	0.958282	0.996007
thin8	00475	1.0021	7240178	x	V	0.013803	0.013803	1.000000	0.073276	0.073276	1.000000	0.263101	0.263101	1.000000	0.688236	0.688236	1.000000	0.805437	0.805437	0.999999	0.883897	0.884082	0.999763	0.940692	0.942119	0.998393	0.961947	0.966770	0.994841	0.967628	0.975736	0.991486
thin8	00475	1.0021	7240178	x	g	0.009868	0.009868	1.000000	0.064520	0.064520	1.000000	0.238329	0.238329	1.000000	0.656563	0.656563	1.000000	0.770494	0.770494	1.000000	0.847647	0.847702	0.999923	0.903500	0.904108	0.999257	0.926321	0.928589	0.997370	0.934572	0.938283	0.995786
thin8	00475	1.0021	7240178	y	V	0.013615	0.013615	1.000000	0.072275	0.072275	1.000000	0.259508	0.259508	1.000000	0.678838	0.678838	1.000000	0.794439	0.794439	1.000000	0.872039	0.872121	0.999892	0.929819	0.930267	0.999482	0.954865	0.956647	0.998053	0.962231	0.966372	0.995567
thin8	00475	1.0021	7240178	y	g	0.009707	0.009707	1.000000	0.063469	0.063469	1.000000	0.234447	0.234447	1.000000	0.645870	0.645870	1.000000	0.757945	0.757945	1.000000	0.833939	0.833948	0.999986	0.889809	0.889920	0.999861	0.914311	0.915057	0.999108	0.923674	0.925227	0.998187
thin8	00475	1.0021	7240178	z	V	0.013025	0.013025	1.000000	0.069147	0.069147	1.000000	0.248275	0.248275	1.000000	0.649453	0.649453	1.000000	0.760050	0.760050	1.000000	0.834460	0.834460	1.000000	0.890279	0.890364	0.999892	0.916399	0.916697	0.999646	0.926693	0.927638	0.998902
thin8	00475	1.0021	7240178	z	g	0.009654	0.009654	1.000000	0.063119	0.063119	1.000000	0.233151	0.233151	1.000000	0.642300	0.642300	1.000000	0.753756	0.753756	1.000000	0.829350	0.829350	1.000000	0.885077	0.885099	0.999972	0.910622	0.910713	0.999891	0.921314	0.921539	0.999734
POS	00475	1.0021	7642460	x	V	0.865760	0.865760	1.000000	0.916369	0.916369	1.000000	0.971602	0.974089	0.997379	0.975500	0.984116	0.991105	0.974692	0.989812	0.984570	0.973206	0.993899	0.979055	0.970800	0.995411	0.975165	0.969123	0.996529	0.972405	0.967226	0.997115	0.969941	0.965308	0.997456	0.967690	0.963335	0.997693	0.965485	0.961269	0.997903	0.963215	0.959149	0.998114	0.960890	0.952508	0.998791	0.953607	0.948096	0.999062	0.948941
PSF	00475	1.0021	7642460	x	V	0.850680	0.873966	0.969630	0.895605	0.923209	0.967693	0.934285	0.974134	0.958052	0.937057	0.983836	0.951709	0.936085	0.989538	0.945442	0.934472	0.993604	0.940128	0.932205	0.995169	0.936443	0.930660	0.996346	0.933847	0.928842	0.996945	0.931493	0.927060	0.997327	0.929370	0.925205	0.997591	0.927277	0.923260	0.997826	0.925121	0.921304	0.998087	0.922934	0.914884	0.998754	0.915929	0.910649	0.999032	0.911454
POS	00475	1.0021	7642460	x	g	0.885019	0.885019	1.000000	0.928830	0.928830	1.000000	0.976961	0.978006	0.998907	0.982087	0.986221	0.995751	0.983492	0.991247	0.992108	0.984298	0.995211	0.988982	0.983169	0.996393	0.986681	0.982497	0.997382	0.985037	0.981448	0.997828	0.983549	0.980294	0.998061	0.982164	0.979133	0.998217	0.980848	0.977767	0.998359	0.979341	0.976304	0.998532	0.977707	0.972014	0.999084	0.972882	0.968894	0.999306	0.969546
PSF	00475	1.0021	7642460	x	g	0.869355	0.891369	0.972377	0.909146	0.934349	0.971186	0.945537	0.978865	0.965243	0.949006	0.986434	0.961556	0.949807	0.991252	0.957836	0.950223	0.995091	0.954698	0.949117	0.996285	0.952488	0.948478	0.997297	0.950923	0.947442	0.997737	0.949482	0.946361	0.997993	0.948166	0.945266	0.998165	0.946911	0.943980	0.998327	0.945475	0.942615	0.998529	0.943926	0.938426	0.999065	0.939251	0.935406	0.999286	0.936031
POS	00475	1.0021	7642460	y	V	0.866935	0.866935	1.000000	0.917614	0.917614	1.000000	0.976446	0.977201	0.999209	0.982127	0.988157	0.993825	0.979115	0.992757	0.986160	0.973789	0.994881	0.978693	0.970550	0.995963	0.974383	0.967792	0.996519	0.971076	0.965612	0.996954	0.968469	0.963695	0.997295	0.966221	0.961941	0.997645	0.964130	0.960232	0.998043	0.962044	0.958107	0.998251	0.959718	0.951812	0.999111	0.952619	0.947265	0.999308	0.947887
PSF	00475	1.0021	7642460	y	V	0.854709	0.875172	0.973372	0.900702	0.924856	0.971821	0.941982	0.977049	0.963298	0.944753	0.986750	0.956892	0.942468	0.991757	0.949909	0.938134	0.994349	0.943162	0.935259	0.995585	0.939154	0.932808	0.996264	0.936082	0.930778	0.996747	0.933614	0.928988	0.997125	0.931483	0.927331	0.997501	0.929490	0.925646	0.997884	0.927466	0.923604	0.998100	0.925231	0.917500	0.998955	0.918382	0.913242	0.999226	0.913889
POS	00475	1.0021	7642460	y	g	0.889023	0.889023	1.000000	0.933033	0.933033	1.000000	0.982817	0.983158	0.999647	0.988448	0.991661	0.996733	0.986737	0.995138	0.991516	0.982394	0.996496	0.985799	0.980272	0.997172	0.983005	0.978364	0.997527	0.980742	0.977013	0.997815	0.979107	0.975811	0.998022	0.977702	0.974766	0.998236	0.976449	0.973677	0.998519	0.975086	0.972131	0.998646	0.973414	0.968334	0.999448	0.968853	0.965029	0.999567	0.965432
PSF	00475	1.0021	7642460	y	g	0.875075	0.895398	0.974719	0.915377	0.938661	0.973617	0.951973	0.983321	0.967597	0.954715	0.990525	0.963514	0.953446	0.994260	0.958722	0.950007	0.996045	0.953604	0.948141	0.996832	0.951007	0.946440	0.997270	0.948898	0.945177	0.997587	0.947343	0.944066	0.997825	0.946013	0.943078	0.998055	0.944815	0.941995	0.998326	0.943486	0.940504	0.998457	0.941873	0.936771	0.999239	0.937439	0.933781	0.999475	0.934239
POS	00475	1.0021	7642460	z	V	0.870846	0.870846	1.000000	0.921753	0.921753	1.000000	0.978346	0.980344	0.997921	0.980863	0.989736	0.990943	0.976477	0.993647	0.982612	0.970923	0.995654	0.975056	0.967772	0.996782	0.970805	0.965109	0.997386	0.967557	0.962992	0.997854	0.964990	0.960984	0.998145	0.962703	0.959008	0.998378	0.960505	0.956919	0.998571	0.958231	0.954677	0.998714	0.955852	0.947553	0.999117	0.948347	0.943007	0.999303	0.943627
PSF	00475	1.0021	7642460	z	V	0.856876	0.878388	0.972214	0.902865	0.928222	0.970631	0.941893	0.979396	0.960933	0.943225	0.988366	0.953815	0.940083	0.992927	0.946421	0.935323	0.995291	0.939481	0.932459	0.996534	0.935494	0.930018	0.997217	0.932438	0.928036	0.997726	0.930003	0.926175	0.998064	0.927842	0.924287	0.998309	0.925736	0.922302	0.998523	0.923562	0.920173	0.998686	0.921288	0.913322	0.999105	0.914070	0.908938	0.999294	0.909522
POS	00475	1.0021	7642460	z	g	0.891178	0.891178	1.000000	0.935295	0.935295	1.000000	0.984695	0.985288	0.999389	0.988078	0.992672	0.995338	0.985465	0.995700	0.989677	0.981107	0.997051	0.983963	0.979155	0.997815	0.981259	0.977317	0.998206	0.979036	0.975995	0.998510	0.977419	0.974749	0.998693	0.975994	0.973571	0.998838	0.974675	0.972183	0.998965	0.973163	0.970570	0.999057	0.971460	0.965767	0.999328	0.966394	0.962463	0.999444	0.962979
PSF	00475	1.0021	7642460	z	g	0.876535	0.897284	0.974297	0.917150	0.940781	0.973344	0.952840	0.985039	0.966832	0.954623	0.991752	0.962263	0.952675	0.995134	0.957134	0.949052	0.996823	0.951932	0.947279	0.997661	0.949387	0.945602	0.998114	0.947295	0.944356	0.998441	0.945751	0.943203	0.998656	0.944402	0.942072	0.998807	0.943133	0.940745	0.998946	0.941680	0.939204	0.999050	0.940044	0.934560	0.999328	0.935148	0.931365	0.999446	0.931846
thin2	00475	1.0021	7642460	x	V	0.830307	0.830307	1.000000	0.889113	0.889113	1.000000	0.949514	0.949540	0.999972	0.975365	0.986759	0.988300	0.972609	0.993538	0.978801	0.969645	0.996294	0.973155	0.965071	0.997480	0.967429	0.960396	0.998006	0.962242	0.957205	0.998304	0.958764
thin2	00475	1.0021	7642460	x	g	0.856509	0.856509	1.000000	0.904809	0.904809	1.000000	0.956867	0.956874	0.999991	0.982924	0.988638	0.994155	0.983760	0.994886	0.988760	0.982654	0.997194	0.985378	0.980096	0.998081	0.981947	0.977209	0.998455	0.978688	0.975167	0.998684	0.976422
thin2	00475	1.0021	7642460	y	V	0.831753	0.831753	1.000000	0.890662	0.890662	1.000000	0.951212	0.951216	0.999995	0.981432	0.990718	0.990541	0.974086	0.995174	0.978709	0.968556	0.996603	0.971764	0.963504	0.997537	0.965802	0.959516	0.998424	0.960971	0.956427	0.998776	0.957549
thin2	00475	1.0021	7642460	y	g	0.860785	0.860785	1.000000	0.909326	0.909326	1.000000	0.961659	0.961659	1.000000	0.988368	0.993859	0.994441	0.982725	0.996848	0.985789	0.978902	0.997769	0.981049	0.975765	0.998354	0.977337	0.973358	0.998974	0.974333	0.971384	0.999235	0.972107
thin2	00475	1.0021	7642460	z	V	0.835281	0.835281	1.000000	0.894440	0.894440	1.000000	0.955235	0.955245	0.999989	0.979006	0.991579	0.987214	0.970697	0.995542	0.974935	0.965531	0.997156	0.968197	0.960672	0.998188	0.962350	0.955886	0.998647	0.957126	0.952648	0.998914	0.953636
thin2	00475	1.0021	7642460	z	g	0.862567	0.862567	1.000000	0.911209	0.911209	1.000000	0.963640	0.963645	0.999995	0.987163	0.994277	0.992804	0.980884	0.996942	0.983844	0.977419	0.998046	0.979293	0.974456	0.998720	0.975675	0.971430	0.999015	0.972360	0.969307	0.999197	0.970062
thin4	00475	1.0021	7642460	x	V	0.767438	0.767438	1.000000	0.859867	0.859867	1.000000	0.922571	0.922571	1.000000	0.972139	0.974998	0.996993	0.975261	0.986711	0.988241	0.972944	0.992377	0.980270	0.969007	0.996226	0.972577	0.965669	0.997307	0.968193	0.963363	0.997710	0.965497
thin4	00475	1.0021	7642460	x	g	0.800094	0.800094	1.000000	0.880990	0.880990	1.000000	0.934333	0.934333	1.000000	0.977774	0.978892	0.998833	0.982764	0.988740	0.993888	0.983208	0.993716	0.989359	0.982179	0.997236	0.984860	0.980297	0.997992	0.982235	0.978863	0.998250	0.980546
thin4	00475	1.0021	7642460	y	V	0.768189	0.768189	1.000000	0.860708	0.860708	1.000000	0.923474	0.923474	1.000000	0.976720	0.977795	0.998876	0.980453	0.989847	0.990414	0.975848	0.994365	0.981274	0.968427	0.996416	0.971812	0.964538	0.997207	0.967150	0.962198	0.997591	0.964439
thin4	00475	1.0021	7642460	y	g	0.802967	0.802967	1.000000	0.884154	0.884154	1.000000	0.937688	0.937688	1.000000	0.982562	0.983054	0.999491	0.987187	0.992754	0.994352	0.984632	0.996231	0.988314	0.979245	0.997529	0.981626	0.976930	0.998061	0.978788	0.975448	0.998292	0.977079
thin4	00475	1.0021	7642460	z	V	0.771396	0.771396	1.000000	0.864301	0.864301	1.000000	0.927329	0.927329	1.000000	0.978265	0.980597	0.997575	0.979232	0.991288	0.987732	0.972808	0.994881	0.977702	0.965657	0.997069	0.968406	0.961916	0.997936	0.963834	0.959407	0.998229	0.961043
thin4	00475	1.0021	7642460	z	g	0.804562	0.804562	1.000000	0.885910	0.885910	1.000000	0.939551	0.939551	1.000000	0.983928	0.984712	0.999191	0.987323	0.993808	0.993434	0.983097	0.996440	0.986562	0.978105	0.997941	0.980083	0.975900	0.998529	0.977306	0.974320	0.998709	0.975549
thin8	00475	1.0021	7642460	x	V	0.644012	0.644012	1.000000	0.823328	0.823328	1.000000	0.903075	0.903075	1.000000	0.954132	0.954159	0.999971	0.971863	0.974558	0.997163	0.974657	0.983629	0.990729	0.972841	0.992282	0.980258	0.969297	0.995662	0.973408	0.967346	0.996631	0.970520
thin8	00475	1.0021	7642460	x	g	0.678157	0.678157	1.000000	0.852129	0.852129	1.000000	0.919335	0.919335	1.000000	0.961787	0.961795	0.999991	0.976907	0.978081	0.998773	0.981019	0.985237	0.995655	0.982458	0.993139	0.989172	0.982158	0.996754	0.985309	0.981203	0.997538	0.983585
thin8	00475	1.0021	7642460	y	V	0.644707	0.644707	1.000000	0.824217	0.824217	1.000000	0.904050	0.904050	1.000000	0.955190	0.955203	0.999986	0.976294	0.977327	0.998918	0.980827	0.987303	0.993357	0.975365	0.994125	0.981020	0.969218	0.996164	0.972849	0.966429	0.996696	0.969536
thin8	00475	1.0021	7642460	y	g	0.680933	0.680933	1.000000	0.855617	0.855617	1.000000	0.923097	0.923097	1.000000	0.965735	0.965737	0.999997	0.982541	0.982913	0.999616	0.986874	0.990208	0.996600	0.983782	0.995852	0.987831	0.979282	0.997328	0.981858	0.977455	0.997663	0.979699
thin8	00475	1.0021	7642460	z	V	0.646790	0.646790	1.000000	0.826880	0.826880	1.000000	0.906971	0.906971	1.000000	0.958228	0.958265	0.999960	0.977657	0.979580	0.997996	0.979797	0.988369	0.991226	0.973690	0.994875	0.978598	0.967528	0.996908	0.970440	0.964799	0.997471	0.967165
thin8	00475	1.0021	7642460	z	g	0.681715	0.681715	1.000000	0.856600	0.856600	1.000000	0.924158	0.924158	1.000000	0.966828	0.966839	0.999989	0.982788	0.983597	0.999164	0.985920	0.990293	0.995541	0.983708	0.996388	0.987228	0.979182	0.997854	0.981248	0.977407	0.998216	0.979117
POS	00475	1.0021	9512873	x	V	0.434186	0.434186	1.000000	0.692559	0.692569	0.999979	0.924914	0.954201	0.967881	0.927160	0.975928	0.948860	0.914514	0.985006	0.927424	0.900725	0.989520	0.909400	0.886013	0.992049	0.892350	0.867124	0.993574	0.872014	0.852445	0.994622	0.856393	0.841879	0.995537	0.845069	0.829378	0.996327	0.831922	0.821660	0.997013	0.823688	0.815067	0.997520	0.816723	0.800513	0.998601	0.801411	0.793732	0.998935	0.794404
PSF	00475	1.0021	9512873	x	V	0.445544	0.449185	0.982131	0.695283	0.709336	0.972296	0.876035	0.951891	0.916619	0.877503	0.973743	0.898769	0.865953	0.983281	0.878894	0.853807	0.988462	0.862402	0.840336	0.991351	0.846542	0.822684	0.993083	0.827425	0.808891	0.994246	0.812695	0.799000	0.995275	0.802042	0.787236	0.996155	0.789635	0.779899	0.996849	0.781826	0.773650	0.997373	0.775230	0.759811	0.998461	0.760701	0.753401	0.998824	0.754071
POS	00475	1.0021	9512873	x	g	0.398525	0.398525	1.000000	0.674527	0.674531	0.999991	0.944054	0.960757	0.981917	0.953603	0.981861	0.970705	0.948547	0.989578	0.958119	0.939726	0.992998	0.945994	0.927644	0.994751	0.932207	0.909238	0.995693	0.912828	0.896241	0.996332	0.899208	0.887563	0.996939	0.889988	0.875427	0.997529	0.877330	0.869358	0.998012	0.870866	0.864379	0.998369	0.865601	0.853308	0.999144	0.853932	0.848514	0.999344	0.848987
PSF	00475	1.0021	9512873	x	g	0.407504	0.410553	0.982105	0.678144	0.690030	0.975228	0.898465	0.958987	0.934368	0.905942	0.979648	0.923319	0.901233	0.987582	0.911563	0.894024	0.991755	0.900719	0.883230	0.993960	0.887996	0.866077	0.995146	0.869751	0.853837	0.995885	0.856860	0.845797	0.996649	0.848209	0.834377	0.997346	0.836233	0.828600	0.997844	0.830086	0.823853	0.998208	0.825073	0.813285	0.998989	0.813955	0.808735	0.999206	0.809255
POS	00475	1.0021	9512873	y	V	0.407686	0.407686	1.000000	0.650313	0.650313	1.000000	0.912104	0.918587	0.992321	0.930351	0.947413	0.981010	0.924218	0.959303	0.961934	0.919802	0.968618	0.948054	0.914796	0.976463	0.935422	0.905538	0.983625	0.919397	0.896432	0.988178	0.906149	0.886607	0.989783	0.894797	0.879549	0.994188	0.884095	0.872913	0.995787	0.876149	0.866610	0.996705	0.869100	0.850949	0.997629	0.852673	0.843707	0.997928	0.845188
PSF	00475	1.0021	9512873	y	V	0.419952	0.423072	0.982744	0.660941	0.671193	0.977411	0.869711	0.919849	0.941024	0.881013	0.946015	0.927651	0.875795	0.958564	0.910255	0.871868	0.968282	0.897500	0.867205	0.976388	0.885781	0.858462	0.983766	0.870798	0.849367	0.988152	0.858106	0.840341	0.989983	0.847548	0.832568	0.993800	0.836915	0.826301	0.995448	0.829435	0.820444	0.996462	0.822841	0.805781	0.997520	0.807398	0.798952	0.997847	0.800331
POS	00475	1.0021	9512873	y	g	0.378167	0.378167	1.000000	0.640080	0.640080	1.000000	0.923636	0.925956	0.997294	0.943626	0.951489	0.991318	0.942530	0.960747	0.980279	0.942151	0.968306	0.972130	0.941342	0.975886	0.963759	0.936032	0.983909	0.950584	0.930311	0.988674	0.940332	0.923009	0.990177	0.931538	0.918424	0.995262	0.922457	0.914154	0.996920	0.916743	0.909658	0.997689	0.911578	0.897836	0.998340	0.899179	0.892787	0.998530	0.893962
PSF	00475	1.0021	9512873	y	g	0.387716	0.390291	0.983267	0.649339	0.658198	0.979691	0.887684	0.928529	0.952785	0.901209	0.951570	0.944531	0.900033	0.960986	0.934167	0.899526	0.968649	0.926499	0.898615	0.976338	0.918621	0.893587	0.984585	0.906266	0.887524	0.989116	0.896277	0.880533	0.990645	0.887917	0.874913	0.995097	0.878701	0.870745	0.996732	0.873238	0.866459	0.997517	0.868332	0.855366	0.998288	0.856623	0.850573	0.998493	0.851666
POS	00475	1.0021	9512873	z	V	0.417884	0.417884	1.000000	0.666581	0.666581	1.000000	0.926580	0.937291	0.987817	0.935470	0.961783	0.971585	0.927030	0.972819	0.951680	0.918517	0.980149	0.935928	0.912011	0.987364	0.922781	0.896842	0.991299	0.903958	0.884532	0.994021	0.889263	0.874352	0.995391	0.877906	0.861461	0.996223	0.864284	0.853204	0.996744	0.855589	0.846351	0.997236	0.848341	0.831046	0.998169	0.832314	0.824155	0.998595	0.825112
PSF	00475	1.0021	9512873	z	V	0.424647	0.428214	0.980764	0.666954	0.678758	0.974589	0.887159	0.936152	0.944295	0.894610	0.960559	0.928726	0.887896	0.972612	0.910664	0.879443	0.979926	0.895578	0.870996	0.985955	0.881938	0.857166	0.990369	0.864371	0.845602	0.993270	0.850475	0.836172	0.994860	0.839800	0.824128	0.995894	0.826938	0.816392	0.996535	0.818717	0.809873	0.997062	0.811810	0.795298	0.998062	0.796527	0.788721	0.998509	0.789651
POS	00475	1.0021	9512873	z	g	0.385333	0.385333	1.000000	0.652209	0.652209	1.000000	0.934736	0.940208	0.993812	0.950689	0.964005	0.985679	0.948634	0.972981	0.974300	0.944983	0.978973	0.964561	0.942665	0.985903	0.955545	0.935392	0.993041	0.941564	0.926393	0.996094	0.929771	0.918263	0.997165	0.920666	0.905615	0.997694	0.907515	0.899034	0.997992	0.900663	0.893778	0.998281	0.895156	0.882035	0.998865	0.882920	0.877190	0.999128	0.877862
PSF	00475	1.0021	9512873	z	g	0.390747	0.393912	0.979849	0.652901	0.663780	0.975513	0.903410	0.943091	0.955498	0.915451	0.965584	0.946329	0.914063	0.975100	0.935909	0.910379	0.981144	0.926591	0.906258	0.987161	0.917067	0.895373	0.992192	0.901726	0.886499	0.995148	0.890347	0.879127	0.996483	0.881863	0.867536	0.997337	0.869550	0.861501	0.997809	0.863134	0.856536	0.998147	0.857900	0.845330	0.998773	0.846209	0.840710	0.999056	0.841378
thin2	00475	1.0021	9512873	x	V	0.289283	0.289283	1.000000	0.544563	0.544563	1.000000	0.870444	0.878475	0.989607	0.924734	0.980953	0.941642	0.902778	0.989616	0.911412	0.879037	0.993147	0.884401	0.842574	0.995599	0.845724	0.822307	0.997287	0.824151	0.813563	0.997959	0.814919
thin2	00475	1.0021	9512873	x	g	0.240744	0.240744	1.000000	0.517412	0.517412	1.000000	0.873699	0.878412	0.993897	0.953188	0.986209	0.966065	0.940730	0.993062	0.946954	0.921175	0.995462	0.925060	0.886989	0.997014	0.889351	0.870082	0.998229	0.871427	0.863928	0.998682	0.864914
thin2	00475	1.0021	9512873	y	V	0.272035	0.272035	1.000000	0.512095	0.512095	1.000000	0.833453	0.834054	0.999137	0.929383	0.953590	0.973412	0.921240	0.969107	0.949112	0.912022	0.980701	0.928689	0.887465	0.990700	0.894920	0.872542	0.996205	0.875452	0.863870	0.997227	0.865951
thin2	00475	1.0021	9512873	y	g	0.228784	0.228784	1.000000	0.491706	0.491706	1.000000	0.839487	0.839675	0.999734	0.943712	0.956541	0.985987	0.942866	0.968939	0.972253	0.940168	0.980135	0.958432	0.922855	0.991250	0.930434	0.914022	0.997390	0.916213	0.908027	0.998100	0.909599
thin2	00475	1.0021	9512873	z	V	0.278164	0.278164	1.000000	0.523632	0.523632	1.000000	0.850753	0.852053	0.998211	0.931349	0.965277	0.963633	0.919033	0.978914	0.937594	0.908092	0.989809	0.916662	0.875775	0.995387	0.879343	0.854611	0.996979	0.856830	0.845601	0.997687	0.847262
thin2	00475	1.0021	9512873	z	g	0.232679	0.232679	1.000000	0.500078	0.500078	1.000000	0.852688	0.853383	0.999046	0.950227	0.967975	0.981070	0.946316	0.979010	0.965914	0.941993	0.989560	0.951449	0.917891	0.997151	0.920304	0.900056	0.998149	0.901561	0.893650	0.998571	0.894794
thin4	00475	1.0021	9512873	x	V	0.205178	0.205178	1.000000	0.381075	0.381075	1.000000	0.723931	0.724115	0.999649	0.926518	0.955690	0.968105	0.926802	0.981295	0.943470	0.906524	0.988703	0.916013	0.878264	0.993143	0.883622	0.849481	0.995127	0.853029	0.835748	0.996001	0.838562
thin4	00475	1.0021	9512873	x	g	0.157975	0.157975	1.000000	0.336708	0.336708	1.000000	0.708107	0.708183	0.999848	0.944467	0.961342	0.981753	0.955173	0.986598	0.967730	0.942556	0.992381	0.949426	0.919751	0.995374	0.923699	0.893915	0.996588	0.896659	0.882086	0.997171	0.884299
thin4	00475	1.0021	9512873	y	V	0.192838	0.192838	1.000000	0.358155	0.358155	1.000000	0.680797	0.680799	0.999996	0.915096	0.921167	0.992850	0.928207	0.951952	0.973830	0.921220	0.965917	0.952171	0.914905	0.982482	0.930077	0.894718	0.989963	0.902908	0.885512	0.993905	0.890347
thin4	00475	1.0021	9512873	y	g	0.150186	0.150186	1.000000	0.320105	0.320105	1.000000	0.673362	0.673363	0.999998	0.925401	0.928055	0.996919	0.940589	0.954468	0.984775	0.939640	0.965829	0.971951	0.942088	0.982045	0.958600	0.928927	0.990431	0.937340	0.923391	0.994753	0.927911
thin4	00475	1.0021	9512873	z	V	0.197183	0.197183	1.000000	0.366225	0.366225	1.000000	0.696141	0.696142	0.999999	0.923738	0.935728	0.986318	0.929509	0.963255	0.963678	0.919763	0.976073	0.940979	0.907710	0.989758	0.916317	0.883013	0.994671	0.887210	0.869485	0.995981	0.872546
thin4	00475	1.0021	9512873	z	g	0.152635	0.152635	1.000000	0.325326	0.325326	1.000000	0.684346	0.684347	1.000000	0.933313	0.939489	0.993006	0.946659	0.965320	0.979988	0.944777	0.976418	0.966838	0.943939	0.991151	0.951962	0.922889	0.995354	0.926882	0.913391	0.997469	0.915513
thin8	00475	1.0021	9512873	x	V	0.135293	0.135293	1.000000	0.260878	0.260878	1.000000	0.591852	0.591852	1.000000	0.876379	0.886306	0.987382	0.925746	0.954092	0.968904	0.929760	0.977470	0.950121	0.905178	0.988834	0.914526	0.885981	0.992440	0.892001	0.867215	0.993898	0.871857
thin8	00475	1.0021	9512873	x	g	0.089293	0.089293	1.000000	0.207942	0.207942	1.000000	0.568188	0.568188	1.000000	0.882452	0.887469	0.993634	0.944603	0.959441	0.983892	0.957100	0.983025	0.973184	0.942310	0.992588	0.948988	0.929271	0.995051	0.933586	0.910793	0.995994	0.914142
thin8	00475	1.0021	9512873	y	V	0.127774	0.127774	1.000000	0.246379	0.246379	1.000000	0.558960	0.558960	1.000000	0.846370	0.847000	0.999121	0.915020	0.922171	0.991597	0.929576	0.949826	0.977580	0.922499	0.969842	0.949744	0.914747	0.979728	0.932395	0.906402	0.987334	0.917066
thin8	00475	1.0021	9512873	y	g	0.085549	0.085549	1.000000	0.199222	0.199222	1.000000	0.544360	0.544360	1.000000	0.854984	0.855313	0.999550	0.927624	0.930815	0.996319	0.942601	0.954804	0.986622	0.943517	0.971947	0.969930	0.941262	0.979992	0.959705	0.936713	0.988530	0.947006
thin8	00475	1.0021	9512873	z	V	0.130340	0.130340	1.000000	0.251327	0.251327	1.000000	0.570185	0.570185	1.000000	0.860979	0.862733	0.997644	0.923630	0.935650	0.986283	0.930491	0.959715	0.968312	0.921477	0.979117	0.939950	0.909447	0.986806	0.920641	0.896904	0.992103	0.903354
thin8	00475	1.0021	9512873	z	g	0.086601	0.086601	1.000000	0.201672	0.201672	1.000000	0.551053	0.551053	1.000000	0.864190	0.865131	0.998743	0.933348	0.939331	0.993222	0.945237	0.961959	0.981941	0.946085	0.979297	0.965394	0.940297	0.985559	0.953433	0.935526	0.994087	0.940761
POS	00475	1.0021	9706485	x	V	0.849174	0.849174	1.000000	0.940546	0.940546	1.000000	0.981150	0.981342	0.999801	0.988236	0.988689	0.999536	0.991686	0.992637	0.999034	0.992583	0.995206	0.997352	0.991777	0.996460	0.995284	0.990939	0.997267	0.993637	0.989999	0.997886	0.992080	0.985995	0.998306	0.987647	0.983487	0.998562	0.984882	0.982245	0.998769	0.983436	0.981088	0.998953	0.982098	0.977870	0.999340	0.978502	0.974821	0.999453	0.975342
PSF	00475	1.0021	9706485	x	V	0.845932	0.853231	0.989989	0.933086	0.943468	0.988344	0.968215	0.981980	0.985728	0.973987	0.988757	0.984894	0.976500	0.992279	0.983976	0.977147	0.994744	0.982218	0.976714	0.996193	0.980373	0.976089	0.997109	0.978859	0.975244	0.997774	0.977370	0.971367	0.998233	0.973041	0.968952	0.998520	0.970346	0.967756	0.998742	0.968936	0.966627	0.998934	0.967626	0.963453	0.999321	0.964083	0.960450	0.999436	0.960971
POS	00475	1.0021	9706485	x	g	0.863441	0.863441	1.000000	0.949022	0.949022	1.000000	0.984004	0.984062	0.999940	0.990300	0.990442	0.999855	0.993266	0.993635	0.999627	0.995198	0.996355	0.998834	0.995005	0.997556	0.997437	0.994611	0.998202	0.996395	0.994016	0.998640	0.995363	0.989882	0.998901	0.990961	0.987607	0.999059	0.988527	0.986709	0.999188	0.987500	0.985833	0.999302	0.986512	0.983343	0.999553	0.983775	0.980507	0.999629	0.980864
PSF	00475	1.0021	9706485	x	g	0.858423	0.866517	0.989236	0.940588	0.951338	0.988130	0.971918	0.984957	0.986562	0.977296	0.990955	0.986092	0.979621	0.993863	0.985583	0.980657	0.996158	0.984380	0.980557	0.997413	0.983058	0.980243	0.998103	0.982074	0.979710	0.998571	0.981085	0.975712	0.998872	0.976787	0.973514	0.999055	0.974412	0.972650	0.999196	0.973412	0.971797	0.999317	0.972443	0.969350	0.999573	0.969751	0.966552	0.999649	0.966880
POS	00475	1.0021	9706485	y	V	0.846310	0.846310	1.000000	0.937374	0.937374	1.000000	0.977535	0.977877	0.999643	0.984044	0.984921	0.999096	0.986611	0.988416	0.998153	0.988810	0.991630	0.997132	0.989885	0.993825	0.996011	0.989546	0.994878	0.994612	0.988711	0.995546	0.993104	0.986487	0.996863	0.989558	0.985760	0.998027	0.987685	0.984905	0.998432	0.986431	0.983868	0.998678	0.985151	0.980491	0.998987	0.981467	0.977631	0.999201	0.978396
PSF	00475	1.0021	9706485	y	V	0.844180	0.851407	0.990045	0.930045	0.940866	0.987785	0.963538	0.978492	0.984386	0.969090	0.985149	0.983457	0.971275	0.988495	0.982380	0.973282	0.991654	0.981320	0.974296	0.993844	0.980212	0.974015	0.994933	0.978870	0.973215	0.995618	0.977402	0.970722	0.996787	0.973768	0.969996	0.997954	0.971928	0.969141	0.998355	0.970691	0.968108	0.998597	0.969426	0.964869	0.998952	0.965846	0.962054	0.999168	0.962825
POS	00475	1.0021	9706485	y	g	0.858878	0.858878	1.000000	0.944006	0.944006	1.000000	0.978657	0.978787	0.999864	0.984643	0.984994	0.999638	0.987142	0.987942	0.999181	0.989588	0.990910	0.998654	0.990906	0.992860	0.998017	0.990935	0.993714	0.997186	0.990515	0.994234	0.996237	0.991611	0.997124	0.994455	0.991342	0.998297	0.993022	0.990854	0.998635	0.992198	0.990122	0.998823	0.991278	0.987639	0.999082	0.988536	0.984992	0.999260	0.985711
PSF	00475	1.0021	9706485	y	g	0.855357	0.863367	0.989269	0.936479	0.947483	0.987750	0.966711	0.980474	0.985687	0.971995	0.986413	0.985186	0.974114	0.989207	0.984578	0.976322	0.992096	0.983976	0.977569	0.994036	0.983336	0.977628	0.994913	0.982539	0.977234	0.995449	0.981620	0.975843	0.997088	0.978633	0.975573	0.998267	0.977228	0.975083	0.998603	0.976415	0.974351	0.998787	0.975506	0.971920	0.999054	0.972816	0.969300	0.999225	0.970029
POS	00475	1.0021	9706485	z	V	0.843926	0.843926	1.000000	0.934734	0.934734	1.000000	0.975434	0.975452	0.999981	0.982872	0.982953	0.999917	0.986772	0.987112	0.999652	0.989338	0.990503	0.998812	0.989710	0.992339	0.997331	0.989071	0.993238	0.995777	0.988309	0.993939	0.994301	0.987982	0.996213	0.991706	0.985758	0.996613	0.989072	0.984715	0.996920	0.987719	0.983695	0.997174	0.986445	0.980490	0.997567	0.982840	0.980184	0.999095	0.981055
PSF	00475	1.0021	9706485	z	V	0.842026	0.849231	0.990025	0.928673	0.938983	0.988314	0.964738	0.977875	0.986266	0.970618	0.984686	0.985494	0.973481	0.988375	0.984756	0.974550	0.991044	0.983209	0.974634	0.992750	0.981621	0.974192	0.993753	0.980195	0.973511	0.994497	0.978784	0.972522	0.996445	0.975908	0.970400	0.996883	0.973353	0.969393	0.997203	0.972035	0.968396	0.997463	0.970787	0.965264	0.997873	0.967255	0.964382	0.999107	0.965214
POS	00475	1.0021	9706485	z	g	0.857770	0.857770	1.000000	0.942788	0.942788	1.000000	0.977653	0.977655	0.999998	0.984041	0.984060	0.999980	0.987185	0.987330	0.999852	0.990255	0.990609	0.999639	0.991267	0.992403	0.998847	0.991093	0.993154	0.997911	0.990658	0.993666	0.996953	0.991779	0.996565	0.995181	0.989744	0.996843	0.992856	0.989011	0.997056	0.991908	0.988224	0.997214	0.990960	0.985779	0.997487	0.988233	0.986386	0.999322	0.987046
PSF	00475	1.0021	9706485	z	g	0.854005	0.861814	0.989501	0.935837	0.946205	0.988427	0.967889	0.980087	0.987305	0.973286	0.986072	0.986852	0.975797	0.989064	0.986441	0.977265	0.991567	0.985455	0.977743	0.993109	0.984421	0.977601	0.993881	0.983520	0.977251	0.994439	0.982621	0.977273	0.996803	0.980346	0.975368	0.997136	0.978109	0.974654	0.997354	0.977181	0.973888	0.997519	0.976253	0.971491	0.997801	0.973575	0.971475	0.999330	0.972108
thin2	00475	1.0021	9706485	x	V	0.743841	0.743841	1.000000	0.900604	0.900604	1.000000	0.969031	0.969045	0.999985	0.990018	0.990611	0.999396	0.992388	0.995150	0.997210	0.991276	0.996946	0.994295	0.986058	0.998294	0.987722	0.981399	0.998856	0.982504	0.979368	0.999079	0.980253
thin2	00475	1.0021	9706485	x	g	0.758430	0.758430	1.000000	0.912513	0.912513	1.000000	0.973681	0.973685	0.999996	0.991796	0.991997	0.999797	0.995137	0.996345	0.998783	0.994831	0.997972	0.996847	0.990047	0.998899	0.991128	0.985943	0.999248	0.986675	0.984273	0.999387	0.984868
thin2	00475	1.0021	9706485	y	V	0.741111	0.741111	1.000000	0.897299	0.897299	1.000000	0.965420	0.965460	0.999956	0.985240	0.986397	0.998811	0.988588	0.991414	0.997125	0.989559	0.994248	0.995257	0.986720	0.996789	0.989866	0.984463	0.998576	0.985847	0.982528	0.998851	0.983640
thin2	00475	1.0021	9706485	y	g	0.754102	0.754102	1.000000	0.907305	0.907305	1.000000	0.968099	0.968115	0.999983	0.985594	0.986061	0.999520	0.989192	0.990521	0.998645	0.990605	0.992999	0.997573	0.992096	0.997072	0.994994	0.990653	0.998769	0.991864	0.989071	0.998956	0.990094
thin2	00475	1.0021	9706485	z	V	0.738777	0.738777	1.000000	0.894473	0.894473	1.000000	0.962461	0.962461	1.000000	0.984222	0.984341	0.999877	0.988717	0.989922	0.998771	0.989075	0.992439	0.996585	0.987169	0.995442	0.991652	0.984007	0.996761	0.987164	0.982179	0.997087	0.985005
thin2	00475	1.0021	9706485	z	g	0.752835	0.752835	1.000000	0.905781	0.905781	1.000000	0.966506	0.966506	1.000000	0.984814	0.984846	0.999967	0.989492	0.989844	0.999641	0.990806	0.992268	0.998515	0.990783	0.995572	0.995168	0.988325	0.996748	0.991522	0.986790	0.996955	0.989773
thin4	00475	1.0021	9706485	x	V	0.536083	0.536083	1.000000	0.829369	0.829369	1.000000	0.946566	0.946566	1.000000	0.983332	0.983555	0.999769	0.990062	0.990676	0.999374	0.992676	0.994218	0.998440	0.991206	0.997029	0.994142	0.987528	0.998098	0.989389	0.983714	0.998502	0.985169
thin4	00475	1.0021	9706485	x	g	0.543861	0.543861	1.000000	0.843708	0.843708	1.000000	0.953940	0.953940	1.000000	0.986217	0.986282	0.999933	0.991851	0.992064	0.999783	0.994114	0.994810	0.999297	0.994751	0.998073	0.996665	0.991509	0.998797	0.992695	0.987701	0.999044	0.988636
thin4	00475	1.0021	9706485	y	V	0.534016	0.534016	1.000000	0.826172	0.826172	1.000000	0.942917	0.942917	1.000000	0.979295	0.979639	0.999642	0.985063	0.986260	0.998770	0.986936	0.989418	0.997465	0.989682	0.994335	0.995293	0.986765	0.995779	0.990910	0.986431	0.997949	0.988434
thin4	00475	1.0021	9706485	y	g	0.540616	0.540616	1.000000	0.838674	0.838674	1.000000	0.948249	0.948249	1.000000	0.980184	0.980322	0.999856	0.985345	0.985848	0.999482	0.987278	0.988417	0.998834	0.990681	0.993048	0.997600	0.991590	0.995849	0.995705	0.992084	0.998267	0.993796
thin4	00475	1.0021	9706485	z	V	0.532355	0.532355	1.000000	0.823602	0.823602	1.000000	0.939984	0.939984	1.000000	0.976891	0.976916	0.999974	0.984152	0.984277	0.999871	0.987325	0.988081	0.999225	0.988629	0.992258	0.996314	0.988272	0.994990	0.993215	0.986323	0.996335	0.989915
thin4	00475	1.0021	9706485	z	g	0.539847	0.539847	1.000000	0.837480	0.837480	1.000000	0.946899	0.946899	1.000000	0.979062	0.979064	0.999997	0.984890	0.984923	0.999967	0.987821	0.987990	0.999826	0.990673	0.992339	0.998309	0.991792	0.995242	0.996517	0.990125	0.996565	0.993516
thin8	00475	1.0021	9706485	x	V	0.373110	0.373110	1.000000	0.695730	0.695730	1.000000	0.914854	0.914854	1.000000	0.969804	0.969825	0.999978	0.982623	0.982855	0.999760	0.988766	0.989277	0.999478	0.992399	0.994310	0.998066	0.991466	0.996496	0.994934	0.989325	0.997314	0.991968
thin8	00475	1.0021	9706485	x	g	0.376860	0.376860	1.000000	0.708059	0.708059	1.000000	0.926116	0.926116	1.000000	0.974328	0.974332	0.999996	0.985533	0.985600	0.999931	0.990935	0.991105	0.999826	0.995072	0.995673	0.999393	0.994720	0.997609	0.997097	0.992749	0.998259	0.994470
thin8	00475	1.0021	9706485	y	V	0.371668	0.371668	1.000000	0.693042	0.693042	1.000000	0.911319	0.911319	1.000000	0.965969	0.966032	0.999932	0.978457	0.978869	0.999569	0.983954	0.984954	0.998970	0.987318	0.989836	0.997430	0.989311	0.993483	0.995773	0.987951	0.994687	0.993192
thin8	00475	1.0021	9706485	y	g	0.374520	0.374520	1.000000	0.703661	0.703661	1.000000	0.920364	0.920364	1.000000	0.968224	0.968253	0.999968	0.979201	0.979372	0.999822	0.984281	0.984698	0.999570	0.987720	0.988898	0.998796	0.990152	0.992215	0.997904	0.991585	0.994568	0.996985
thin8	00475	1.0021	9706485	z	V	0.370604	0.370604	1.000000	0.691057	0.691057	1.000000	0.908710	0.908710	1.000000	0.963319	0.963325	0.999994	0.976404	0.976445	0.999957	0.982911	0.983028	0.999879	0.988416	0.988978	0.999426	0.988852	0.991830	0.996972	0.989192	0.993889	0.995245
thin8	00475	1.0021	9706485	z	g	0.374018	0.374018	1.000000	0.702718	0.702718	1.000000	0.919131	0.919131	1.000000	0.966986	0.966986	1.000000	0.978220	0.978227	0.999993	0.983738	0.983769	0.999968	0.988333	0.988547	0.999781	0.990416	0.991685	0.998710	0.991664	0.993942	0.997695
POS	00786	0.5003	11635141	x	V	0.552075	0.552075	1.000000	0.804953	0.804953	1.000000	0.936815	0.936821	0.999993	0.958360	0.959568	0.998689	0.967309	0.974032	0.992915	0.965968	0.981325	0.984058	0.958462	0.985969	0.971715	0.951361	0.988784	0.961740	0.945352	0.990870	0.953659	0.939318	0.992395	0.946128	0.934730	0.993518	0.940465	0.930952	0.994324	0.935926	0.927340	0.995003	0.931679	0.915187	0.996686	0.917980	0.908446	0.997266	0.910713
PSF	00786	0.5003	11635141	x	V	0.552712	0.554475	0.994277	0.803955	0.808033	0.993761	0.932067	0.938941	0.992207	0.949949	0.959990	0.989110	0.957370	0.973778	0.982704	0.955838	0.981000	0.973868	0.948541	0.985735	0.961743	0.941605	0.988611	0.951931	0.935777	0.990773	0.944004	0.929853	0.992332	0.936582	0.925324	0.993468	0.930989	0.921604	0.994289	0.926509	0.918037	0.994976	0.922313	0.905992	0.996660	0.908751	0.899322	0.997244	0.901562
POS	00786	0.5003	11635141	x	g	0.585132	0.585132	1.000000	0.845789	0.845789	1.000000	0.960841	0.960972	0.999857	0.973688	0.975713	0.997873	0.978470	0.985164	0.993103	0.976475	0.989520	0.986679	0.970656	0.992128	0.978190	0.965059	0.993754	0.970948	0.960783	0.994919	0.965520	0.956603	0.995765	0.960512	0.953480	0.996391	0.956784	0.950933	0.996835	0.953813	0.948516	0.997222	0.951028	0.939455	0.998161	0.941084	0.934875	0.998482	0.936206
PSF	00786	0.5003	11635141	x	g	0.584745	0.587434	0.992233	0.842493	0.848561	0.991584	0.952784	0.962376	0.989648	0.963274	0.976056	0.986588	0.967236	0.985166	0.981530	0.964914	0.989365	0.975027	0.959196	0.992005	0.966669	0.953724	0.993672	0.959552	0.949544	0.994868	0.954218	0.945435	0.995730	0.949284	0.942356	0.996365	0.945608	0.939851	0.996817	0.942680	0.937458	0.997205	0.939928	0.928497	0.998145	0.930102	0.923974	0.998470	0.925284
POS	00786	0.5003	11635141	y	V	0.545366	0.545366	1.000000	0.795170	0.795170	1.000000	0.925441	0.925441	1.000000	0.948920	0.949032	0.999876	0.964748	0.966865	0.997736	0.970270	0.977575	0.992358	0.964555	0.983106	0.980813	0.960933	0.987734	0.972539	0.955074	0.989914	0.964460	0.950097	0.992024	0.957411	0.946083	0.993477	0.951997	0.942479	0.994398	0.947510	0.938897	0.995113	0.943246	0.926151	0.996541	0.929138	0.919241	0.997067	0.921733
PSF	00786	0.5003	11635141	y	V	0.546226	0.547910	0.994404	0.794884	0.798645	0.994111	0.922641	0.928567	0.993130	0.943227	0.950856	0.991565	0.955315	0.966916	0.987597	0.959954	0.977250	0.981896	0.954572	0.982951	0.970643	0.950926	0.987570	0.962445	0.945188	0.989792	0.954492	0.940255	0.991909	0.947522	0.936338	0.993400	0.942200	0.932781	0.994330	0.937769	0.929268	0.995067	0.933569	0.916663	0.996507	0.919617	0.909846	0.997049	0.912303
POS	00786	0.5003	11635141	y	g	0.579416	0.579416	1.000000	0.837527	0.837527	1.000000	0.951715	0.951718	0.999997	0.967515	0.967872	0.999619	0.976896	0.979574	0.997209	0.979530	0.986236	0.993106	0.975096	0.989534	0.985257	0.972958	0.992947	0.979730	0.968838	0.994203	0.974342	0.965404	0.995451	0.969682	0.962603	0.996259	0.966095	0.960180	0.996779	0.963168	0.957776	0.997184	0.960374	0.948389	0.997989	0.950205	0.943728	0.998288	0.945258
PSF	00786	0.5003	11635141	y	g	0.579304	0.581896	0.992370	0.835052	0.840753	0.991946	0.945790	0.954225	0.990740	0.959070	0.969249	0.989169	0.966031	0.979825	0.985636	0.968102	0.986252	0.981345	0.963817	0.989622	0.973659	0.961338	0.992862	0.968028	0.957281	0.994133	0.962720	0.953866	0.995377	0.958110	0.951173	0.996230	0.954609	0.948781	0.996754	0.951721	0.946424	0.997171	0.948972	0.937153	0.997984	0.938931	0.932557	0.998289	0.934049
POS	00786	0.5003	11635141	z	V	0.555196	0.555196	1.000000	0.809503	0.809503	1.000000	0.941963	0.942040	0.999913	0.962247	0.964214	0.997885	0.968669	0.977456	0.990806	0.965463	0.983833	0.981028	0.956229	0.987598	0.967850	0.950596	0.991208	0.958679	0.943663	0.992811	0.950156	0.936598	0.993778	0.942122	0.931446	0.994590	0.936189	0.927248	0.995160	0.931448	0.923335	0.995666	0.927061	0.912864	0.998292	0.914292	0.905791	0.998679	0.906878
PSF	00786	0.5003	11635141	z	V	0.556317	0.558070	0.994385	0.809664	0.813523	0.994176	0.938051	0.944971	0.992255	0.954394	0.965308	0.988291	0.959507	0.977980	0.980694	0.956428	0.984448	0.971101	0.947706	0.988468	0.958302	0.941493	0.991761	0.948915	0.934663	0.993395	0.940508	0.927720	0.994401	0.932591	0.922593	0.995206	0.926711	0.918445	0.995787	0.922028	0.914582	0.996304	0.917696	0.903067	0.998286	0.904469	0.896048	0.998662	0.897126
POS	00786	0.5003	11635141	z	g	0.585894	0.585894	1.000000	0.846890	0.846890	1.000000	0.961790	0.962070	0.999698	0.973758	0.976377	0.997253	0.977592	0.985355	0.992005	0.974396	0.989097	0.984976	0.967615	0.991197	0.976002	0.963956	0.993830	0.969760	0.959215	0.994748	0.964098	0.954505	0.995306	0.958821	0.951075	0.995764	0.954939	0.948319	0.996091	0.951862	0.945719	0.996374	0.948985	0.939820	0.999029	0.940679	0.935070	0.999260	0.935718
PSF	00786	0.5003	11635141	z	g	0.586191	0.588855	0.992341	0.845121	0.850901	0.992027	0.955145	0.964693	0.989744	0.964729	0.977928	0.986203	0.967384	0.986383	0.980478	0.964333	0.990213	0.973613	0.957834	0.992445	0.964869	0.953304	0.994616	0.958250	0.948645	0.995558	0.952678	0.944032	0.996147	0.947492	0.940632	0.996605	0.943655	0.937906	0.996935	0.940618	0.935348	0.997230	0.937785	0.927938	0.999027	0.928777	0.923223	0.999245	0.923867
thin2	00786	0.5003	11635141	x	V	0.312144	0.312144	1.000000	0.694806	0.694806	1.000000	0.891690	0.891690	1.000000	0.963212	0.966416	0.996570	0.967730	0.981331	0.985880	0.954867	0.987632	0.966423	0.940409	0.992438	0.947197	0.930371	0.994569	0.935122	0.923593	0.995424	0.927532
thin2	00786	0.5003	11635141	x	g	0.327987	0.327987	1.000000	0.736951	0.736951	1.000000	0.924589	0.924589	1.000000	0.976742	0.980448	0.996144	0.978103	0.989587	0.988275	0.967863	0.993134	0.974383	0.957736	0.995797	0.961623	0.950971	0.996990	0.953709	0.945510	0.997459	0.947793
thin2	00786	0.5003	11635141	y	V	0.308429	0.308429	1.000000	0.686537	0.686537	1.000000	0.881077	0.881077	1.000000	0.956923	0.957547	0.999319	0.969809	0.976569	0.992913	0.963773	0.986353	0.976798	0.950729	0.991943	0.958128	0.941925	0.994790	0.946595	0.935197	0.995713	0.938977
thin2	00786	0.5003	11635141	y	g	0.324918	0.324918	1.000000	0.730056	0.730056	1.000000	0.915939	0.915939	1.000000	0.972910	0.973958	0.998895	0.979364	0.985597	0.993585	0.975054	0.992162	0.982623	0.966040	0.995429	0.970345	0.960003	0.997031	0.962755	0.954583	0.997548	0.956828
thin2	00786	0.5003	11635141	z	V	0.313958	0.313958	1.000000	0.698844	0.698844	1.000000	0.896872	0.896872	1.000000	0.966469	0.970847	0.995356	0.966839	0.983716	0.982565	0.953931	0.990036	0.963179	0.937625	0.993867	0.943081	0.926423	0.995351	0.930449	0.922304	0.997693	0.924275
thin2	00786	0.5003	11635141	z	g	0.328459	0.328459	1.000000	0.738013	0.738013	1.000000	0.925922	0.925922	1.000000	0.976765	0.981161	0.995434	0.975522	0.988978	0.986244	0.966179	0.992977	0.972827	0.955225	0.995191	0.959655	0.947813	0.996024	0.951413	0.946465	0.998714	0.947619
thin4	00786	0.5003	11635141	x	V	0.135819	0.135819	1.000000	0.508720	0.508720	1.000000	0.833447	0.833447	1.000000	0.938461	0.938518	0.999935	0.963303	0.966544	0.996531	0.966853	0.979483	0.986839	0.955491	0.987754	0.966945	0.942667	0.991660	0.950200	0.936216	0.993253	0.942208
thin4	00786	0.5003	11635141	x	g	0.139005	0.139005	1.000000	0.538037	0.538037	1.000000	0.874072	0.874072	1.000000	0.960824	0.961100	0.999701	0.976595	0.980289	0.996156	0.977426	0.988377	0.988791	0.968805	0.993240	0.975236	0.959258	0.995368	0.963559	0.954840	0.996259	0.958275
thin4	00786	0.5003	11635141	y	V	0.134148	0.134148	1.000000	0.502462	0.502462	1.000000	0.823194	0.823194	1.000000	0.927032	0.927032	1.000000	0.956584	0.957265	0.999257	0.969413	0.974789	0.994343	0.962591	0.985331	0.976586	0.953612	0.991287	0.961673	0.947684	0.993189	0.953883
thin4	00786	0.5003	11635141	y	g	0.137669	0.137669	1.000000	0.532865	0.532865	1.000000	0.865670	0.865670	1.000000	0.952125	0.952135	0.999989	0.972434	0.973508	0.998866	0.979357	0.984610	0.994582	0.973783	0.990996	0.982476	0.967991	0.995089	0.972638	0.963886	0.996161	0.967480
thin4	00786	0.5003	11635141	z	V	0.136588	0.136588	1.000000	0.511603	0.511603	1.000000	0.838170	0.838170	1.000000	0.943474	0.943679	0.999769	0.966159	0.970702	0.995179	0.967370	0.982515	0.984316	0.954234	0.989916	0.963601	0.941288	0.993780	0.946866	0.933695	0.994754	0.938315
thin4	00786	0.5003	11635141	z	g	0.139236	0.139236	1.000000	0.538929	0.538929	1.000000	0.875521	0.875521	1.000000	0.962063	0.962513	0.999514	0.976569	0.981082	0.995312	0.976245	0.988592	0.987368	0.966597	0.992919	0.973307	0.958058	0.995570	0.962159	0.952992	0.996113	0.956549
thin8	00786	0.5003	11635141	x	V	0.028133	0.028133	1.000000	0.253907	0.253907	1.000000	0.728607	0.728607	1.000000	0.894551	0.894551	1.000000	0.938376	0.938511	0.999847	0.959884	0.961899	0.997822	0.968501	0.979599	0.988437	0.958383	0.986725	0.970901	0.951248	0.989453	0.960992
thin8	00786	0.5003	11635141	x	g	0.024996	0.024996	1.000000	0.263277	0.263277	1.000000	0.769269	0.769269	1.000000	0.925214	0.925214	1.000000	0.960292	0.960695	0.999563	0.974190	0.976799	0.997265	0.979276	0.988672	0.990388	0.971138	0.992679	0.978144	0.965457	0.994177	0.970948
thin8	00786	0.5003	11635141	y	V	0.027796	0.027796	1.000000	0.250869	0.250869	1.000000	0.719887	0.719887	1.000000	0.883845	0.883845	1.000000	0.927421	0.927421	1.000000	0.951702	0.952072	0.999592	0.968760	0.973896	0.994586	0.964398	0.983906	0.979854	0.961141	0.988661	0.971854
thin8	00786	0.5003	11635141	y	g	0.024764	0.024764	1.000000	0.260829	0.260829	1.000000	0.762118	0.762118	1.000000	0.916614	0.916614	1.000000	0.952175	0.952178	0.999997	0.968993	0.969672	0.999278	0.979041	0.983962	0.994918	0.975354	0.990203	0.984858	0.973465	0.993660	0.979549
thin8	00786	0.5003	11635141	z	V	0.028306	0.028306	1.000000	0.255469	0.255469	1.000000	0.733087	0.733087	1.000000	0.900052	0.900052	1.000000	0.943890	0.944150	0.999707	0.963773	0.966793	0.996769	0.969059	0.982886	0.985692	0.957360	0.989244	0.967430	0.951101	0.992461	0.958022
thin8	00786	0.5003	11635141	z	g	0.025059	0.025059	1.000000	0.263941	0.263941	1.000000	0.771211	0.771211	1.000000	0.927546	0.927548	0.999998	0.962564	0.963043	0.999483	0.975219	0.978543	0.996529	0.978033	0.989284	0.988506	0.969110	0.992887	0.975885	0.964932	0.995171	0.969471
POS	00786	0.5003	12032667	x	V	0.562497	0.562497	1.000000	0.661476	0.661476	1.000000	0.847109	0.847110	0.999999	0.901332	0.902349	0.998751	0.925416	0.933614	0.990600	0.933937	0.954964	0.976967	0.928911	0.965106	0.961193	0.880172	0.971746	0.903289	0.869173	0.976351	0.887865	0.860674	0.981157	0.875139	0.852456	0.984324	0.864188	0.845523	0.986562	0.855374	0.838921	0.988324	0.847319	0.822027	0.992661	0.827053	0.811325	0.995105	0.814576
PSF	00786	0.5003	12032667	x	V	0.563382	0.565049	0.994793	0.662142	0.664458	0.994765	0.845219	0.849886	0.993545	0.893738	0.902511	0.989241	0.914866	0.932466	0.979786	0.923667	0.954102	0.966618	0.919305	0.964617	0.951387	0.871331	0.971436	0.894242	0.860609	0.976162	0.879083	0.852264	0.981034	0.866542	0.844121	0.984212	0.855708	0.837263	0.986465	0.846993	0.830739	0.988243	0.839032	0.813999	0.992592	0.818975	0.803399	0.995045	0.806626
POS	00786	0.5003	12032667	x	g	0.604299	0.604299	1.000000	0.700014	0.700014	1.000000	0.883188	0.883475	0.999632	0.922988	0.929034	0.992999	0.930548	0.949459	0.979044	0.932876	0.966665	0.963884	0.924954	0.973677	0.948676	0.873030	0.978309	0.890263	0.862199	0.981488	0.876452	0.855054	0.986331	0.865307	0.847250	0.988752	0.855496	0.840779	0.990452	0.847649	0.834643	0.991756	0.840474	0.818847	0.994882	0.822311	0.808680	0.996492	0.810989
PSF	00786	0.5003	12032667	x	g	0.605143	0.607806	0.992812	0.700404	0.704016	0.992728	0.875949	0.885015	0.988440	0.909885	0.927960	0.979040	0.917551	0.948615	0.965540	0.920273	0.966152	0.950931	0.912761	0.973375	0.936133	0.861742	0.978170	0.878640	0.851151	0.981431	0.865082	0.844057	0.986279	0.854086	0.836243	0.988643	0.844354	0.829851	0.990350	0.836615	0.823791	0.991660	0.829539	0.808190	0.994797	0.811621	0.798194	0.996442	0.800475
POS	00786	0.5003	12032667	y	V	0.594087	0.594087	1.000000	0.698625	0.698625	1.000000	0.888684	0.891508	0.996449	0.915704	0.934113	0.978931	0.916618	0.954297	0.958703	0.906058	0.966104	0.935807	0.896806	0.974182	0.918640	0.847054	0.979658	0.862220	0.835624	0.983935	0.847183	0.825079	0.987389	0.833866	0.815973	0.989869	0.822844	0.808499	0.991633	0.814052	0.801613	0.993075	0.806119	0.783230	0.995995	0.785705	0.771002	0.997048	0.772767
PSF	00786	0.5003	12032667	y	V	0.595965	0.597812	0.994842	0.700393	0.702970	0.994792	0.879327	0.891321	0.984927	0.903845	0.932963	0.966622	0.905359	0.953578	0.947102	0.895359	0.965687	0.924780	0.886331	0.973874	0.907920	0.837288	0.979458	0.852254	0.825990	0.983757	0.837410	0.815575	0.987235	0.824267	0.806610	0.989752	0.813403	0.799234	0.991534	0.804726	0.792444	0.992994	0.796900	0.774285	0.995939	0.776738	0.762214	0.997009	0.763961
POS	00786	0.5003	12032667	y	g	0.642834	0.642834	1.000000	0.744652	0.744652	1.000000	0.911879	0.925367	0.984267	0.919309	0.955680	0.960247	0.911908	0.969008	0.939304	0.896030	0.976750	0.915558	0.885081	0.982140	0.899559	0.833205	0.985814	0.843316	0.822185	0.988711	0.829977	0.811627	0.991244	0.817488	0.803062	0.992976	0.807649	0.796183	0.994232	0.799878	0.789836	0.995214	0.792848	0.773215	0.997257	0.774863	0.762276	0.997936	0.763480
PSF	00786	0.5003	12032667	y	g	0.645455	0.648473	0.992841	0.746844	0.751015	0.992617	0.899055	0.925657	0.969026	0.903799	0.954793	0.944204	0.896922	0.968440	0.923928	0.881617	0.976421	0.900794	0.870938	0.981908	0.885142	0.819938	0.985640	0.829851	0.809122	0.988577	0.816758	0.798713	0.991116	0.804473	0.790296	0.992869	0.794808	0.783513	0.994123	0.787159	0.777284	0.995125	0.780256	0.760950	0.997198	0.762580	0.750214	0.997904	0.751398
POS	00786	0.5003	12032667	z	V	0.547247	0.547247	1.000000	0.643542	0.643542	1.000000	0.824143	0.824143	0.999999	0.877744	0.878323	0.999250	0.900335	0.908194	0.990481	0.905323	0.927016	0.974803	0.901023	0.936962	0.959168	0.917188	0.979109	0.935495	0.906418	0.984122	0.919870	0.894941	0.987417	0.905265	0.885116	0.989830	0.893239	0.877139	0.991603	0.883703	0.869657	0.992982	0.875035	0.849217	0.995473	0.852509	0.835684	0.996303	0.838284
PSF	00786	0.5003	12032667	z	V	0.549848	0.551449	0.994748	0.646198	0.648439	0.994680	0.824759	0.829323	0.993372	0.872540	0.880866	0.989284	0.892416	0.909593	0.979278	0.896772	0.928244	0.963570	0.892830	0.938450	0.948364	0.904870	0.978668	0.923076	0.894371	0.983783	0.907754	0.883152	0.987159	0.893416	0.873591	0.989667	0.881632	0.865742	0.991465	0.872242	0.858370	0.992860	0.863701	0.838226	0.995385	0.841496	0.824898	0.996239	0.827474
POS	00786	0.5003	12032667	z	g	0.585813	0.585813	1.000000	0.678600	0.678600	1.000000	0.856489	0.856616	0.999827	0.896150	0.901261	0.993712	0.903384	0.920818	0.979473	0.904008	0.936388	0.963158	0.897601	0.943652	0.948435	0.912321	0.985296	0.924914	0.901622	0.988845	0.910887	0.889750	0.991093	0.896922	0.880506	0.992835	0.886137	0.873012	0.994065	0.877587	0.866099	0.995032	0.869860	0.847469	0.996728	0.849833	0.835396	0.997320	0.837276
PSF	00786	0.5003	12032667	z	g	0.589207	0.591785	0.992663	0.681840	0.685385	0.992472	0.853282	0.861852	0.988481	0.886624	0.903710	0.979121	0.893858	0.923526	0.965306	0.892862	0.938387	0.948464	0.886397	0.945665	0.933964	0.896034	0.984909	0.908507	0.885592	0.988525	0.894790	0.874092	0.990888	0.881175	0.865064	0.992677	0.870620	0.857737	0.993938	0.862248	0.850964	0.994925	0.854674	0.832705	0.996664	0.835032	0.820861	0.997273	0.822708
thin2	00786	0.5003	12032667	x	V	0.507165	0.507165	1.000000	0.608441	0.608441	1.000000	0.759932	0.759932	1.000000	0.914322	0.917160	0.996627	0.933091	0.953674	0.977392	0.885088	0.969124	0.910771	0.861129	0.981132	0.875630	0.843078	0.987063	0.852498	0.833252	0.989793	0.840474
thin2	00786	0.5003	12032667	x	g	0.552394	0.552394	1.000000	0.650700	0.650700	1.000000	0.798568	0.798568	1.000000	0.928723	0.939199	0.988132	0.931243	0.964632	0.964163	0.877820	0.976383	0.896863	0.855304	0.986351	0.865548	0.838309	0.990812	0.844877	0.829142	0.992813	0.834148
thin2	00786	0.5003	12032667	y	V	0.535503	0.535503	1.000000	0.642437	0.642437	1.000000	0.802389	0.802390	0.999997	0.917630	0.943496	0.970991	0.907476	0.965886	0.937525	0.852682	0.977334	0.869883	0.825470	0.987185	0.834411	0.806596	0.992304	0.811673	0.795917	0.994260	0.799591
thin2	00786	0.5003	12032667	y	g	0.587256	0.587256	1.000000	0.691767	0.691767	1.000000	0.848618	0.848778	0.999778	0.917018	0.961720	0.951758	0.898235	0.976498	0.918082	0.838979	0.984236	0.850406	0.812072	0.991068	0.818059	0.794558	0.994766	0.797893	0.784734	0.996047	0.787185
thin2	00786	0.5003	12032667	z	V	0.493561	0.493561	1.000000	0.592120	0.592120	1.000000	0.739548	0.739548	1.000000	0.890537	0.892913	0.997022	0.904838	0.926082	0.975274	0.921442	0.976152	0.942662	0.895149	0.987388	0.905502	0.874549	0.992229	0.880580	0.862860	0.994041	0.867346
thin2	00786	0.5003	12032667	z	g	0.535601	0.535601	1.000000	0.630919	0.630919	1.000000	0.774291	0.774291	1.000000	0.901484	0.911014	0.988529	0.903114	0.934888	0.963732	0.916759	0.983150	0.931393	0.889761	0.991067	0.896954	0.870401	0.994500	0.874610	0.859671	0.995744	0.862841
thin4	00786	0.5003	12032667	x	V	0.433140	0.433140	1.000000	0.553353	0.553353	1.000000	0.677633	0.677633	1.000000	0.853700	0.853706	0.999992	0.913593	0.916147	0.996958	0.933379	0.948927	0.982748	0.924553	0.968285	0.953425	0.865534	0.979438	0.881552	0.854131	0.983722	0.866376
thin4	00786	0.5003	12032667	x	g	0.477623	0.477623	1.000000	0.597822	0.597822	1.000000	0.716922	0.716922	1.000000	0.889654	0.890150	0.999374	0.928628	0.938625	0.988661	0.934137	0.962210	0.969713	0.919407	0.975446	0.941189	0.859154	0.984973	0.870565	0.848397	0.988295	0.857008
thin4	00786	0.5003	12032667	y	V	0.457340	0.457340	1.000000	0.584269	0.584269	1.000000	0.715494	0.715494	1.000000	0.893280	0.897116	0.995235	0.917147	0.942568	0.971434	0.909713	0.962027	0.943595	0.892112	0.977082	0.911178	0.830313	0.985823	0.840347	0.817979	0.989363	0.825236
thin4	00786	0.5003	12032667	y	g	0.507809	0.507809	1.000000	0.635605	0.635605	1.000000	0.762231	0.762231	1.000000	0.914949	0.930263	0.982325	0.916581	0.960967	0.952025	0.900798	0.973863	0.923116	0.880249	0.984015	0.893019	0.816257	0.990032	0.823021	0.804765	0.992632	0.809602
thin4	00786	0.5003	12032667	z	V	0.421626	0.421626	1.000000	0.538643	0.538643	1.000000	0.659620	0.659620	1.000000	0.830999	0.831008	0.999987	0.889989	0.892120	0.997323	0.906190	0.922224	0.981175	0.897399	0.940529	0.951385	0.899578	0.985733	0.911445	0.886536	0.989321	0.895101
thin4	00786	0.5003	12032667	z	g	0.463387	0.463387	1.000000	0.580004	0.580004	1.000000	0.695553	0.695553	1.000000	0.863178	0.863633	0.999390	0.901844	0.910972	0.989012	0.906899	0.933431	0.969610	0.893514	0.946361	0.941178	0.893515	0.989864	0.901765	0.881052	0.992419	0.887022
thin8	00786	0.5003	12032667	x	V	0.333703	0.333703	1.000000	0.495535	0.495535	1.000000	0.622866	0.622866	1.000000	0.768023	0.768023	1.000000	0.853819	0.853858	0.999948	0.904783	0.906408	0.998023	0.930523	0.946638	0.982035	0.927620	0.965574	0.959349	0.876467	0.971829	0.899315
thin8	00786	0.5003	12032667	x	g	0.371216	0.371216	1.000000	0.542287	0.542287	1.000000	0.663734	0.663734	1.000000	0.808134	0.808134	1.000000	0.889350	0.890002	0.999177	0.924613	0.931672	0.991872	0.930371	0.958513	0.969408	0.923338	0.973541	0.947105	0.868625	0.977763	0.886131
thin8	00786	0.5003	12032667	y	V	0.352251	0.352251	1.000000	0.523079	0.523079	1.000000	0.657487	0.657487	1.000000	0.810713	0.810713	1.000000	0.893559	0.897243	0.995426	0.915761	0.936280	0.976628	0.910665	0.961602	0.945030	0.896322	0.974837	0.917551	0.844846	0.980332	0.859413
thin8	00786	0.5003	12032667	y	g	0.394728	0.394728	1.000000	0.576634	0.576634	1.000000	0.705773	0.705773	1.000000	0.858380	0.858814	0.999411	0.915840	0.930808	0.982744	0.918429	0.956907	0.958055	0.903358	0.973615	0.926028	0.884677	0.982474	0.898862	0.830794	0.986218	0.840553
thin8	00786	0.5003	12032667	z	V	0.324502	0.324502	1.000000	0.481872	0.481872	1.000000	0.605692	0.605692	1.000000	0.746846	0.746846	1.000000	0.830340	0.830348	0.999988	0.880435	0.881712	0.998358	0.903149	0.919392	0.980814	0.899002	0.936749	0.957100	0.915574	0.980225	0.932804
thin8	00786	0.5003	12032667	z	g	0.359670	0.359670	1.000000	0.525420	0.525420	1.000000	0.643090	0.643090	1.000000	0.782994	0.782996	0.999996	0.861914	0.862431	0.999305	0.896613	0.902986	0.992190	0.902324	0.928737	0.969445	0.895351	0.942870	0.946711	0.910383	0.986014	0.922293
POS	00786	0.5003	12087571	x	V	0.720597	0.720597	1.000000	0.815045	0.815045	1.000000	0.935385	0.935391	0.999993	0.964869	0.966192	0.998582	0.971187	0.980024	0.990801	0.967893	0.986301	0.981082	0.963449	0.989891	0.973022	0.957726	0.992516	0.964693	0.952717	0.993981	0.958245	0.946576	0.995039	0.951064	0.941398	0.996025	0.944948	0.936743	0.996709	0.939650	0.932667	0.997219	0.935099	0.916784	0.998119	0.918371	0.909905	0.998473	0.911173
PSF	00786	0.5003	12087571	x	V	0.721029	0.723790	0.994736	0.815014	0.818595	0.994661	0.931612	0.937835	0.992928	0.955946	0.966234	0.988985	0.960894	0.979452	0.980663	0.958083	0.985990	0.971306	0.953822	0.989670	0.963414	0.948256	0.992360	0.955230	0.943385	0.993880	0.948897	0.937349	0.994967	0.941815	0.932226	0.995960	0.935765	0.927636	0.996657	0.930531	0.923617	0.997180	0.926036	0.907899	0.998090	0.909479	0.901097	0.998451	0.902358
POS	00786	0.5003	12087571	x	g	0.724891	0.724891	1.000000	0.824504	0.824504	1.000000	0.947920	0.948056	0.999849	0.973142	0.975481	0.997542	0.976965	0.986404	0.990301	0.973719	0.990791	0.982612	0.970147	0.993265	0.976571	0.965615	0.995005	0.970319	0.961768	0.995974	0.965521	0.957164	0.996679	0.960226	0.953240	0.997329	0.955680	0.949740	0.997784	0.951748	0.946672	0.998123	0.948361	0.933174	0.998732	0.934281	0.927983	0.998967	0.928874
PSF	00786	0.5003	12087571	x	g	0.724582	0.728400	0.992817	0.823347	0.828378	0.992677	0.941162	0.950141	0.990058	0.961858	0.975521	0.985647	0.964769	0.986059	0.978110	0.961807	0.990599	0.970667	0.958292	0.993094	0.964721	0.953887	0.994882	0.958591	0.950170	0.995902	0.953900	0.945653	0.996628	0.948688	0.941784	0.997285	0.944205	0.938336	0.997748	0.940327	0.935321	0.998099	0.936990	0.921982	0.998709	0.923082	0.916863	0.998952	0.917747
POS	00786	0.5003	12087571	y	V	0.710960	0.710960	1.000000	0.804146	0.804146	1.000000	0.922878	0.922883	0.999994	0.953368	0.953982	0.999326	0.967582	0.971671	0.995670	0.968994	0.980254	0.988284	0.965745	0.984408	0.980747	0.961305	0.987664	0.972988	0.957087	0.989528	0.966881	0.951457	0.990847	0.959894	0.946299	0.991836	0.953728	0.942124	0.992776	0.948628	0.938403	0.993479	0.944219	0.927400	0.997122	0.929889	0.920724	0.997629	0.922743
PSF	00786	0.5003	12087571	y	V	0.711816	0.714546	0.994661	0.804579	0.808128	0.994571	0.920132	0.926070	0.993080	0.946356	0.955222	0.990288	0.958534	0.972017	0.985736	0.959967	0.980666	0.978485	0.956976	0.984964	0.971163	0.952661	0.988285	0.963542	0.948583	0.990216	0.957558	0.943041	0.991566	0.950667	0.937960	0.992580	0.944583	0.933817	0.993524	0.939535	0.930133	0.994236	0.935176	0.917761	0.997075	0.920239	0.911175	0.997596	0.913180
POS	00786	0.5003	12087571	y	g	0.716376	0.716376	1.000000	0.814820	0.814820	1.000000	0.936976	0.937017	0.999953	0.963766	0.965057	0.998613	0.974098	0.979164	0.994717	0.973970	0.985076	0.988556	0.970994	0.987819	0.982761	0.967238	0.989932	0.976847	0.963923	0.991163	0.972278	0.959617	0.992012	0.967090	0.955689	0.992649	0.962502	0.952499	0.993260	0.958695	0.949654	0.993714	0.955394	0.943030	0.998066	0.944756	0.937992	0.998412	0.939393
PSF	00786	0.5003	12087571	y	g	0.716940	0.720729	0.992722	0.814654	0.819649	0.992575	0.931913	0.940477	0.990323	0.954583	0.966702	0.987038	0.963393	0.980181	0.982533	0.963224	0.986117	0.976465	0.960389	0.988939	0.970816	0.956781	0.991129	0.965046	0.953533	0.992388	0.960558	0.949299	0.993260	0.955453	0.945437	0.993917	0.950939	0.942279	0.994535	0.947184	0.939468	0.994996	0.943928	0.930480	0.998036	0.932187	0.925522	0.998391	0.926905
POS	00786	0.5003	12087571	z	V	0.724004	0.724004	1.000000	0.818899	0.818899	1.000000	0.939751	0.939785	0.999962	0.966878	0.969464	0.997249	0.969907	0.981671	0.987795	0.964855	0.987059	0.977217	0.959624	0.990242	0.968785	0.952839	0.992296	0.959940	0.947942	0.993811	0.953572	0.941791	0.994848	0.946407	0.936406	0.995708	0.940202	0.932134	0.996590	0.935116	0.928080	0.997102	0.930590	0.912277	0.998004	0.913944	0.905388	0.998333	0.906759
PSF	00786	0.5003	12087571	z	V	0.724119	0.726906	0.994734	0.818549	0.822143	0.994688	0.935013	0.941570	0.992608	0.957391	0.969038	0.987602	0.959876	0.981028	0.978030	0.955500	0.986766	0.967903	0.950498	0.990057	0.959658	0.943881	0.992177	0.950959	0.939075	0.993723	0.944680	0.933030	0.994791	0.937611	0.927722	0.995669	0.931481	0.923484	0.996552	0.926443	0.919470	0.997069	0.921963	0.903829	0.997983	0.905483	0.897001	0.998312	0.898364
POS	00786	0.5003	12087571	z	g	0.727971	0.727971	1.000000	0.828008	0.828008	1.000000	0.951713	0.951965	0.999723	0.974196	0.978066	0.995954	0.975555	0.987773	0.987480	0.970902	0.991447	0.979103	0.966584	0.993534	0.972703	0.961324	0.994886	0.966098	0.957549	0.995886	0.961351	0.952913	0.996565	0.956054	0.948846	0.997128	0.951446	0.945624	0.997726	0.947667	0.942576	0.998070	0.944297	0.929112	0.998666	0.930267	0.923915	0.998885	0.924869
PSF	00786	0.5003	12087571	z	g	0.727656	0.731512	0.992809	0.826929	0.831968	0.992729	0.943981	0.953600	0.989428	0.962709	0.978039	0.983980	0.963268	0.987395	0.975261	0.958982	0.991252	0.967167	0.954823	0.993407	0.960912	0.949694	0.994803	0.954430	0.945994	0.995825	0.949761	0.941447	0.996525	0.944548	0.937452	0.997105	0.940010	0.934255	0.997699	0.936273	0.931242	0.998043	0.932945	0.917953	0.998650	0.919094	0.912817	0.998870	0.913761
thin2	00786	0.5003	12087571	x	V	0.680420	0.680420	1.000000	0.765000	0.765000	1.000000	0.876464	0.876464	1.000000	0.968888	0.972268	0.996425	0.968120	0.986030	0.981583	0.959923	0.991261	0.968116	0.947065	0.995083	0.951517	0.935273	0.996885	0.938014	0.928562	0.997600	0.930641
thin2	00786	0.5003	12087571	x	g	0.687290	0.687290	1.000000	0.772885	0.772885	1.000000	0.885747	0.885747	1.000000	0.975576	0.980056	0.995336	0.973959	0.990563	0.983081	0.967400	0.994159	0.972930	0.957549	0.996700	0.960594	0.948684	0.997895	0.950587	0.943634	0.998381	0.945079
thin2	00786	0.5003	12087571	y	V	0.671747	0.671747	1.000000	0.755249	0.755249	1.000000	0.865292	0.865292	1.000000	0.960083	0.961668	0.998286	0.969630	0.980508	0.988688	0.964085	0.987043	0.976443	0.952168	0.991328	0.960165	0.941442	0.993703	0.947092	0.935383	0.994783	0.939994
thin2	00786	0.5003	12087571	y	g	0.679620	0.679620	1.000000	0.764261	0.764261	1.000000	0.875863	0.875863	1.000000	0.968499	0.971039	0.997307	0.974594	0.985340	0.988933	0.969617	0.989702	0.979499	0.960399	0.992541	0.967381	0.952198	0.994075	0.957634	0.947581	0.994791	0.952307
thin2	00786	0.5003	12087571	z	V	0.683731	0.683731	1.000000	0.768722	0.768722	1.000000	0.880728	0.880728	1.000000	0.969196	0.974762	0.994143	0.965109	0.986870	0.977663	0.955696	0.991464	0.963625	0.941995	0.994809	0.946649	0.930370	0.996670	0.933271	0.923840	0.997467	0.926012
thin2	00786	0.5003	12087571	z	g	0.690300	0.690300	1.000000	0.776271	0.776271	1.000000	0.889627	0.889627	1.000000	0.975499	0.982147	0.993110	0.971162	0.991294	0.979516	0.963541	0.994336	0.968859	0.953109	0.996552	0.956263	0.944314	0.997764	0.946317	0.939385	0.998305	0.940886
thin4	00786	0.5003	12087571	x	V	0.641024	0.641024	1.000000	0.712314	0.712314	1.000000	0.829766	0.829766	1.000000	0.938660	0.938689	0.999967	0.967994	0.971097	0.996710	0.969341	0.984032	0.984832	0.960240	0.991260	0.968440	0.950900	0.994515	0.955913	0.942870	0.995725	0.946702
thin4	00786	0.5003	12087571	x	g	0.649174	0.649174	1.000000	0.716521	0.716521	1.000000	0.839743	0.839743	1.000000	0.950561	0.950794	0.999743	0.974564	0.978693	0.995690	0.975158	0.989205	0.985647	0.967654	0.994163	0.973183	0.960352	0.996308	0.963782	0.954347	0.997108	0.956996
thin4	00786	0.5003	12087571	y	V	0.632669	0.632669	1.000000	0.703030	0.703030	1.000000	0.818951	0.818951	1.000000	0.926456	0.926470	0.999983	0.958565	0.960052	0.998386	0.969718	0.977815	0.991533	0.963878	0.986625	0.976640	0.955992	0.990610	0.964734	0.948513	0.992111	0.955722
thin4	00786	0.5003	12087571	y	g	0.641733	0.641733	1.000000	0.708309	0.708309	1.000000	0.830118	0.830118	1.000000	0.939913	0.940022	0.999877	0.966717	0.969148	0.997412	0.974972	0.983431	0.991255	0.969660	0.989445	0.979795	0.963360	0.992083	0.970823	0.957691	0.993050	0.964152
thin4	00786	0.5003	12087571	z	V	0.644043	0.644043	1.000000	0.715669	0.715669	1.000000	0.833674	0.833674	1.000000	0.942897	0.943015	0.999867	0.968205	0.973462	0.994454	0.967377	0.985333	0.981511	0.956369	0.991574	0.964205	0.946036	0.994283	0.951210	0.937888	0.995408	0.941964
thin4	00786	0.5003	12087571	z	g	0.651948	0.651948	1.000000	0.719584	0.719584	1.000000	0.843332	0.843332	1.000000	0.954101	0.954591	0.999463	0.974217	0.980589	0.993373	0.972978	0.990200	0.982439	0.964020	0.994405	0.969277	0.956080	0.996202	0.959578	0.949955	0.996924	0.952747
thin8	00786	0.5003	12087571	x	V	0.606150	0.606150	1.000000	0.675177	0.675177	1.000000	0.779658	0.779658	1.000000	0.879672	0.879672	1.000000	0.934244	0.934273	0.999966	0.963770	0.965437	0.998212	0.969468	0.984069	0.984926	0.962500	0.990251	0.971708	0.956780	0.992648	0.963608
thin8	00786	0.5003	12087571	x	g	0.619537	0.619537	1.000000	0.682036	0.682036	1.000000	0.787724	0.787724	1.000000	0.887685	0.887685	1.000000	0.944405	0.944580	0.999804	0.970528	0.973240	0.997138	0.975588	0.989228	0.986063	0.969701	0.993502	0.975890	0.965175	0.995092	0.969792
thin8	00786	0.5003	12087571	y	V	0.598019	0.598019	1.000000	0.666120	0.666120	1.000000	0.769199	0.769199	1.000000	0.867871	0.867871	1.000000	0.921721	0.921745	0.999971	0.952392	0.953270	0.999034	0.968896	0.977178	0.991328	0.964435	0.984552	0.979253	0.960212	0.987696	0.971837
thin8	00786	0.5003	12087571	y	g	0.612010	0.612010	1.000000	0.673749	0.673749	1.000000	0.778154	0.778154	1.000000	0.876900	0.876900	1.000000	0.933094	0.933187	0.999894	0.960868	0.962488	0.998251	0.973436	0.982110	0.991008	0.969450	0.987283	0.981709	0.966054	0.989427	0.976131
thin8	00786	0.5003	12087571	z	V	0.608940	0.608940	1.000000	0.678284	0.678284	1.000000	0.783246	0.783246	1.000000	0.883720	0.883720	1.000000	0.938366	0.938482	0.999869	0.965110	0.968306	0.996592	0.967374	0.985249	0.981591	0.958953	0.990684	0.967680	0.952720	0.992804	0.959344
thin8	00786	0.5003	12087571	z	g	0.622290	0.622290	1.000000	0.685067	0.685067	1.000000	0.791225	0.791225	1.000000	0.891630	0.891630	1.000000	0.947904	0.948419	0.999427	0.971140	0.975688	0.995223	0.972836	0.990012	0.982478	0.965954	0.993773	0.971837	0.961153	0.995212	0.965618
POS	00786	0.5003	12861859	x	V	0.581040	0.581040	1.000000	0.728385	0.728385	1.000000	0.884065	0.884232	0.999786	0.920751	0.928370	0.991166	0.923572	0.950719	0.970010	0.913223	0.962416	0.946996	0.897812	0.970293	0.923188	0.886326	0.976215	0.905889	0.874884	0.980930	0.890022	0.864515	0.984453	0.876481	0.856503	0.987141	0.866167	0.848503	0.988941	0.856631	0.840566	0.990356	0.847503	0.818939	0.993243	0.823527	0.804932	0.994636	0.808441
PSF	00786	0.5003	12861859	x	V	0.583845	0.585866	0.994126	0.730585	0.734042	0.993595	0.875871	0.885753	0.987422	0.904278	0.925992	0.974724	0.908492	0.949240	0.954881	0.899439	0.961632	0.932918	0.884796	0.969868	0.909806	0.873602	0.975901	0.892863	0.862335	0.980654	0.877259	0.852151	0.984222	0.863953	0.844224	0.986909	0.853785	0.836365	0.988737	0.844410	0.828588	0.990191	0.835445	0.807407	0.993189	0.811902	0.793598	0.994592	0.797037
POS	00786	0.5003	12861859	x	g	0.596799	0.596799	1.000000	0.750643	0.750643	1.000000	0.906744	0.910816	0.995094	0.916135	0.942291	0.970592	0.906042	0.958881	0.942668	0.890404	0.968330	0.917111	0.871091	0.974416	0.891481	0.857210	0.979242	0.873075	0.843917	0.983662	0.855914	0.832623	0.986879	0.841944	0.823815	0.989187	0.831301	0.815275	0.990741	0.821535	0.806779	0.991852	0.812161	0.784212	0.994193	0.787821	0.769903	0.995366	0.772673
PSF	00786	0.5003	12861859	x	g	0.600403	0.603555	0.991378	0.752143	0.757981	0.989864	0.885312	0.908043	0.972502	0.894899	0.939987	0.949127	0.886783	0.957695	0.922937	0.871972	0.967515	0.898271	0.853360	0.973837	0.873383	0.839848	0.978760	0.855439	0.826896	0.983266	0.838699	0.815869	0.986537	0.825055	0.807264	0.988882	0.814657	0.798927	0.990471	0.805116	0.790673	0.991642	0.795978	0.768685	0.994096	0.772211	0.754668	0.995285	0.757375
POS	00786	0.5003	12861859	y	V	0.571915	0.571915	1.000000	0.716946	0.716946	1.000000	0.870404	0.870464	0.999922	0.912311	0.916902	0.994541	0.925139	0.944160	0.978688	0.924001	0.960655	0.960345	0.913637	0.971350	0.938939	0.903743	0.978257	0.922269	0.893440	0.983751	0.906823	0.883120	0.987431	0.893160	0.874041	0.989579	0.882160	0.865743	0.991298	0.872373	0.857323	0.992515	0.862902	0.834354	0.994820	0.837995	0.819254	0.995663	0.822188
PSF	00786	0.5003	12861859	y	V	0.574608	0.576510	0.994293	0.719271	0.722443	0.993932	0.864775	0.873023	0.989192	0.897636	0.915157	0.979117	0.910080	0.942466	0.963615	0.909915	0.959572	0.946187	0.900398	0.970717	0.925537	0.890765	0.977733	0.909210	0.880844	0.983397	0.894141	0.870738	0.987142	0.880727	0.861886	0.989364	0.869946	0.853746	0.991119	0.860327	0.845484	0.992370	0.851016	0.822893	0.994729	0.826497	0.808029	0.995597	0.810927
POS	00786	0.5003	12861859	y	g	0.586155	0.586155	1.000000	0.737255	0.737255	1.000000	0.893200	0.895927	0.996604	0.912491	0.932070	0.977499	0.910764	0.952849	0.953749	0.902203	0.966144	0.931658	0.887256	0.974831	0.908057	0.874794	0.980622	0.890183	0.863343	0.986316	0.873809	0.851771	0.989519	0.859526	0.841818	0.991224	0.848140	0.832883	0.992641	0.838058	0.824074	0.993669	0.828424	0.800499	0.995654	0.803306	0.785180	0.996323	0.787461
PSF	00786	0.5003	12861859	y	g	0.589671	0.592643	0.991565	0.739191	0.744532	0.990389	0.875057	0.894475	0.975792	0.891714	0.929692	0.956195	0.891775	0.951612	0.934135	0.884012	0.965376	0.912958	0.869685	0.974329	0.890080	0.857467	0.980168	0.872606	0.846357	0.985984	0.856663	0.835090	0.989264	0.842727	0.825400	0.991029	0.831614	0.816660	0.992472	0.821750	0.808044	0.993523	0.812323	0.784965	0.995552	0.787728	0.769971	0.996248	0.772211
POS	00786	0.5003	12861859	z	V	0.614948	0.614948	1.000000	0.770892	0.770892	1.000000	0.916276	0.925723	0.988985	0.915434	0.951695	0.960042	0.900899	0.965549	0.930820	0.884685	0.974297	0.905825	0.865796	0.980210	0.881199	0.851206	0.984235	0.862972	0.836988	0.987105	0.846241	0.825038	0.989453	0.832359	0.815438	0.990945	0.821560	0.806947	0.992223	0.812083	0.798743	0.993243	0.803106	0.776931	0.995344	0.779764	0.762664	0.996070	0.764966
PSF	00786	0.5003	12861859	z	V	0.617476	0.619659	0.994329	0.772210	0.776139	0.993487	0.899691	0.922846	0.972869	0.901485	0.950369	0.946022	0.888407	0.965001	0.917985	0.872619	0.973921	0.893497	0.854105	0.979942	0.869303	0.839831	0.984066	0.851409	0.825794	0.986947	0.834912	0.814028	0.989325	0.821241	0.804599	0.990855	0.810618	0.796210	0.992134	0.801268	0.788128	0.993169	0.792423	0.766599	0.995278	0.769397	0.752539	0.996021	0.754808
POS	00786	0.5003	12861859	z	g	0.638010	0.638010	1.000000	0.802477	0.802477	1.000000	0.908548	0.941853	0.962538	0.892292	0.960943	0.925870	0.871047	0.971786	0.893646	0.851056	0.978734	0.867090	0.829903	0.983468	0.841645	0.814084	0.986841	0.823019	0.798094	0.989182	0.805121	0.785332	0.991087	0.790918	0.775450	0.992365	0.780104	0.766603	0.993396	0.770530	0.758186	0.994240	0.761531	0.736025	0.995949	0.738235	0.721833	0.996564	0.723634
PSF	00786	0.5003	12861859	z	g	0.640852	0.644459	0.991340	0.799798	0.807740	0.987856	0.888076	0.939327	0.942118	0.874365	0.959809	0.907595	0.854166	0.971114	0.876434	0.834806	0.978272	0.850577	0.814201	0.983140	0.825730	0.798756	0.986592	0.807522	0.783080	0.988961	0.789985	0.770617	0.990924	0.776095	0.760931	0.992221	0.765497	0.752278	0.993282	0.756125	0.744037	0.994147	0.747311	0.722311	0.995887	0.724472	0.708389	0.996511	0.710150
thin2	00786	0.5003	12861859	x	V	0.475609	0.475609	1.000000	0.652460	0.652460	1.000000	0.818406	0.818406	1.000000	0.924263	0.938928	0.983382	0.913425	0.962419	0.947209	0.891376	0.973885	0.913203	0.864926	0.984136	0.877155	0.845249	0.989204	0.853119	0.834476	0.991444	0.840530
thin2	00786	0.5003	12861859	x	g	0.487570	0.487570	1.000000	0.671098	0.671098	1.000000	0.845357	0.845362	0.999994	0.913409	0.950033	0.959504	0.890763	0.968395	0.917434	0.863431	0.977445	0.880984	0.833031	0.986376	0.842728	0.812111	0.990910	0.818207	0.800609	0.992776	0.805300
thin2	00786	0.5003	12861859	y	V	0.468002	0.468002	1.000000	0.642025	0.642025	1.000000	0.805316	0.805316	1.000000	0.919139	0.928902	0.988694	0.923995	0.960403	0.960589	0.908751	0.975710	0.929786	0.884120	0.987307	0.894285	0.863189	0.991880	0.869332	0.851151	0.993471	0.855939
thin2	00786	0.5003	12861859	y	g	0.478813	0.478813	1.000000	0.659044	0.659044	1.000000	0.830184	0.830184	1.000000	0.911930	0.940746	0.967502	0.902627	0.966179	0.932077	0.880799	0.978566	0.898126	0.852763	0.989310	0.860694	0.830338	0.993192	0.835091	0.817799	0.994540	0.821487
thin2	00786	0.5003	12861859	z	V	0.503161	0.503161	1.000000	0.690257	0.690257	1.000000	0.865677	0.865741	0.999914	0.911342	0.958433	0.948845	0.884664	0.973969	0.906088	0.857949	0.982756	0.871062	0.825898	0.989214	0.833403	0.804358	0.992625	0.809194	0.792692	0.993965	0.796526
thin2	00786	0.5003	12861859	z	g	0.521179	0.521179	1.000000	0.717358	0.717358	1.000000	0.894281	0.898699	0.994533	0.884498	0.966110	0.912820	0.850821	0.978381	0.867123	0.821099	0.985613	0.831060	0.786244	0.990874	0.791979	0.763896	0.993710	0.767608	0.751974	0.994827	0.754926
thin4	00786	0.5003	12861859	x	V	0.354203	0.354203	1.000000	0.560493	0.560493	1.000000	0.748409	0.748409	1.000000	0.889911	0.890323	0.999480	0.923300	0.937913	0.983405	0.916567	0.958892	0.954055	0.891124	0.974310	0.912566	0.869743	0.982245	0.883635	0.857517	0.986273	0.867876
thin4	00786	0.5003	12861859	x	g	0.362539	0.362539	1.000000	0.575466	0.575466	1.000000	0.771722	0.771722	1.000000	0.909955	0.915751	0.993093	0.913592	0.949651	0.960096	0.895646	0.965705	0.925070	0.862902	0.977998	0.879985	0.838458	0.984756	0.849484	0.825192	0.988318	0.833321
thin4	00786	0.5003	12861859	y	V	0.348642	0.348642	1.000000	0.551693	0.551693	1.000000	0.736658	0.736658	1.000000	0.876172	0.876465	0.999618	0.919641	0.928804	0.989387	0.925108	0.955950	0.966300	0.908663	0.976376	0.929090	0.889642	0.985921	0.901090	0.875823	0.989166	0.884306
thin4	00786	0.5003	12861859	y	g	0.356158	0.356158	1.000000	0.565336	0.565336	1.000000	0.758138	0.758138	1.000000	0.896641	0.901012	0.994618	0.912374	0.940683	0.968069	0.905591	0.962599	0.938617	0.881327	0.979933	0.897525	0.859014	0.988314	0.867829	0.843938	0.990938	0.850501
thin4	00786	0.5003	12861859	z	V	0.374792	0.374792	1.000000	0.593074	0.593074	1.000000	0.791912	0.791912	1.000000	0.916468	0.928948	0.985552	0.910186	0.957356	0.948647	0.890408	0.971933	0.913907	0.856673	0.982657	0.869824	0.831508	0.988004	0.839988	0.817440	0.990621	0.823815
thin4	00786	0.5003	12861859	z	g	0.387656	0.387656	1.000000	0.615334	0.615334	1.000000	0.825186	0.825186	1.000000	0.906653	0.944386	0.957792	0.883571	0.965229	0.912619	0.857062	0.976681	0.874967	0.819422	0.985590	0.829358	0.792150	0.989907	0.798600	0.777386	0.992041	0.782265
thin8	00786	0.5003	12861859	x	V	0.220600	0.220600	1.000000	0.455034	0.455034	1.000000	0.675098	0.675098	1.000000	0.823887	0.823887	1.000000	0.891271	0.891863	0.999255	0.920558	0.930825	0.988160	0.917000	0.959056	0.954362	0.895379	0.971044	0.919941	0.882743	0.976665	0.901763
thin8	00786	0.5003	12861859	x	g	0.225544	0.225544	1.000000	0.466450	0.466450	1.000000	0.694949	0.694949	1.000000	0.851344	0.851382	0.999948	0.910320	0.916901	0.992177	0.915160	0.944600	0.967066	0.896075	0.965959	0.925294	0.868323	0.975223	0.887911	0.853360	0.979728	0.868699
thin8	00786	0.5003	12861859	y	V	0.217315	0.217315	1.000000	0.448259	0.448259	1.000000	0.665046	0.665046	1.000000	0.811620	0.811620	1.000000	0.878968	0.879094	0.999836	0.914974	0.921175	0.992697	0.925279	0.956362	0.966066	0.912530	0.973271	0.935987	0.902821	0.980687	0.919163
thin8	00786	0.5003	12861859	y	g	0.221827	0.221827	1.000000	0.458762	0.458762	1.000000	0.683496	0.683496	1.000000	0.837383	0.837388	0.999993	0.899758	0.904088	0.994706	0.913648	0.936099	0.974422	0.906465	0.963653	0.938554	0.886873	0.977756	0.905136	0.874227	0.983840	0.886964
thin8	00786	0.5003	12861859	z	V	0.233466	0.233466	1.000000	0.481573	0.481573	1.000000	0.714473	0.714473	1.000000	0.871446	0.871676	0.999698	0.916016	0.929674	0.984215	0.913762	0.953466	0.956415	0.889784	0.971590	0.913553	0.863769	0.981182	0.878319	0.848459	0.985139	0.859460
thin8	00786	0.5003	12861859	z	g	0.241139	0.241139	1.000000	0.498700	0.498700	1.000000	0.742998	0.742998	1.000000	0.896541	0.903042	0.992033	0.905360	0.944640	0.956089	0.889413	0.962325	0.921500	0.856596	0.976338	0.874756	0.827148	0.984291	0.838213	0.810577	0.987509	0.818974
POS	00786	0.5003	13353515	x	V	0.389163	0.389163	1.000000	0.714644	0.714644	1.000000	0.932312	0.932312	1.000000	0.961105	0.961156	0.999945	0.975894	0.976375	0.999496	0.983523	0.984933	0.998546	0.986929	0.989545	0.997329	0.988171	0.992304	0.995802	0.988144	0.993874	0.994199	0.987229	0.994931	0.992220	0.986467	0.995786	0.990602	0.985626	0.996479	0.989071	0.984675	0.996913	0.987686	0.978697	0.997969	0.980650	0.976528	0.998410	0.978049
PSF	00786	0.5003	13353515	x	V	0.389903	0.390685	0.994892	0.714375	0.717188	0.994541	0.928488	0.934399	0.993233	0.955159	0.962372	0.992214	0.968074	0.976756	0.990902	0.974707	0.984877	0.989517	0.977780	0.989354	0.988177	0.979041	0.992142	0.986692	0.979093	0.993759	0.985151	0.978269	0.994863	0.983236	0.977551	0.995741	0.981655	0.976727	0.996441	0.980146	0.975792	0.996881	0.978780	0.969894	0.997956	0.971825	0.967751	0.998401	0.969253
POS	00786	0.5003	13353515	x	g	0.396975	0.396975	1.000000	0.732817	0.732817	1.000000	0.946314	0.946314	1.000000	0.970863	0.970934	0.999925	0.982381	0.982875	0.999488	0.988366	0.989633	0.998706	0.990750	0.992944	0.997775	0.991581	0.994860	0.996687	0.991517	0.995918	0.995563	0.990834	0.996622	0.994173	0.990294	0.997201	0.993054	0.989699	0.997661	0.992000	0.989028	0.997944	0.991047	0.984912	0.998647	0.986228	0.983406	0.998938	0.984435
PSF	00786	0.5003	13353515	x	g	0.397416	0.398524	0.993055	0.731318	0.735332	0.992591	0.940145	0.948143	0.991107	0.962620	0.971935	0.990141	0.972585	0.983203	0.989018	0.977748	0.989609	0.987891	0.979890	0.992826	0.986877	0.980713	0.994753	0.985812	0.980695	0.995841	0.984729	0.980074	0.996576	0.983386	0.979564	0.997171	0.982294	0.978978	0.997634	0.981256	0.978324	0.997924	0.980319	0.974265	0.998637	0.975562	0.972781	0.998933	0.973793
POS	00786	0.5003	13353515	y	V	0.389932	0.389932	1.000000	0.716057	0.716057	1.000000	0.934155	0.934155	1.000000	0.962897	0.963001	0.999888	0.977448	0.978116	0.999302	0.984318	0.986302	0.997961	0.986234	0.990168	0.995988	0.986490	0.992433	0.993966	0.986063	0.993802	0.992165	0.985199	0.994884	0.990215	0.984398	0.995720	0.988581	0.983563	0.996415	0.987055	0.982836	0.996963	0.985787	0.977366	0.998278	0.979017	0.975202	0.998720	0.976423
PSF	00786	0.5003	13353515	y	V	0.390270	0.391088	0.994668	0.715122	0.718002	0.994422	0.930485	0.936010	0.993697	0.957371	0.964107	0.992755	0.969994	0.978349	0.991273	0.975948	0.986129	0.989532	0.977747	0.989959	0.987541	0.978092	0.992280	0.985592	0.977739	0.993690	0.983848	0.976932	0.994803	0.981944	0.976161	0.995653	0.980338	0.975344	0.996358	0.978834	0.974629	0.996911	0.977581	0.969252	0.998255	0.970897	0.967117	0.998705	0.968331
POS	00786	0.5003	13353515	y	g	0.397807	0.397807	1.000000	0.734354	0.734354	1.000000	0.948299	0.948299	1.000000	0.972662	0.972850	0.999801	0.983676	0.984551	0.999097	0.988785	0.990878	0.997869	0.989977	0.993593	0.996337	0.990006	0.995107	0.994848	0.989594	0.995991	0.993551	0.988919	0.996699	0.992168	0.988321	0.997249	0.991023	0.987704	0.997698	0.989961	0.987168	0.998049	0.989076	0.983324	0.998888	0.984401	0.981808	0.999173	0.982606
PSF	00786	0.5003	13353515	y	g	0.397764	0.398927	0.992724	0.732012	0.736157	0.992367	0.942103	0.949785	0.991488	0.964603	0.973604	0.990507	0.974123	0.984651	0.989143	0.978666	0.990745	0.987695	0.979801	0.993452	0.986170	0.979879	0.994999	0.984729	0.979523	0.995914	0.983476	0.978887	0.996641	0.982127	0.978314	0.997204	0.981005	0.977705	0.997655	0.979956	0.977179	0.998011	0.979085	0.973404	0.998870	0.974477	0.971909	0.999160	0.972704
POS	00786	0.5003	13353515	z	V	0.391570	0.391570	1.000000	0.719064	0.719064	1.000000	0.938008	0.938042	0.999962	0.965254	0.966187	0.999001	0.975734	0.979278	0.996305	0.980292	0.986319	0.993805	0.981307	0.989739	0.991393	0.981104	0.991774	0.989153	0.980832	0.993223	0.987440	0.980174	0.994410	0.985604	0.979389	0.995253	0.983985	0.978492	0.995915	0.982434	0.977787	0.996473	0.981182	0.972214	0.997720	0.974379	0.970080	0.998172	0.971806
PSF	00786	0.5003	13353515	z	V	0.392595	0.393356	0.995097	0.719323	0.722077	0.994726	0.933350	0.939941	0.992543	0.957526	0.966736	0.990149	0.966987	0.979411	0.987051	0.970850	0.986150	0.984270	0.971843	0.989579	0.981892	0.971750	0.991680	0.979738	0.971515	0.993153	0.978066	0.970906	0.994368	0.976275	0.970123	0.995212	0.974673	0.969252	0.995886	0.973148	0.968552	0.996446	0.971910	0.963032	0.997699	0.965176	0.960930	0.998159	0.962636
POS	00786	0.5003	13353515	z	g	0.398577	0.398577	1.000000	0.735774	0.735774	1.000000	0.949993	0.950061	0.999925	0.973009	0.973954	0.999004	0.981808	0.984552	0.997170	0.985802	0.990326	0.995388	0.986673	0.992882	0.993702	0.986569	0.994329	0.992152	0.986391	0.995331	0.990976	0.985984	0.996174	0.989732	0.985492	0.996777	0.988642	0.984883	0.997229	0.987586	0.984397	0.997605	0.986728	0.980569	0.998447	0.982067	0.979096	0.998752	0.980296
PSF	00786	0.5003	13353515	z	g	0.399379	0.400452	0.993336	0.734990	0.738889	0.992871	0.943384	0.951939	0.990564	0.963710	0.974690	0.988446	0.971329	0.984789	0.986124	0.974626	0.990260	0.984060	0.975426	0.992799	0.982376	0.975376	0.994281	0.980878	0.975217	0.995298	0.979731	0.974829	0.996153	0.978513	0.974316	0.996746	0.977425	0.973725	0.997206	0.976389	0.973246	0.997586	0.975544	0.969463	0.998432	0.970941	0.968016	0.998744	0.969196
thin2	00786	0.5003	13353515	x	V	0.163447	0.163447	1.000000	0.528406	0.528406	1.000000	0.868424	0.868424	1.000000	0.967674	0.967809	0.999856	0.982882	0.984292	0.998545	0.987592	0.991175	0.996353	0.987242	0.994946	0.992217	0.985229	0.996631	0.988521	0.981001	0.997327	0.983587
thin2	00786	0.5003	13353515	x	g	0.156143	0.156143	1.000000	0.537696	0.537696	1.000000	0.885911	0.885911	1.000000	0.975943	0.976112	0.999823	0.987524	0.988798	0.998697	0.991106	0.993976	0.997095	0.990864	0.996642	0.994183	0.989434	0.997758	0.991638	0.986529	0.998220	0.988267
thin2	00786	0.5003	13353515	y	V	0.163767	0.163767	1.000000	0.529441	0.529441	1.000000	0.870125	0.870125	1.000000	0.969304	0.969571	0.999717	0.983788	0.985706	0.998025	0.986287	0.991483	0.994715	0.985256	0.994913	0.990244	0.983330	0.996641	0.986599	0.979632	0.997607	0.981939
thin2	00786	0.5003	13353515	y	g	0.156473	0.156473	1.000000	0.538833	0.538833	1.000000	0.887784	0.887784	1.000000	0.977557	0.977948	0.999591	0.988061	0.990109	0.997912	0.989812	0.994373	0.995388	0.988961	0.996733	0.992177	0.987524	0.997846	0.989633	0.984913	0.998456	0.986415
thin2	00786	0.5003	13353515	z	V	0.164459	0.164459	1.000000	0.531680	0.531680	1.000000	0.873805	0.873805	1.000000	0.970333	0.972112	0.998117	0.980100	0.985907	0.994026	0.981224	0.991001	0.990045	0.980226	0.994451	0.985617	0.978226	0.996138	0.981950	0.974293	0.996973	0.977184
thin2	00786	0.5003	13353515	z	g	0.156787	0.156787	1.000000	0.539915	0.539915	1.000000	0.889567	0.889567	1.000000	0.977029	0.978652	0.998305	0.985288	0.989698	0.995498	0.986462	0.993675	0.992695	0.985994	0.996230	0.989687	0.984630	0.997377	0.987186	0.981939	0.997942	0.983931
thin4	00786	0.5003	13353515	x	V	0.098502	0.098502	1.000000	0.340553	0.340553	1.000000	0.741782	0.741782	1.000000	0.936112	0.936115	0.999997	0.967925	0.968087	0.999827	0.981447	0.982599	0.998807	0.987766	0.991210	0.996495	0.987758	0.994500	0.993183	0.986622	0.995576	0.990966
thin4	00786	0.5003	13353515	x	g	0.092303	0.092303	1.000000	0.344516	0.344516	1.000000	0.758298	0.758298	1.000000	0.949720	0.949723	0.999997	0.976266	0.976457	0.999800	0.986680	0.987726	0.998929	0.991228	0.994018	0.997176	0.991236	0.996340	0.994858	0.990409	0.997058	0.993311
thin4	00786	0.5003	13353515	y	V	0.098686	0.098686	1.000000	0.341188	0.341188	1.000000	0.743165	0.743165	1.000000	0.937864	0.937864	1.000000	0.969567	0.969809	0.999742	0.982436	0.984008	0.998377	0.986257	0.991368	0.994799	0.985636	0.994351	0.991186	0.984733	0.995545	0.989091
thin4	00786	0.5003	13353515	y	g	0.092493	0.092493	1.000000	0.345225	0.345225	1.000000	0.759859	0.759859	1.000000	0.951681	0.951681	1.000000	0.977949	0.978302	0.999631	0.987343	0.989071	0.998234	0.989812	0.994325	0.995435	0.989252	0.996363	0.992837	0.988530	0.997134	0.991347
thin4	00786	0.5003	13353515	z	V	0.099111	0.099111	1.000000	0.342658	0.342658	1.000000	0.746369	0.746369	1.000000	0.941767	0.941834	0.999924	0.970381	0.972282	0.997989	0.979568	0.984658	0.994750	0.981484	0.991075	0.990237	0.980699	0.993977	0.986561	0.979703	0.995124	0.984429
thin4	00786	0.5003	13353515	z	g	0.092687	0.092687	1.000000	0.345949	0.345949	1.000000	0.761452	0.761452	1.000000	0.953450	0.953561	0.999879	0.977460	0.979069	0.998322	0.985104	0.988971	0.996046	0.986655	0.993769	0.992796	0.986190	0.995855	0.990255	0.985578	0.996681	0.988823
thin8	00786	0.5003	13353515	x	V	0.046999	0.046999	1.000000	0.138128	0.138128	1.000000	0.560555	0.560555	1.000000	0.876402	0.876402	1.000000	0.935208	0.935208	1.000000	0.963160	0.963246	0.999908	0.980880	0.981995	0.998844	0.987308	0.990284	0.996966	0.988375	0.993032	0.995278
thin8	00786	0.5003	13353515	x	g	0.041576	0.041576	1.000000	0.130486	0.130486	1.000000	0.570414	0.570414	1.000000	0.893522	0.893522	1.000000	0.948481	0.948481	1.000000	0.972658	0.972760	0.999891	0.985909	0.986976	0.998905	0.991005	0.993473	0.997500	0.991674	0.995357	0.996283
thin8	00786	0.5003	13353515	y	V	0.047085	0.047085	1.000000	0.138380	0.138380	1.000000	0.561579	0.561579	1.000000	0.878002	0.878002	1.000000	0.936916	0.936916	1.000000	0.964678	0.964882	0.999781	0.981822	0.983360	0.998410	0.986039	0.990543	0.995409	0.986132	0.992801	0.993233
thin8	00786	0.5003	13353515	y	g	0.041658	0.041658	1.000000	0.130742	0.130742	1.000000	0.571533	0.571533	1.000000	0.895273	0.895273	1.000000	0.950341	0.950341	1.000000	0.974216	0.974491	0.999710	0.986641	0.988307	0.998295	0.989846	0.993860	0.995936	0.989727	0.995349	0.994326
thin8	00786	0.5003	13353515	z	V	0.047276	0.047276	1.000000	0.138942	0.138942	1.000000	0.563859	0.563859	1.000000	0.881567	0.881567	1.000000	0.940534	0.940624	0.999898	0.966787	0.967881	0.998833	0.979422	0.984124	0.995146	0.981913	0.990454	0.991295	0.981405	0.992410	0.988827
thin8	00786	0.5003	13353515	z	g	0.041744	0.041744	1.000000	0.131012	0.131012	1.000000	0.572713	0.572713	1.000000	0.897123	0.897123	1.000000	0.952018	0.952157	0.999847	0.974574	0.975666	0.998853	0.984482	0.988231	0.996161	0.986963	0.993427	0.993450	0.986613	0.994799	0.991728
POS	00786	0.5003	17821153	x	V	0.759274	0.759274	1.000000	0.860027	0.860027	1.000000	0.936814	0.936907	0.999893	0.954076	0.958084	0.995634	0.955067	0.969819	0.984322	0.948958	0.976676	0.970962	0.939778	0.980920	0.957277	0.932368	0.984218	0.946518	0.925122	0.986313	0.937153	0.921544	0.991456	0.928922	0.913956	0.992495	0.920317	0.902835	0.993170	0.908475	0.895834	0.993657	0.900986	0.877537	0.997026	0.879840	0.867208	0.997469	0.869121
PSF	00786	0.5003	17821153	x	V	0.759785	0.763153	0.994226	0.859759	0.864235	0.994013	0.931616	0.939163	0.991449	0.945109	0.958573	0.985356	0.946543	0.970617	0.974466	0.940941	0.977762	0.961518	0.931978	0.982116	0.948067	0.924612	0.985432	0.937425	0.917127	0.987377	0.928008	0.911778	0.991531	0.918934	0.904250	0.992565	0.910417	0.893315	0.993285	0.898743	0.886420	0.993794	0.891355	0.868215	0.997121	0.870397	0.858002	0.997570	0.859799
POS	00786	0.5003	17821153	x	g	0.792578	0.792578	1.000000	0.889628	0.889628	1.000000	0.949849	0.950724	0.999032	0.956704	0.964030	0.992120	0.954481	0.971991	0.981477	0.948077	0.976808	0.969910	0.939783	0.980044	0.958117	0.934337	0.983173	0.949521	0.928490	0.984986	0.941819	0.928153	0.991836	0.935299	0.921811	0.992647	0.928149	0.912185	0.993108	0.917997	0.906449	0.993419	0.911925	0.891222	0.997494	0.893222	0.882627	0.997811	0.884339
PSF	00786	0.5003	17821153	x	g	0.791887	0.797181	0.991684	0.887362	0.894384	0.991230	0.940677	0.952562	0.986909	0.946587	0.965522	0.979703	0.944672	0.973705	0.969402	0.938553	0.978690	0.958133	0.930214	0.981895	0.946448	0.924728	0.985004	0.937932	0.918495	0.986590	0.930106	0.915596	0.992050	0.922364	0.909281	0.992834	0.915288	0.899844	0.993333	0.905312	0.894221	0.993668	0.899346	0.879046	0.997681	0.880846	0.870565	0.998000	0.872086
POS	00786	0.5003	17821153	y	V	0.755014	0.755014	1.000000	0.855201	0.855201	1.000000	0.931741	0.931745	0.999996	0.954326	0.955576	0.998631	0.962447	0.970927	0.991008	0.959719	0.979563	0.979328	0.953983	0.985701	0.967370	0.945658	0.988593	0.956091	0.938602	0.990867	0.946793	0.928034	0.992194	0.934860	0.921300	0.993743	0.926675	0.910487	0.994653	0.914966	0.903752	0.995332	0.907599	0.881986	0.996731	0.884544	0.871685	0.997220	0.873808
PSF	00786	0.5003	17821153	y	V	0.754651	0.757910	0.994334	0.854061	0.858350	0.994183	0.927067	0.933602	0.992505	0.944915	0.955173	0.988762	0.952184	0.970189	0.980882	0.949948	0.979105	0.969605	0.944092	0.985172	0.957700	0.936161	0.988243	0.946706	0.929342	0.990617	0.937595	0.919010	0.992023	0.925852	0.912344	0.993581	0.917753	0.901795	0.994585	0.906244	0.895125	0.995268	0.898951	0.873575	0.996679	0.876126	0.863400	0.997187	0.865508
POS	00786	0.5003	17821153	y	g	0.787974	0.787974	1.000000	0.884460	0.884460	1.000000	0.945852	0.945981	0.999856	0.957992	0.961931	0.995744	0.960147	0.972116	0.987339	0.956425	0.978345	0.977111	0.952082	0.983716	0.967326	0.944576	0.985792	0.957613	0.938945	0.987765	0.949994	0.937345	0.993926	0.942746	0.932056	0.995360	0.936123	0.922717	0.996055	0.926101	0.917218	0.996548	0.920142	0.896692	0.997655	0.898586	0.888178	0.998051	0.889720
PSF	00786	0.5003	17821153	y	g	0.787207	0.792330	0.991854	0.882403	0.889083	0.991557	0.937743	0.948108	0.988477	0.947435	0.962967	0.983261	0.949776	0.973343	0.975141	0.946268	0.979717	0.965176	0.941410	0.984836	0.955258	0.934263	0.987083	0.945827	0.929009	0.989250	0.938483	0.924541	0.993854	0.929858	0.919216	0.995236	0.923278	0.910175	0.996033	0.913486	0.904776	0.996543	0.907625	0.884452	0.997612	0.886328	0.876067	0.998019	0.877593
POS	00786	0.5003	17821153	z	V	0.764415	0.764415	1.000000	0.865850	0.865850	1.000000	0.940848	0.942062	0.998633	0.949648	0.958977	0.989860	0.948364	0.969573	0.977454	0.943281	0.976975	0.964728	0.936040	0.982259	0.952137	0.929173	0.985861	0.941722	0.922810	0.988451	0.932869	0.913685	0.990487	0.921774	0.906920	0.991961	0.913636	0.897290	0.993456	0.902625	0.891289	0.994510	0.895696	0.870222	0.996152	0.873157	0.860315	0.996800	0.862698
PSF	00786	0.5003	17821153	z	V	0.763958	0.767356	0.994237	0.864065	0.868772	0.993769	0.931146	0.941428	0.988407	0.939728	0.958350	0.979742	0.938838	0.969193	0.967717	0.933937	0.976698	0.955221	0.926956	0.982109	0.942877	0.920177	0.985739	0.932592	0.913896	0.988353	0.923846	0.904856	0.990396	0.912865	0.898179	0.991890	0.904824	0.888654	0.993399	0.893932	0.882700	0.994451	0.887069	0.861839	0.996102	0.864755	0.852048	0.996767	0.854410
POS	00786	0.5003	17821153	z	g	0.803604	0.803604	1.000000	0.902004	0.902004	1.000000	0.957401	0.961061	0.996038	0.959522	0.972098	0.986697	0.955152	0.979070	0.975062	0.948868	0.984047	0.963692	0.941237	0.987725	0.952378	0.934452	0.990193	0.943181	0.928478	0.991984	0.935496	0.918311	0.993415	0.923935	0.912357	0.994422	0.917051	0.903915	0.995523	0.907604	0.898892	0.996231	0.901959	0.878784	0.997350	0.880841	0.870505	0.997789	0.872187
PSF	00786	0.5003	17821153	z	g	0.801733	0.807228	0.991582	0.897268	0.905069	0.990485	0.944417	0.960468	0.982613	0.946863	0.971757	0.973657	0.942731	0.978869	0.962315	0.936554	0.983891	0.951139	0.929105	0.987637	0.940037	0.922399	0.990117	0.930970	0.916481	0.991908	0.923385	0.906448	0.993349	0.911983	0.900592	0.994374	0.905205	0.892257	0.995482	0.895885	0.887293	0.996190	0.890315	0.867449	0.997319	0.869477	0.859292	0.997770	0.860945
thin2	00786	0.5003	17821153	x	V	0.645860	0.645860	1.000000	0.815605	0.815605	1.000000	0.905708	0.905708	1.000000	0.955393	0.962829	0.991981	0.948374	0.976197	0.970824	0.935240	0.982747	0.950853	0.922019	0.991791	0.929110	0.900625	0.993618	0.905865	0.890092	0.994287	0.894668
thin2	00786	0.5003	17821153	x	g	0.670113	0.670113	1.000000	0.851184	0.851184	1.000000	0.926711	0.926716	0.999995	0.956162	0.966849	0.988572	0.947356	0.976212	0.969742	0.936223	0.981676	0.952875	0.928496	0.992261	0.935270	0.910585	0.993658	0.915908	0.901857	0.994098	0.906712
thin2	00786	0.5003	17821153	y	V	0.642281	0.642281	1.000000	0.811086	0.811086	1.000000	0.900689	0.900689	1.000000	0.958662	0.961879	0.996524	0.958986	0.979045	0.979082	0.949384	0.987582	0.960855	0.927815	0.992178	0.934652	0.907775	0.994861	0.912052	0.897671	0.995836	0.901054
thin2	00786	0.5003	17821153	y	g	0.666201	0.666201	1.000000	0.846215	0.846215	1.000000	0.921311	0.921311	1.000000	0.959219	0.965632	0.993125	0.955275	0.977514	0.976738	0.947391	0.984763	0.961485	0.937121	0.994022	0.942432	0.920602	0.996313	0.923749	0.912226	0.997022	0.914719
thin2	00786	0.5003	17821153	z	V	0.650395	0.650395	1.000000	0.821331	0.821331	1.000000	0.912065	0.912066	0.999999	0.949586	0.963146	0.985390	0.943692	0.977145	0.964992	0.931812	0.984382	0.945794	0.912925	0.990254	0.921202	0.894274	0.993555	0.899492	0.885281	0.995100	0.889157
thin2	00786	0.5003	17821153	z	g	0.679652	0.679652	1.000000	0.863302	0.863302	1.000000	0.939580	0.939742	0.999817	0.958305	0.974769	0.982680	0.949388	0.984266	0.964019	0.936936	0.989157	0.946659	0.917177	0.993177	0.922993	0.901000	0.995476	0.904705	0.893514	0.996606	0.896241
thin4	00786	0.5003	17821153	x	V	0.479259	0.479259	1.000000	0.740081	0.740081	1.000000	0.871236	0.871236	1.000000	0.939455	0.939653	0.999775	0.955185	0.962521	0.992083	0.950526	0.973658	0.975615	0.933931	0.981880	0.950310	0.924129	0.989749	0.933060	0.915025	0.991051	0.922649
thin4	00786	0.5003	17821153	x	g	0.479381	0.479381	1.000000	0.772199	0.772199	1.000000	0.899806	0.899806	1.000000	0.951638	0.952986	0.998516	0.955998	0.966737	0.988513	0.948835	0.973961	0.973531	0.933737	0.980357	0.951539	0.928598	0.989542	0.937801	0.921232	0.990561	0.929391
thin4	00786	0.5003	17821153	y	V	0.476621	0.476621	1.000000	0.736006	0.736006	1.000000	0.866439	0.866439	1.000000	0.934608	0.934647	0.999955	0.958305	0.961513	0.996530	0.960936	0.976404	0.983782	0.950036	0.987791	0.961324	0.932103	0.991351	0.939745	0.923709	0.993100	0.929675
thin4	00786	0.5003	17821153	y	g	0.476373	0.476373	1.000000	0.767352	0.767352	1.000000	0.894159	0.894159	1.000000	0.947590	0.947990	0.999554	0.958483	0.965016	0.992986	0.957126	0.975239	0.980964	0.948342	0.985080	0.962161	0.939814	0.992495	0.946541	0.932931	0.993841	0.938356
thin4	00786	0.5003	17821153	z	V	0.482621	0.482621	1.000000	0.745272	0.745272	1.000000	0.877347	0.877347	1.000000	0.942112	0.944220	0.997637	0.950600	0.963469	0.986144	0.945780	0.974562	0.969719	0.932125	0.984393	0.946106	0.917010	0.989331	0.926169	0.909632	0.991581	0.916712
thin4	00786	0.5003	17821153	z	g	0.485941	0.485941	1.000000	0.782766	0.782766	1.000000	0.912119	0.912119	1.000000	0.958013	0.962637	0.995011	0.959631	0.975166	0.983671	0.952448	0.982539	0.968847	0.937499	0.989218	0.947177	0.921609	0.992592	0.927992	0.915226	0.994159	0.920174
thin8	00786	0.5003	17821153	x	V	0.317430	0.317430	1.000000	0.611087	0.611087	1.000000	0.829732	0.829732	1.000000	0.908185	0.908185	1.000000	0.937528	0.937805	0.999684	0.952473	0.957400	0.994626	0.947654	0.972125	0.974124	0.935474	0.979103	0.954532	0.928667	0.983360	0.943494
thin8	00786	0.5003	17821153	x	g	0.307551	0.307551	1.000000	0.630418	0.630418	1.000000	0.864781	0.864781	1.000000	0.927762	0.927764	0.999997	0.948399	0.949755	0.998497	0.954187	0.962371	0.991166	0.944620	0.971621	0.971422	0.934452	0.977100	0.955376	0.929525	0.981543	0.946062
thin8	00786	0.5003	17821153	y	V	0.316033	0.316033	1.000000	0.608398	0.608398	1.000000	0.826082	0.826082	1.000000	0.904190	0.904190	1.000000	0.933883	0.933927	0.999950	0.954297	0.956270	0.997843	0.961336	0.977129	0.983465	0.950903	0.985181	0.964702	0.943337	0.989127	0.953221
thin8	00786	0.5003	17821153	y	g	0.305975	0.305975	1.000000	0.627186	0.627186	1.000000	0.860348	0.860348	1.000000	0.923011	0.923011	1.000000	0.945459	0.945872	0.999538	0.956754	0.961261	0.995123	0.957595	0.975930	0.980758	0.947450	0.981528	0.964650	0.941770	0.985622	0.954889
thin8	00786	0.5003	17821153	z	V	0.320188	0.320188	1.000000	0.616397	0.616397	1.000000	0.836942	0.836942	1.000000	0.916045	0.916060	0.999982	0.942078	0.944103	0.997728	0.949676	0.960032	0.988769	0.944529	0.974688	0.968279	0.934775	0.983031	0.950106	0.926372	0.986453	0.938309
thin8	00786	0.5003	17821153	z	g	0.312576	0.312576	1.000000	0.640719	0.640719	1.000000	0.878912	0.878912	1.000000	0.942151	0.942527	0.999577	0.957405	0.961965	0.995073	0.959374	0.972809	0.985809	0.950241	0.982549	0.966554	0.940210	0.988301	0.950792	0.931077	0.990565	0.939408
POS	00786	0.5003	22164289	x	V	0.749450	0.749450	1.000000	0.831177	0.831177	1.000000	0.923079	0.923620	0.999366	0.940157	0.947282	0.992064	0.946088	0.965354	0.979342	0.943594	0.975614	0.966387	0.940997	0.983763	0.955843	0.934847	0.987119	0.946392	0.932064	0.991970	0.939150	0.926852	0.993516	0.932492	0.921951	0.995400	0.925896	0.914428	0.996096	0.917717	0.909181	0.996784	0.911856	0.895663	0.998049	0.897234	0.886507	0.998445	0.887733
PSF	00786	0.5003	22164289	x	V	0.748814	0.751715	0.994873	0.830067	0.833659	0.994836	0.918964	0.925100	0.992834	0.934319	0.948019	0.984768	0.940221	0.966182	0.972217	0.937748	0.976497	0.959402	0.934640	0.984401	0.948691	0.928517	0.987767	0.939318	0.924898	0.992166	0.931703	0.919710	0.993710	0.925096	0.914444	0.995373	0.918348	0.906998	0.996081	0.910246	0.901782	0.996765	0.904429	0.888382	0.998040	0.889935	0.879304	0.998439	0.880515
POS	00786	0.5003	22164289	x	g	0.777384	0.777384	1.000000	0.850992	0.850992	1.000000	0.936073	0.938112	0.997683	0.943357	0.954565	0.987707	0.947149	0.969854	0.975879	0.944013	0.977687	0.964799	0.943187	0.985848	0.956132	0.937707	0.988524	0.948027	0.937193	0.994237	0.942312	0.933099	0.995593	0.936969	0.928208	0.997082	0.930736	0.920979	0.997544	0.923072	0.916191	0.998001	0.917875	0.905606	0.998831	0.906567	0.897874	0.999073	0.898622
PSF	00786	0.5003	22164289	x	g	0.775804	0.780091	0.992967	0.848683	0.853880	0.992880	0.929775	0.939639	0.988836	0.936792	0.956085	0.978914	0.940399	0.971392	0.967185	0.937126	0.979196	0.956163	0.935417	0.986929	0.947151	0.929924	0.989593	0.939108	0.928061	0.994590	0.932769	0.923881	0.995884	0.927423	0.918472	0.997061	0.920965	0.911322	0.997528	0.913385	0.906587	0.997988	0.908246	0.896109	0.998821	0.897058	0.888460	0.999066	0.889199
POS	00786	0.5003	22164289	y	V	0.716657	0.716657	1.000000	0.794808	0.794808	1.000000	0.882991	0.883354	0.999534	0.911479	0.912242	0.999084	0.935867	0.939115	0.996318	0.948688	0.956811	0.991130	0.956770	0.970170	0.985769	0.958590	0.977582	0.980136	0.954668	0.981705	0.971961	0.952295	0.984746	0.966553	0.947646	0.986756	0.959855	0.945084	0.990188	0.954018	0.941887	0.992049	0.949051	0.931004	0.994976	0.935401	0.923280	0.996354	0.926410
PSF	00786	0.5003	22164289	y	V	0.715556	0.718200	0.994881	0.793267	0.796519	0.994881	0.880803	0.885216	0.994372	0.908725	0.913975	0.993719	0.931474	0.940155	0.990184	0.942895	0.957228	0.984367	0.950026	0.970168	0.978614	0.951684	0.977528	0.972970	0.947762	0.981651	0.964855	0.945340	0.984668	0.959463	0.940780	0.986714	0.952850	0.938274	0.990180	0.947088	0.935030	0.992009	0.942126	0.924221	0.994943	0.928583	0.916563	0.996331	0.919667
POS	00786	0.5003	22164289	y	g	0.750504	0.750504	1.000000	0.821566	0.821566	1.000000	0.907078	0.907411	0.999596	0.930668	0.931805	0.998690	0.948650	0.953913	0.994217	0.954470	0.966117	0.987528	0.960586	0.977656	0.982148	0.961373	0.983572	0.977062	0.955732	0.986464	0.968432	0.953280	0.988685	0.963795	0.948085	0.990015	0.957239	0.946369	0.993504	0.952262	0.943554	0.995085	0.947973	0.934454	0.996876	0.937199	0.927622	0.997745	0.929570
PSF	00786	0.5003	22164289	y	g	0.748635	0.752601	0.993010	0.819099	0.823855	0.993001	0.903469	0.909760	0.992404	0.925866	0.933729	0.990986	0.942425	0.955278	0.985924	0.947349	0.967105	0.978892	0.952282	0.978112	0.973017	0.952760	0.983899	0.967850	0.947026	0.986732	0.959242	0.944393	0.988855	0.954553	0.939254	0.990196	0.948071	0.937368	0.993601	0.943061	0.934328	0.995051	0.938690	0.925313	0.996848	0.928028	0.918558	0.997728	0.920483
POS	00786	0.5003	22164289	z	V	0.730174	0.730174	1.000000	0.809799	0.809799	1.000000	0.900353	0.900392	0.999952	0.926904	0.928538	0.998105	0.944927	0.952427	0.991735	0.949165	0.965925	0.982048	0.952247	0.976875	0.974207	0.951690	0.983150	0.967470	0.946177	0.986480	0.958607	0.942203	0.988695	0.952464	0.938839	0.991415	0.946534	0.932056	0.992567	0.938607	0.927142	0.993476	0.932822	0.915064	0.995667	0.918722	0.907472	0.997062	0.909906
PSF	00786	0.5003	22164289	z	V	0.729974	0.732716	0.994898	0.809235	0.812612	0.994890	0.898952	0.903332	0.994636	0.923626	0.930685	0.991855	0.940072	0.953919	0.984793	0.944045	0.967366	0.975100	0.945561	0.977554	0.966546	0.944260	0.983460	0.959497	0.938697	0.986756	0.950674	0.934802	0.989008	0.944616	0.930691	0.991314	0.938343	0.923999	0.992490	0.930505	0.919171	0.993426	0.924796	0.907207	0.995632	0.910832	0.899693	0.997039	0.902103
POS	00786	0.5003	22164289	z	g	0.771927	0.771927	1.000000	0.845018	0.845018	1.000000	0.932693	0.933174	0.999448	0.947980	0.953664	0.993751	0.957436	0.971823	0.984773	0.956333	0.980732	0.974646	0.950227	0.986094	0.963132	0.945511	0.989196	0.955378	0.937869	0.991022	0.945905	0.933539	0.992234	0.940410	0.931587	0.995334	0.935673	0.924637	0.995958	0.928120	0.919930	0.996465	0.922942	0.909931	0.997644	0.911891	0.903096	0.998423	0.904386
PSF	00786	0.5003	22164289	z	g	0.770033	0.774250	0.992976	0.842458	0.847533	0.992942	0.928184	0.935377	0.991784	0.941980	0.955261	0.985456	0.950485	0.973066	0.976167	0.949000	0.981824	0.965970	0.942386	0.986925	0.954300	0.937544	0.989957	0.946547	0.929893	0.991757	0.937136	0.925646	0.993003	0.931723	0.922115	0.995226	0.926212	0.915260	0.995866	0.918750	0.910686	0.996425	0.913672	0.900818	0.997627	0.902752	0.894055	0.998412	0.895328
thin2	00786	0.5003	22164289	x	V	0.687842	0.687842	1.000000	0.790231	0.790231	1.000000	0.881204	0.881204	1.000000	0.944878	0.955646	0.988215	0.943003	0.975092	0.966279	0.937654	0.985859	0.950436	0.925490	0.992617	0.931905	0.914560	0.996312	0.917666	0.904274	0.997194	0.906581
thin2	00786	0.5003	22164289	x	g	0.715944	0.715944	1.000000	0.813535	0.813535	1.000000	0.897015	0.897032	0.999979	0.946966	0.962008	0.983757	0.943347	0.977192	0.964585	0.940311	0.987532	0.951608	0.930706	0.994349	0.935655	0.922155	0.997680	0.924137	0.912207	0.998239	0.913677
thin2	00786	0.5003	22164289	y	V	0.657538	0.657538	1.000000	0.755416	0.755416	1.000000	0.842381	0.842381	1.000000	0.922328	0.923340	0.998813	0.947898	0.956056	0.991078	0.956956	0.973883	0.982161	0.951546	0.984056	0.966446	0.942298	0.988664	0.952590	0.938632	0.993274	0.944636
thin2	00786	0.5003	22164289	y	g	0.690876	0.690876	1.000000	0.785050	0.785050	1.000000	0.865641	0.865641	1.000000	0.939560	0.941542	0.997765	0.953890	0.965465	0.987588	0.959810	0.980186	0.978801	0.952110	0.987915	0.963331	0.943263	0.991084	0.951337	0.940746	0.995787	0.944505
thin2	00786	0.5003	22164289	z	V	0.670140	0.670140	1.000000	0.769893	0.769893	1.000000	0.858525	0.858525	1.000000	0.936391	0.939178	0.996840	0.949105	0.965683	0.982233	0.951247	0.980169	0.969913	0.943086	0.989025	0.953060	0.931736	0.992521	0.938324	0.922690	0.994171	0.927709
thin2	00786	0.5003	22164289	z	g	0.711132	0.711132	1.000000	0.808067	0.808067	1.000000	0.891021	0.891021	1.000000	0.954515	0.962721	0.991149	0.956559	0.980858	0.974755	0.947623	0.988081	0.958580	0.934334	0.992902	0.940616	0.923959	0.995210	0.928086	0.915885	0.996829	0.918561
thin4	00786	0.5003	22164289	x	V	0.608118	0.608118	1.000000	0.740043	0.740043	1.000000	0.838951	0.838951	1.000000	0.923549	0.924382	0.999025	0.942448	0.953022	0.988364	0.945327	0.972647	0.971144	0.938266	0.986194	0.950755	0.926891	0.990067	0.935591	0.923658	0.994261	0.928609
thin4	00786	0.5003	22164289	x	g	0.632901	0.632901	1.000000	0.769334	0.769334	1.000000	0.857374	0.857374	1.000000	0.935447	0.937955	0.997149	0.943939	0.958821	0.983823	0.945823	0.975733	0.968608	0.941027	0.988053	0.951858	0.931231	0.991056	0.939123	0.930223	0.996131	0.933596
thin4	00786	0.5003	22164289	y	V	0.581234	0.581234	1.000000	0.707326	0.707326	1.000000	0.801862	0.801862	1.000000	0.883530	0.883928	0.999491	0.919642	0.920587	0.998886	0.945331	0.951133	0.993589	0.956854	0.973755	0.982185	0.955956	0.983075	0.971953	0.950719	0.986124	0.963610
thin4	00786	0.5003	22164289	y	g	0.610476	0.610476	1.000000	0.742075	0.742075	1.000000	0.826996	0.826996	1.000000	0.906528	0.906899	0.999549	0.936327	0.938130	0.997952	0.953905	0.962575	0.990646	0.959890	0.980145	0.978925	0.958370	0.987506	0.970133	0.952157	0.989724	0.961664
thin4	00786	0.5003	22164289	z	V	0.591992	0.591992	1.000000	0.720418	0.720418	1.000000	0.816704	0.816704	1.000000	0.900638	0.900690	0.999936	0.932771	0.935619	0.996748	0.948036	0.961153	0.985810	0.950854	0.979568	0.970094	0.946681	0.987279	0.958371	0.939885	0.989509	0.949346
thin4	00786	0.5003	22164289	z	g	0.628104	0.628104	1.000000	0.763504	0.763504	1.000000	0.850877	0.850877	1.000000	0.932280	0.932873	0.999319	0.950634	0.958708	0.991219	0.957241	0.978017	0.978289	0.947697	0.987821	0.958901	0.938947	0.991418	0.946641	0.930991	0.992659	0.937445
thin8	00786	0.5003	22164289	x	V	0.491527	0.491527	1.000000	0.671378	0.671378	1.000000	0.801944	0.801944	1.000000	0.884562	0.884562	1.000000	0.924558	0.925160	0.999297	0.942096	0.950184	0.991046	0.943740	0.970719	0.971393	0.940093	0.983790	0.954884	0.934878	0.987268	0.946287
thin8	00786	0.5003	22164289	x	g	0.498091	0.498091	1.000000	0.698585	0.698585	1.000000	0.824617	0.824617	1.000000	0.900286	0.900333	0.999941	0.937344	0.939434	0.997632	0.945204	0.957406	0.986695	0.944430	0.973390	0.969460	0.942666	0.985727	0.955711	0.938478	0.988587	0.948757
thin8	00786	0.5003	22164289	y	V	0.470310	0.470310	1.000000	0.642398	0.642398	1.000000	0.767329	0.767329	1.000000	0.846381	0.846381	1.000000	0.885849	0.885849	1.000000	0.915673	0.916491	0.999026	0.943940	0.949880	0.993419	0.956677	0.970917	0.984901	0.957213	0.977295	0.978984
thin8	00786	0.5003	22164289	y	g	0.481309	0.481309	1.000000	0.675048	0.675048	1.000000	0.796834	0.796834	1.000000	0.870050	0.870050	1.000000	0.909935	0.909936	0.999999	0.935040	0.936289	0.998576	0.952546	0.961171	0.990668	0.960605	0.978268	0.981551	0.960016	0.982967	0.976256
thin8	00786	0.5003	22164289	z	V	0.478639	0.478639	1.000000	0.653774	0.653774	1.000000	0.780918	0.780918	1.000000	0.861369	0.861369	1.000000	0.901536	0.901536	1.000000	0.929624	0.931554	0.997776	0.946779	0.959582	0.986103	0.950942	0.976442	0.973271	0.949962	0.982111	0.966689
thin8	00786	0.5003	22164289	z	g	0.494386	0.494386	1.000000	0.693389	0.693389	1.000000	0.818484	0.818484	1.000000	0.893680	0.893684	0.999995	0.934472	0.934563	0.999896	0.950345	0.956560	0.993210	0.955105	0.975370	0.978710	0.950493	0.986185	0.963320	0.946692	0.989263	0.956520
POS	00786	0.5003	23875364	x	V	0.916474	0.916474	1.000000	0.956281	0.956281	1.000000	0.978896	0.978905	0.999991	0.985242	0.985615	0.999615	0.987793	0.990258	0.997486	0.987348	0.993005	0.994264	0.985871	0.994636	0.991141	0.983831	0.995807	0.987923	0.981387	0.996576	0.984706	0.979532	0.997152	0.982280	0.977549	0.997522	0.979929	0.975725	0.997822	0.977807	0.974001	0.998074	0.975836	0.968487	0.998616	0.969789	0.965730	0.999027	0.966639
PSF	00786	0.5003	23875364	x	V	0.912996	0.917766	0.994339	0.951952	0.957379	0.994080	0.973092	0.979396	0.993428	0.978089	0.985465	0.992405	0.980281	0.989950	0.990135	0.980149	0.992864	0.987103	0.978797	0.994559	0.984066	0.976818	0.995759	0.980899	0.974419	0.996545	0.977722	0.972584	0.997126	0.975319	0.970626	0.997503	0.972990	0.968824	0.997809	0.970889	0.967108	0.998059	0.968931	0.961652	0.998614	0.962938	0.958904	0.999020	0.959807
POS	00786	0.5003	23875364	x	g	0.939741	0.939741	1.000000	0.970127	0.970127	1.000000	0.986561	0.986650	0.999908	0.990159	0.991042	0.999101	0.990679	0.993784	0.996856	0.989697	0.995485	0.994160	0.988261	0.996528	0.991675	0.986533	0.997290	0.989184	0.984525	0.997786	0.986680	0.983029	0.998158	0.984815	0.981447	0.998397	0.982995	0.980004	0.998587	0.981365	0.978666	0.998748	0.979868	0.974409	0.999102	0.975263	0.972260	0.999374	0.972853
PSF	00786	0.5003	23875364	x	g	0.934108	0.941061	0.992152	0.963302	0.971090	0.991744	0.977840	0.986790	0.990810	0.980604	0.990793	0.989622	0.981204	0.993591	0.987454	0.980443	0.995408	0.984898	0.979065	0.996479	0.982464	0.977369	0.997253	0.980008	0.975398	0.997760	0.977539	0.973922	0.998137	0.975696	0.972361	0.998381	0.973897	0.970940	0.998575	0.972287	0.969611	0.998735	0.970802	0.965403	0.999096	0.966246	0.963267	0.999365	0.963856
POS	00786	0.5003	23875364	y	V	0.919008	0.919008	1.000000	0.958925	0.958925	1.000000	0.980767	0.981190	0.999561	0.985137	0.986916	0.998174	0.986227	0.990830	0.995311	0.985525	0.993452	0.991969	0.983979	0.995050	0.988820	0.981925	0.996215	0.985602	0.979556	0.997022	0.982430	0.977576	0.997533	0.979946	0.975713	0.997964	0.977659	0.974004	0.998323	0.975600	0.972256	0.998561	0.973620	0.966548	0.998999	0.967485	0.963453	0.999229	0.964169
PSF	00786	0.5003	23875364	y	V	0.915887	0.920706	0.994317	0.954052	0.959977	0.993572	0.973325	0.981084	0.991940	0.977435	0.986715	0.990470	0.978602	0.990687	0.987687	0.977982	0.993358	0.984419	0.976488	0.994983	0.981320	0.974479	0.996167	0.978147	0.972160	0.996994	0.975018	0.970207	0.997513	0.972560	0.968365	0.997949	0.970296	0.966667	0.998309	0.968253	0.964936	0.998549	0.966290	0.959275	0.998991	0.960205	0.956201	0.999221	0.956914
POS	00786	0.5003	23875364	y	g	0.941378	0.941378	1.000000	0.971815	0.971816	1.000000	0.986636	0.987541	0.999072	0.989135	0.991385	0.997711	0.989325	0.993965	0.995304	0.988342	0.995666	0.992612	0.986909	0.996711	0.990133	0.985186	0.997476	0.987648	0.983254	0.998010	0.985186	0.981690	0.998347	0.983289	0.980196	0.998630	0.981516	0.978855	0.998871	0.979939	0.977514	0.999031	0.978442	0.973133	0.999319	0.973779	0.970771	0.999478	0.971263
PSF	00786	0.5003	23875364	y	g	0.936189	0.943131	0.992200	0.964206	0.972587	0.991142	0.976987	0.987413	0.989308	0.979380	0.991234	0.987937	0.979625	0.993854	0.985596	0.978723	0.995600	0.982974	0.977322	0.996660	0.980534	0.975639	0.997440	0.978088	0.973747	0.997987	0.975663	0.972206	0.998330	0.973790	0.970736	0.998620	0.972040	0.969403	0.998860	0.970477	0.968077	0.999021	0.968996	0.963744	0.999314	0.964382	0.961400	0.999471	0.961889
POS	00786	0.5003	23875364	z	V	0.915606	0.915606	1.000000	0.955375	0.955375	1.000000	0.977986	0.977987	1.000000	0.984683	0.984871	0.999806	0.987851	0.989820	0.997991	0.987670	0.992698	0.994898	0.986290	0.994377	0.991822	0.984253	0.995549	0.988603	0.982097	0.996465	0.985530	0.980199	0.997019	0.983080	0.978326	0.997446	0.980783	0.976519	0.997756	0.978668	0.975048	0.998139	0.976824	0.969946	0.998900	0.970983	0.966919	0.999171	0.967695
PSF	00786	0.5003	23875364	z	V	0.912051	0.916821	0.994327	0.951137	0.956481	0.994159	0.972627	0.978664	0.993697	0.977964	0.984902	0.992849	0.980489	0.989552	0.990746	0.980493	0.992533	0.987779	0.979251	0.994284	0.984796	0.977287	0.995490	0.981634	0.975187	0.996430	0.978606	0.973314	0.996992	0.976181	0.971476	0.997432	0.973912	0.969691	0.997747	0.971818	0.968221	0.998127	0.969984	0.963157	0.998892	0.964187	0.960149	0.999163	0.960922
POS	00786	0.5003	23875364	z	g	0.938855	0.938855	1.000000	0.969212	0.969212	1.000000	0.985773	0.985791	0.999981	0.989976	0.990484	0.999482	0.991007	0.993481	0.997493	0.990170	0.995254	0.994868	0.988767	0.996314	0.992398	0.987031	0.997071	0.989900	0.985258	0.997687	0.987514	0.983737	0.998047	0.985635	0.982231	0.998325	0.983852	0.980806	0.998524	0.982230	0.979640	0.998774	0.980819	0.975660	0.999274	0.976352	0.973331	0.999454	0.973850
PSF	00786	0.5003	23875364	z	g	0.933164	0.940098	0.992157	0.962567	0.970218	0.991874	0.977590	0.986156	0.991193	0.980718	0.990341	0.990189	0.981605	0.993283	0.988164	0.980949	0.995152	0.985659	0.979654	0.996266	0.983264	0.977960	0.997040	0.980807	0.976210	0.997662	0.978448	0.974709	0.998027	0.976591	0.973231	0.998314	0.974834	0.971830	0.998519	0.973233	0.970670	0.998768	0.971833	0.966726	0.999270	0.967409	0.964416	0.999449	0.964929
thin2	00786	0.5003	23875364	x	V	0.874132	0.874132	1.000000	0.939065	0.939065	1.000000	0.970547	0.970547	1.000000	0.986719	0.987768	0.998924	0.987352	0.992961	0.994312	0.984673	0.995296	0.989277	0.979583	0.997108	0.982374	0.975125	0.997900	0.977130	0.972053	0.998237	0.973725
thin2	00786	0.5003	23875364	x	g	0.907420	0.907420	1.000000	0.957278	0.957278	1.000000	0.980708	0.980709	0.999999	0.990624	0.992324	0.998274	0.989701	0.995452	0.994196	0.987270	0.996967	0.990243	0.983100	0.998124	0.984920	0.979603	0.998639	0.980913	0.977246	0.998857	0.978340
thin2	00786	0.5003	23875364	y	V	0.876536	0.876536	1.000000	0.941646	0.941646	1.000000	0.973182	0.973198	0.999983	0.985873	0.988691	0.997117	0.985511	0.993391	0.992016	0.982879	0.995752	0.987017	0.977743	0.997541	0.980105	0.973457	0.998420	0.974959	0.970388	0.998757	0.971561
thin2	00786	0.5003	23875364	y	g	0.908945	0.908945	1.000000	0.958886	0.958886	1.000000	0.982051	0.982203	0.999843	0.989426	0.992551	0.996828	0.988407	0.995634	0.992710	0.986017	0.997170	0.988784	0.981904	0.998354	0.983496	0.978542	0.998938	0.979561	0.976201	0.999164	0.976999
thin2	00786	0.5003	23875364	z	V	0.873271	0.873271	1.000000	0.938140	0.938140	1.000000	0.969591	0.969591	1.000000	0.986520	0.987184	0.999318	0.987667	0.992631	0.994962	0.985273	0.995110	0.990067	0.980380	0.997023	0.983259	0.976003	0.997858	0.978052	0.973381	0.998430	0.974873
thin2	00786	0.5003	23875364	z	g	0.906535	0.906535	1.000000	0.956343	0.956343	1.000000	0.979752	0.979752	1.000000	0.990724	0.991891	0.998814	0.990175	0.995205	0.994921	0.987897	0.996798	0.991042	0.983913	0.998049	0.985809	0.980469	0.998593	0.981826	0.978413	0.998967	0.979404
thin4	00786	0.5003	23875364	x	V	0.824309	0.824309	1.000000	0.909032	0.909032	1.000000	0.960277	0.960277	1.000000	0.980008	0.980047	0.999960	0.986606	0.987695	0.998884	0.987605	0.992151	0.995382	0.984786	0.995293	0.989394	0.980684	0.996844	0.983738	0.978104	0.997456	0.980550
thin4	00786	0.5003	23875364	x	g	0.869413	0.869413	1.000000	0.934270	0.934270	1.000000	0.973228	0.973228	1.000000	0.987341	0.987505	0.999832	0.990595	0.992310	0.998258	0.990171	0.994994	0.995128	0.987410	0.996976	0.990376	0.984013	0.997952	0.986004	0.981978	0.998358	0.983567
thin4	00786	0.5003	23875364	y	V	0.826550	0.826550	1.000000	0.911503	0.911503	1.000000	0.962887	0.962887	1.000000	0.981576	0.982158	0.999397	0.985692	0.988568	0.997057	0.985942	0.992655	0.993188	0.983012	0.995744	0.987160	0.978898	0.997289	0.981510	0.976339	0.997911	0.978338
thin4	00786	0.5003	23875364	y	g	0.870856	0.870856	1.000000	0.935821	0.935821	1.000000	0.974834	0.974839	0.999995	0.987202	0.988249	0.998927	0.989328	0.992493	0.996787	0.988856	0.995156	0.993639	0.986183	0.997183	0.988939	0.982847	0.998189	0.984603	0.980829	0.998603	0.982177
thin4	00786	0.5003	23875364	z	V	0.823485	0.823485	1.000000	0.908123	0.908123	1.000000	0.959317	0.959317	1.000000	0.979094	0.979100	0.999994	0.986344	0.987072	0.999253	0.987874	0.991791	0.996018	0.985143	0.994976	0.990069	0.981458	0.996739	0.984619	0.978873	0.997350	0.981426
thin4	00786	0.5003	23875364	z	g	0.868559	0.868559	1.000000	0.933353	0.933353	1.000000	0.972273	0.972273	1.000000	0.986605	0.986653	0.999951	0.990683	0.991869	0.998795	0.990531	0.994688	0.995799	0.987789	0.996678	0.991052	0.984797	0.997860	0.986881	0.982761	0.998265	0.984442
thin8	00786	0.5003	23875364	x	V	0.747521	0.747521	1.000000	0.862271	0.862271	1.000000	0.945169	0.945169	1.000000	0.971609	0.971609	1.000000	0.980058	0.980074	0.999983	0.985769	0.986450	0.999300	0.987422	0.992086	0.995262	0.985110	0.994788	0.990221	0.983448	0.995937	0.987409
thin8	00786	0.5003	23875364	x	g	0.799880	0.799880	1.000000	0.898546	0.898546	1.000000	0.962007	0.962007	1.000000	0.981495	0.981499	0.999996	0.987343	0.987497	0.999841	0.990346	0.991564	0.998762	0.990037	0.994947	0.995040	0.987756	0.996660	0.991037	0.986263	0.997384	0.988820
thin8	00786	0.5003	23875364	y	V	0.749576	0.749576	1.000000	0.864640	0.864640	1.000000	0.947767	0.947767	1.000000	0.974228	0.974253	0.999973	0.981602	0.982188	0.999393	0.985748	0.987786	0.997912	0.986075	0.992764	0.993213	0.983589	0.995383	0.988097	0.981414	0.996271	0.985033
thin8	00786	0.5003	23875364	y	g	0.801242	0.801242	1.000000	0.900076	0.900076	1.000000	0.963645	0.963645	1.000000	0.982781	0.982976	0.999798	0.987224	0.988273	0.998926	0.989565	0.992011	0.997514	0.988935	0.995237	0.993637	0.986654	0.996950	0.989641	0.984857	0.997520	0.987274
thin8	00786	0.5003	23875364	z	V	0.746759	0.746759	1.000000	0.861391	0.861391	1.000000	0.944206	0.944206	1.000000	0.970618	0.970618	1.000000	0.979085	0.979088	0.999997	0.985301	0.985714	0.999575	0.987796	0.991770	0.995961	0.985945	0.994704	0.991147	0.984090	0.995755	0.988236
thin8	00786	0.5003	23875364	z	g	0.799097	0.799097	1.000000	0.897668	0.897668	1.000000	0.961066	0.961066	1.000000	0.980543	0.980543	1.000000	0.986616	0.986652	0.999963	0.990182	0.990998	0.999170	0.990464	0.994676	0.995743	0.988455	0.996526	0.991873	0.986907	0.997223	0.989628
POS	00786	0.5003	27762214	x	V	0.327868	0.327868	1.000000	0.418468	0.418468	1.000000	0.581719	0.581719	1.000000	0.687360	0.687764	0.999148	0.816555	0.821939	0.992042	0.853087	0.875961	0.970300	0.851560	0.908296	0.931661	0.851338	0.936299	0.903680	0.844612	0.962273	0.873538	0.831550	0.969835	0.853628	0.818541	0.975918	0.835415	0.806171	0.979790	0.819803	0.793944	0.982651	0.805231	0.760151	0.988793	0.766757	0.740205	0.991375	0.745002
PSF	00786	0.5003	27762214	x	V	0.331115	0.331650	0.995153	0.422400	0.423277	0.995113	0.585792	0.587825	0.994131	0.687298	0.692343	0.989511	0.811257	0.825104	0.979733	0.846288	0.878991	0.957888	0.843589	0.911027	0.919329	0.841134	0.937996	0.890656	0.830736	0.961866	0.859028	0.817823	0.969442	0.839463	0.804862	0.975458	0.821498	0.792788	0.979417	0.806220	0.780848	0.982358	0.791954	0.747709	0.988614	0.754203	0.728121	0.991239	0.732837
POS	00786	0.5003	27762214	x	g	0.333364	0.333364	1.000000	0.421484	0.421484	1.000000	0.571724	0.571780	0.999829	0.655751	0.660091	0.990074	0.804889	0.823674	0.972446	0.827881	0.871065	0.943500	0.820584	0.900026	0.902881	0.827087	0.933708	0.878686	0.827361	0.968967	0.849880	0.815263	0.975457	0.832337	0.803257	0.981221	0.815799	0.791765	0.984509	0.801754	0.780656	0.986800	0.788894	0.749641	0.991668	0.754393	0.730093	0.993626	0.733529
PSF	00786	0.5003	27762214	x	g	0.337609	0.338389	0.993224	0.426517	0.427784	0.993103	0.574800	0.578325	0.989508	0.652526	0.663917	0.974380	0.797725	0.827864	0.956356	0.819344	0.875274	0.927654	0.811135	0.904124	0.887472	0.814245	0.936207	0.862075	0.809562	0.968668	0.831331	0.797592	0.975132	0.814152	0.785591	0.980774	0.797877	0.774379	0.984112	0.784182	0.763586	0.986478	0.771663	0.733332	0.991454	0.737997	0.714258	0.993469	0.717628
POS	00786	0.5003	27762214	y	V	0.333934	0.333934	1.000000	0.426210	0.426210	1.000000	0.592476	0.592478	0.999994	0.693394	0.696544	0.993521	0.803249	0.821340	0.973311	0.827234	0.868994	0.945098	0.823536	0.900050	0.906432	0.815864	0.923426	0.875066	0.806745	0.947495	0.844499	0.793547	0.954423	0.824803	0.781628	0.960698	0.807447	0.770266	0.964760	0.792565	0.759481	0.968154	0.778941	0.726568	0.973532	0.741210	0.706794	0.975353	0.719648
PSF	00786	0.5003	27762214	y	V	0.335596	0.336154	0.995081	0.428104	0.429021	0.995031	0.593405	0.595626	0.993756	0.688826	0.697151	0.982961	0.796881	0.822066	0.962978	0.819292	0.869221	0.934482	0.814652	0.899881	0.895849	0.807104	0.923418	0.865004	0.798271	0.947750	0.835020	0.785256	0.954753	0.815608	0.773467	0.961073	0.798481	0.762217	0.965160	0.783782	0.751517	0.968557	0.770310	0.718891	0.973932	0.732994	0.699349	0.975790	0.711698
POS	00786	0.5003	27762214	y	g	0.337794	0.337794	1.000000	0.427085	0.427085	1.000000	0.578666	0.578963	0.999112	0.652802	0.661794	0.979610	0.790409	0.820367	0.955838	0.801059	0.860853	0.920210	0.793664	0.889426	0.880546	0.791642	0.917614	0.852215	0.785014	0.947847	0.820452	0.772434	0.953332	0.802790	0.761116	0.958899	0.786784	0.750217	0.961986	0.773137	0.740199	0.964484	0.760941	0.709797	0.968094	0.726800	0.690805	0.969357	0.706227
PSF	00786	0.5003	27762214	y	g	0.339335	0.340139	0.993084	0.428663	0.429977	0.992919	0.576400	0.580482	0.987948	0.646284	0.661481	0.965673	0.782013	0.820732	0.943105	0.792541	0.861518	0.908247	0.784814	0.890067	0.869055	0.782727	0.918413	0.841220	0.776016	0.948773	0.809953	0.763617	0.954336	0.792576	0.752378	0.959917	0.776782	0.741554	0.962999	0.763302	0.731610	0.965492	0.751254	0.701558	0.969152	0.717582	0.682797	0.970450	0.697294
POS	00786	0.5003	27762214	z	V	0.304663	0.304663	1.000000	0.388850	0.388850	1.000000	0.540548	0.540548	1.000000	0.639632	0.639632	1.000000	0.765936	0.767652	0.997089	0.820054	0.828536	0.987671	0.847157	0.874108	0.964883	0.860998	0.908081	0.943200	0.860027	0.935666	0.914079	0.854295	0.947095	0.897106	0.847062	0.956412	0.881075	0.839537	0.963230	0.867333	0.829988	0.967856	0.853515	0.804932	0.980363	0.818123	0.788200	0.985810	0.797246
PSF	00786	0.5003	27762214	z	V	0.305612	0.306085	0.994972	0.389899	0.390668	0.994978	0.541602	0.543082	0.994993	0.640459	0.642570	0.994898	0.765414	0.770609	0.991270	0.816903	0.830459	0.980409	0.842715	0.875658	0.957265	0.855096	0.909051	0.935095	0.851547	0.935271	0.904875	0.846037	0.946851	0.888219	0.838814	0.956173	0.872355	0.831273	0.962965	0.858727	0.821869	0.967644	0.845093	0.797031	0.980187	0.810082	0.780442	0.985641	0.789417
POS	00786	0.5003	27762214	z	g	0.325683	0.325683	1.000000	0.411772	0.411772	1.000000	0.558701	0.558701	1.000000	0.651097	0.651195	0.999768	0.817818	0.822172	0.993566	0.858815	0.878747	0.974269	0.874057	0.920609	0.945311	0.857816	0.941075	0.906506	0.824533	0.955281	0.857637	0.814361	0.962741	0.840862	0.803754	0.969208	0.824816	0.794379	0.973794	0.811732	0.784730	0.977013	0.799491	0.760943	0.987070	0.768604	0.743846	0.991045	0.748879
PSF	00786	0.5003	27762214	z	g	0.326145	0.326891	0.993050	0.412108	0.413300	0.993052	0.558565	0.560763	0.993032	0.649623	0.653055	0.991976	0.811759	0.822790	0.983753	0.850663	0.878690	0.963860	0.865734	0.920761	0.935427	0.849696	0.941378	0.897168	0.815630	0.954970	0.848253	0.805693	0.962550	0.831767	0.795199	0.969049	0.815923	0.785943	0.973670	0.803009	0.776430	0.976929	0.790933	0.752803	0.986966	0.760362	0.735849	0.990929	0.740839
thin2	00786	0.5003	27762214	x	V	0.274941	0.274941	1.000000	0.365198	0.365198	1.000000	0.503779	0.503779	1.000000	0.712681	0.713991	0.997432	0.851835	0.873548	0.971648	0.848733	0.920489	0.915878	0.833118	0.969910	0.855223	0.802194	0.980888	0.814932	0.783045	0.984864	0.792583
thin2	00786	0.5003	27762214	x	g	0.273519	0.273519	1.000000	0.372493	0.372493	1.000000	0.501900	0.501900	1.000000	0.672389	0.680230	0.983146	0.826195	0.868073	0.944831	0.818968	0.912678	0.888594	0.816923	0.975888	0.833751	0.788054	0.985423	0.797349	0.770532	0.988570	0.777459
thin2	00786	0.5003	27762214	y	V	0.279613	0.279613	1.000000	0.371404	0.371404	1.000000	0.512340	0.512340	1.000000	0.712073	0.718694	0.987226	0.824187	0.864908	0.945962	0.816053	0.908648	0.888988	0.795759	0.954230	0.827338	0.767193	0.965550	0.788785	0.749634	0.969893	0.767493
thin2	00786	0.5003	27762214	y	g	0.276566	0.276566	1.000000	0.376643	0.376643	1.000000	0.507491	0.507491	1.000000	0.664446	0.678479	0.969811	0.803323	0.859307	0.924984	0.785641	0.896914	0.863624	0.774756	0.953198	0.805393	0.747287	0.962137	0.769929	0.730953	0.965216	0.750728
thin2	00786	0.5003	27762214	z	V	0.255320	0.255320	1.000000	0.339136	0.339136	1.000000	0.467828	0.467828	1.000000	0.664697	0.664717	0.999957	0.816969	0.825023	0.988193	0.852695	0.889799	0.953377	0.855600	0.946697	0.898903	0.836232	0.964436	0.862838	0.822018	0.971761	0.842135
thin2	00786	0.5003	27762214	z	g	0.266784	0.266784	1.000000	0.363321	0.363321	1.000000	0.489541	0.489541	1.000000	0.673915	0.674293	0.999169	0.854406	0.873633	0.974888	0.872978	0.933027	0.931339	0.816146	0.962425	0.843007	0.791234	0.974201	0.808168	0.777508	0.979909	0.790103
thin4	00786	0.5003	27762214	x	V	0.228376	0.228376	1.000000	0.319015	0.319015	1.000000	0.432691	0.432691	1.000000	0.585917	0.585917	1.000000	0.714477	0.716060	0.996914	0.843719	0.858404	0.980127	0.851412	0.921523	0.917971	0.840384	0.966597	0.865520	0.823346	0.974398	0.841551
thin4	00786	0.5003	27762214	x	g	0.225290	0.225290	1.000000	0.324136	0.324136	1.000000	0.433427	0.433427	1.000000	0.573377	0.573509	0.999600	0.677223	0.685000	0.983512	0.825786	0.857929	0.956599	0.823044	0.914290	0.891856	0.825273	0.973523	0.844222	0.808990	0.979926	0.822623
thin4	00786	0.5003	27762214	y	V	0.232069	0.232069	1.000000	0.324173	0.324173	1.000000	0.439687	0.439687	1.000000	0.595345	0.595362	0.999953	0.715218	0.721336	0.988280	0.823382	0.853451	0.958966	0.817712	0.908758	0.890852	0.803004	0.950793	0.837823	0.787184	0.958698	0.814817
thin4	00786	0.5003	27762214	y	g	0.227464	0.227464	1.000000	0.327263	0.327263	1.000000	0.437609	0.437609	1.000000	0.578023	0.578481	0.998631	0.669848	0.683229	0.971595	0.806596	0.850757	0.939537	0.788594	0.897255	0.866874	0.783404	0.950715	0.816566	0.767580	0.956539	0.795317
thin4	00786	0.5003	27762214	z	V	0.212038	0.212038	1.000000	0.296192	0.296192	1.000000	0.401736	0.401736	1.000000	0.544000	0.544000	1.000000	0.666886	0.666888	0.999995	0.803309	0.807694	0.993287	0.853192	0.889498	0.954345	0.859908	0.941731	0.908231	0.850794	0.953871	0.887301
thin4	00786	0.5003	27762214	z	g	0.220194	0.220194	1.000000	0.316803	0.316803	1.000000	0.423622	0.423622	1.000000	0.560759	0.560759	1.000000	0.679736	0.680137	0.999133	0.850346	0.862395	0.983836	0.872463	0.932803	0.930975	0.822493	0.959950	0.851720	0.807807	0.967092	0.830640
thin8	00786	0.5003	27762214	x	V	0.173166	0.173166	1.000000	0.267408	0.267408	1.000000	0.378710	0.378710	1.000000	0.507189	0.507189	1.000000	0.587402	0.587412	0.999970	0.690082	0.690907	0.998272	0.844053	0.857977	0.981135	0.859443	0.913164	0.935935	0.843831	0.931594	0.899570
thin8	00786	0.5003	27762214	x	g	0.167516	0.167516	1.000000	0.265032	0.265032	1.000000	0.384035	0.384035	1.000000	0.503060	0.503060	1.000000	0.575375	0.575553	0.999464	0.655737	0.660938	0.988143	0.825804	0.857136	0.957612	0.832176	0.907926	0.908879	0.817607	0.925381	0.875315
thin8	00786	0.5003	27762214	y	V	0.175775	0.175775	1.000000	0.271437	0.271437	1.000000	0.384415	0.384415	1.000000	0.514830	0.514830	1.000000	0.596204	0.596232	0.999919	0.694058	0.697529	0.992881	0.821146	0.851132	0.958862	0.828041	0.901570	0.910337	0.808254	0.916847	0.872189
thin8	00786	0.5003	27762214	y	g	0.168821	0.168821	1.000000	0.267096	0.267096	1.000000	0.387026	0.387026	1.000000	0.506978	0.506978	0.999999	0.578882	0.579419	0.998401	0.650389	0.659725	0.978705	0.804244	0.847840	0.939905	0.800741	0.892340	0.886372	0.782489	0.906698	0.851013
thin8	00786	0.5003	27762214	z	V	0.160708	0.160708	1.000000	0.248170	0.248170	1.000000	0.351464	0.351464	1.000000	0.470700	0.470700	1.000000	0.545169	0.545169	1.000000	0.642311	0.642311	1.000000	0.802515	0.806542	0.993816	0.844887	0.872635	0.963729	0.857926	0.905566	0.942223
thin8	00786	0.5003	27762214	z	g	0.163477	0.163477	1.000000	0.258641	0.258641	1.000000	0.374774	0.374774	1.000000	0.490930	0.490930	1.000000	0.561976	0.561976	1.000000	0.652501	0.652596	0.999778	0.848085	0.859745	0.984260	0.874775	0.921477	0.945237	0.869766	0.945096	0.916052
POS	00786	0.5003	29779277	x	V	0.814766	0.814766	1.000000	0.876968	0.876968	1.000000	0.939741	0.941443	0.998080	0.950436	0.958826	0.990878	0.953653	0.972640	0.979941	0.947505	0.980359	0.965840	0.939027	0.985419	0.952257	0.929697	0.988562	0.939807	0.919427	0.990964	0.927200	0.908771	0.992573	0.914993	0.900046	0.993839	0.905096	0.891966	0.994795	0.896148	0.885189	0.995448	0.888787	0.867347	0.996725	0.869825	0.856984	0.997255	0.859010
PSF	00786	0.5003	29779277	x	V	0.813232	0.816646	0.994886	0.874919	0.878928	0.994814	0.933805	0.941766	0.991029	0.944358	0.959178	0.983902	0.946617	0.972554	0.972599	0.940425	0.980253	0.958585	0.931981	0.985316	0.945107	0.922765	0.988494	0.932784	0.912576	0.990908	0.920282	0.902018	0.992533	0.908181	0.893356	0.993802	0.898361	0.885336	0.994762	0.889483	0.878622	0.995424	0.882185	0.860916	0.996708	0.863370	0.850632	0.997242	0.852638
POS	00786	0.5003	29779277	x	g	0.849522	0.849522	1.000000	0.902128	0.902128	1.000000	0.943728	0.951415	0.991512	0.945891	0.962992	0.981572	0.946216	0.974834	0.969908	0.943320	0.983824	0.958182	0.936602	0.989151	0.946323	0.927470	0.991489	0.934912	0.917747	0.993292	0.923470	0.907876	0.994520	0.912441	0.899698	0.995454	0.903410	0.891760	0.996171	0.894827	0.885511	0.996635	0.888166	0.869029	0.997577	0.870868	0.859436	0.997971	0.860940
PSF	00786	0.5003	29779277	x	g	0.847824	0.852967	0.992938	0.899228	0.905383	0.992496	0.937063	0.953143	0.982314	0.939268	0.964835	0.972562	0.938185	0.976012	0.960329	0.933466	0.984058	0.947799	0.926119	0.989030	0.935731	0.917136	0.991407	0.924484	0.907530	0.993225	0.913183	0.897775	0.994463	0.902285	0.889702	0.995410	0.893367	0.881848	0.996128	0.884881	0.875688	0.996607	0.878307	0.859397	0.997558	0.861209	0.849914	0.997957	0.851395
POS	00786	0.5003	29779277	y	V	0.772293	0.772293	1.000000	0.831253	0.831253	1.000000	0.894083	0.894083	1.000000	0.917181	0.917195	0.999983	0.939899	0.940340	0.999501	0.954900	0.958427	0.996162	0.959588	0.970015	0.988923	0.957572	0.976880	0.979777	0.951747	0.981644	0.968992	0.944778	0.985323	0.958263	0.937431	0.987450	0.948735	0.930091	0.988939	0.939868	0.924527	0.990386	0.932899	0.909175	0.993456	0.914653	0.899899	0.994876	0.904090
PSF	00786	0.5003	29779277	y	V	0.770367	0.773421	0.994902	0.828927	0.832465	0.994899	0.891201	0.895337	0.994843	0.913683	0.918254	0.994581	0.934835	0.940718	0.993354	0.948182	0.958053	0.989251	0.952799	0.969655	0.982082	0.950985	0.976640	0.973120	0.945330	0.981487	0.962492	0.938476	0.985215	0.951882	0.931220	0.987370	0.942445	0.923931	0.988866	0.933643	0.918416	0.990324	0.926732	0.903174	0.993408	0.908619	0.893966	0.994836	0.898134
POS	00786	0.5003	29779277	y	g	0.813892	0.813892	1.000000	0.864291	0.864291	1.000000	0.919313	0.919314	0.999999	0.938937	0.939415	0.999459	0.955019	0.958880	0.995801	0.960251	0.971736	0.987841	0.959156	0.979846	0.978460	0.954272	0.984431	0.968894	0.947254	0.987747	0.958517	0.939457	0.990214	0.948261	0.931772	0.991533	0.939245	0.924122	0.992534	0.930590	0.918644	0.993538	0.924166	0.903451	0.995532	0.907129	0.894533	0.996527	0.897330
PSF	00786	0.5003	29779277	y	g	0.810900	0.815571	0.992987	0.860775	0.866056	0.992967	0.914507	0.920817	0.992563	0.932225	0.940084	0.991112	0.946657	0.958847	0.986748	0.951562	0.971614	0.978772	0.950429	0.979735	0.969488	0.945555	0.984322	0.960013	0.938563	0.987632	0.949725	0.930867	0.990126	0.939590	0.923296	0.991475	0.930684	0.915705	0.992474	0.922107	0.910277	0.993483	0.915746	0.895242	0.995497	0.898882	0.886407	0.996498	0.889177
POS	00786	0.5003	29779277	z	V	0.796227	0.796227	1.000000	0.857014	0.857014	1.000000	0.921792	0.921792	1.000000	0.945102	0.945361	0.999710	0.959573	0.964662	0.994532	0.960895	0.976106	0.984041	0.954967	0.982474	0.971517	0.945841	0.985750	0.958953	0.935788	0.988318	0.946255	0.925487	0.990191	0.934050	0.916889	0.991590	0.924075	0.909065	0.992757	0.915135	0.902659	0.993683	0.907869	0.886326	0.996036	0.889463	0.877041	0.997347	0.879092
PSF	00786	0.5003	29779277	z	V	0.794299	0.797579	0.994851	0.854650	0.858458	0.994837	0.918562	0.923146	0.994623	0.939690	0.945723	0.993257	0.952573	0.964315	0.987378	0.954018	0.975864	0.977072	0.948377	0.982382	0.964786	0.939403	0.985717	0.952367	0.929418	0.988293	0.939764	0.919206	0.990184	0.927659	0.910633	0.991569	0.917739	0.902867	0.992742	0.908866	0.896497	0.993667	0.901649	0.880256	0.996017	0.883366	0.871030	0.997329	0.873067
POS	00786	0.5003	29779277	z	g	0.831166	0.831166	1.000000	0.882635	0.882635	1.000000	0.938722	0.938772	0.999943	0.954176	0.956958	0.996964	0.960510	0.971705	0.988147	0.959119	0.981372	0.976903	0.952638	0.986805	0.964929	0.943532	0.989199	0.953353	0.934071	0.991202	0.941879	0.924616	0.992733	0.930917	0.916542	0.993792	0.921820	0.908788	0.994683	0.913224	0.902713	0.995307	0.906572	0.887414	0.997121	0.889694	0.878580	0.998090	0.880060
PSF	00786	0.5003	29779277	z	g	0.828099	0.833063	0.992855	0.878966	0.884603	0.992802	0.932451	0.939829	0.991651	0.945382	0.956853	0.987478	0.951685	0.971684	0.978831	0.950314	0.981401	0.967742	0.943918	0.986874	0.955920	0.934900	0.989284	0.944465	0.925472	0.991266	0.933080	0.915997	0.992745	0.922170	0.907957	0.993785	0.913143	0.900248	0.994665	0.904616	0.894252	0.995304	0.898041	0.879068	0.997109	0.881314	0.870295	0.998069	0.871763
thin2	00786	0.5003	29779277	x	V	0.763788	0.763788	1.000000	0.844603	0.844603	1.000000	0.913671	0.913682	0.999988	0.951600	0.963579	0.987104	0.947867	0.980172	0.966397	0.933688	0.987207	0.945123	0.909362	0.992448	0.915699	0.889261	0.995023	0.893234	0.878939	0.995884	0.882144
thin2	00786	0.5003	29779277	x	g	0.804685	0.804685	1.000000	0.874087	0.874087	1.000000	0.930619	0.931790	0.998651	0.944595	0.965819	0.977265	0.943144	0.983273	0.958523	0.931447	0.990471	0.939868	0.908370	0.994351	0.913082	0.889203	0.996305	0.892145	0.879739	0.996935	0.882124
thin2	00786	0.5003	29779277	y	V	0.723729	0.723729	1.000000	0.800305	0.800305	1.000000	0.865771	0.865771	1.000000	0.924803	0.924883	0.999907	0.953914	0.957402	0.996195	0.958874	0.973984	0.984078	0.945503	0.985096	0.959225	0.928047	0.989410	0.937358	0.919719	0.991586	0.926954
thin2	00786	0.5003	29779277	y	g	0.770774	0.770774	1.000000	0.837252	0.837252	1.000000	0.893729	0.893729	1.000000	0.943965	0.945264	0.998546	0.959615	0.970866	0.988067	0.956432	0.982341	0.973164	0.940086	0.990009	0.949090	0.922014	0.992857	0.928171	0.913763	0.994342	0.918539
thin2	00786	0.5003	29779277	z	V	0.746245	0.746245	1.000000	0.825204	0.825204	1.000000	0.892707	0.892707	1.000000	0.951314	0.952500	0.998693	0.960707	0.975530	0.984430	0.949969	0.984347	0.964539	0.926057	0.989939	0.934855	0.906803	0.993149	0.912511	0.897137	0.994490	0.901618
thin2	00786	0.5003	29779277	z	g	0.787283	0.787283	1.000000	0.855184	0.855184	1.000000	0.912871	0.912871	1.000000	0.955957	0.961312	0.994206	0.958919	0.980808	0.977255	0.947473	0.988134	0.958376	0.924859	0.992413	0.931445	0.906432	0.994948	0.910623	0.897396	0.995921	0.900706
thin4	00786	0.5003	29779277	x	V	0.688001	0.688001	1.000000	0.805017	0.805017	1.000000	0.884426	0.884426	1.000000	0.940782	0.942868	0.997654	0.951207	0.963147	0.987135	0.949577	0.975836	0.972442	0.934052	0.987063	0.945629	0.915053	0.991516	0.922274	0.902384	0.993482	0.907758
thin4	00786	0.5003	29779277	x	g	0.736584	0.736584	1.000000	0.840021	0.840021	1.000000	0.907590	0.907590	0.999999	0.942801	0.951268	0.990647	0.943951	0.965014	0.977401	0.939477	0.975008	0.962659	0.931869	0.990310	0.940444	0.913943	0.993690	0.919278	0.902180	0.995166	0.906151
thin4	00786	0.5003	29779277	y	V	0.651865	0.651865	1.000000	0.762735	0.762735	1.000000	0.837973	0.837973	1.000000	0.895446	0.895446	1.000000	0.924313	0.924380	0.999922	0.946683	0.948677	0.997785	0.959054	0.973710	0.984549	0.949692	0.983262	0.965297	0.939531	0.986722	0.951561
thin4	00786	0.5003	29779277	y	g	0.705624	0.705624	1.000000	0.804714	0.804714	1.000000	0.869443	0.869443	1.000000	0.919869	0.919878	0.999989	0.943260	0.944506	0.998603	0.953016	0.961429	0.990902	0.956894	0.982257	0.973724	0.944751	0.988842	0.954930	0.934052	0.991051	0.941997
thin4	00786	0.5003	29779277	z	V	0.672132	0.672132	1.000000	0.786449	0.786449	1.000000	0.864026	0.864026	1.000000	0.923286	0.923286	1.000000	0.950472	0.951798	0.998536	0.957717	0.968786	0.988211	0.950690	0.984342	0.965288	0.931909	0.989008	0.941662	0.919152	0.991011	0.926880
thin4	00786	0.5003	29779277	z	g	0.720700	0.720700	1.000000	0.821907	0.821907	1.000000	0.888019	0.888019	1.000000	0.939212	0.939372	0.999819	0.954867	0.960322	0.994086	0.954474	0.972305	0.981149	0.948353	0.988248	0.959170	0.930438	0.991745	0.937700	0.918631	0.993285	0.924372
thin8	00786	0.5003	29779277	x	V	0.571340	0.571340	1.000000	0.751972	0.751972	1.000000	0.853654	0.853654	1.000000	0.916005	0.916043	0.999955	0.940072	0.942291	0.997501	0.949935	0.959363	0.989761	0.948566	0.975072	0.972141	0.939050	0.985741	0.951981	0.928178	0.988872	0.937974
thin8	00786	0.5003	29779277	x	g	0.611487	0.611487	1.000000	0.794256	0.794256	1.000000	0.881031	0.881031	1.000000	0.931229	0.932702	0.998307	0.941628	0.950128	0.990588	0.943585	0.961775	0.980350	0.938193	0.973837	0.962452	0.934806	0.987756	0.945766	0.926283	0.991615	0.933595
thin8	00786	0.5003	29779277	y	V	0.541220	0.541220	1.000000	0.712329	0.712329	1.000000	0.808651	0.808651	1.000000	0.867790	0.867790	1.000000	0.894851	0.894851	1.000000	0.918134	0.918160	0.999969	0.945987	0.948005	0.997755	0.957247	0.968803	0.987693	0.956601	0.977176	0.978463
thin8	00786	0.5003	29779277	y	g	0.585789	0.585789	1.000000	0.760876	0.760876	1.000000	0.844005	0.844005	1.000000	0.895020	0.895020	1.000000	0.918816	0.918830	0.999983	0.938283	0.939029	0.999154	0.952359	0.960626	0.991045	0.956332	0.977926	0.977431	0.953221	0.984595	0.967653
thin8	00786	0.5003	29779277	z	V	0.558164	0.558164	1.000000	0.734631	0.734631	1.000000	0.833968	0.833968	1.000000	0.894959	0.894959	1.000000	0.922864	0.922866	0.999998	0.945926	0.946417	0.999452	0.957568	0.968485	0.988366	0.953647	0.981928	0.970683	0.944595	0.986058	0.957382
thin8	00786	0.5003	29779277	z	g	0.598416	0.598416	1.000000	0.777278	0.777278	1.000000	0.862198	0.862198	1.000000	0.914312	0.914312	1.000000	0.938246	0.938443	0.999776	0.952950	0.956430	0.996196	0.954080	0.971716	0.981333	0.950468	0.985361	0.964081	0.942417	0.989491	0.951945
POS	00786	0.5003	3844054	x	V	0.348303	0.348303	1.000000	0.652420	0.652420	1.000000	0.894369	0.898085	0.995395	0.927338	0.935019	0.991219	0.945595	0.960049	0.984328	0.951384	0.973647	0.976530	0.950109	0.981330	0.967599	0.947170	0.985769	0.960302	0.943224	0.988558	0.953635	0.937343	0.991108	0.945293	0.933245	0.992797	0.939607	0.930147	0.994409	0.935037	0.926933	0.995710	0.930650	0.918198	0.997231	0.920544	0.914246	0.997764	0.916123
PSF	00786	0.5003	3844054	x	V	0.350689	0.351386	0.994382	0.655109	0.657802	0.993789	0.889868	0.901875	0.985259	0.918489	0.936940	0.979009	0.932603	0.960072	0.970234	0.936464	0.972778	0.961665	0.935630	0.980738	0.953145	0.933163	0.985438	0.946211	0.929536	0.988390	0.939798	0.923803	0.990992	0.931626	0.919779	0.992701	0.926041	0.916731	0.994327	0.921551	0.913510	0.995606	0.917207	0.904970	0.997178	0.907293	0.901080	0.997717	0.902942
POS	00786	0.5003	3844054	x	g	0.334770	0.334770	1.000000	0.662606	0.662606	1.000000	0.910230	0.914949	0.994365	0.938361	0.946984	0.990390	0.954634	0.969486	0.984206	0.959712	0.981241	0.977649	0.957688	0.987050	0.969874	0.954750	0.990137	0.963917	0.951395	0.992045	0.958709	0.945095	0.993824	0.950679	0.941802	0.994995	0.946285	0.939357	0.996137	0.942792	0.936841	0.997053	0.939442	0.930079	0.998103	0.931726	0.927010	0.998462	0.928336
PSF	00786	0.5003	3844054	x	g	0.336961	0.337835	0.992377	0.664330	0.668114	0.991546	0.903758	0.918918	0.982073	0.927389	0.949018	0.976014	0.939851	0.969816	0.968171	0.942605	0.980473	0.960639	0.941101	0.986586	0.953299	0.938588	0.989900	0.947663	0.935503	0.991940	0.942668	0.929340	0.993751	0.934802	0.926118	0.994941	0.930500	0.923701	0.996085	0.927067	0.921190	0.996988	0.923761	0.914580	0.998069	0.916201	0.911568	0.998434	0.912874
POS	00786	0.5003	3844054	y	V	0.354763	0.354763	1.000000	0.664521	0.664521	1.000000	0.902264	0.910190	0.990441	0.930298	0.944998	0.983554	0.941493	0.966676	0.973074	0.943188	0.978307	0.963335	0.939409	0.984744	0.953282	0.935105	0.988481	0.945408	0.930479	0.990907	0.938493	0.927115	0.994852	0.931584	0.922026	0.995989	0.925462	0.917190	0.996621	0.920051	0.912642	0.997153	0.915027	0.903251	0.998239	0.904693	0.899093	0.998620	0.900211
PSF	00786	0.5003	3844054	y	V	0.358058	0.358773	0.994462	0.668543	0.671441	0.993587	0.897725	0.915139	0.979243	0.920504	0.947616	0.969855	0.927792	0.967476	0.957661	0.928656	0.978773	0.947744	0.924817	0.985202	0.937844	0.920707	0.989044	0.930194	0.916289	0.991571	0.923483	0.911494	0.994706	0.915937	0.906497	0.995857	0.909929	0.901823	0.996539	0.904656	0.897385	0.997095	0.899737	0.888181	0.998207	0.889600	0.884101	0.998597	0.885200
POS	00786	0.5003	3844054	y	g	0.337040	0.337040	1.000000	0.667100	0.667100	1.000000	0.912725	0.919238	0.992297	0.937159	0.949495	0.986326	0.949564	0.970099	0.978194	0.952512	0.980792	0.970618	0.950346	0.986534	0.962836	0.947222	0.989516	0.956824	0.943776	0.991366	0.951598	0.943247	0.996265	0.946594	0.939425	0.997155	0.941950	0.935675	0.997583	0.937800	0.932184	0.997961	0.933963	0.924954	0.998737	0.926037	0.921742	0.999008	0.922586
PSF	00786	0.5003	3844054	y	g	0.340452	0.341331	0.992495	0.670829	0.674793	0.991319	0.906325	0.924837	0.978391	0.926234	0.953186	0.970376	0.934101	0.971697	0.960227	0.935865	0.981898	0.952295	0.933205	0.987414	0.944439	0.930233	0.990484	0.938622	0.926948	0.992411	0.933566	0.924263	0.996153	0.927574	0.920507	0.997044	0.923026	0.916917	0.997525	0.919008	0.913512	0.997916	0.915258	0.906446	0.998710	0.907508	0.903309	0.998990	0.904135
POS	00786	0.5003	3844054	z	V	0.353250	0.353250	1.000000	0.661686	0.661686	1.000000	0.909607	0.912202	0.996883	0.941045	0.948635	0.991570	0.954861	0.971628	0.982249	0.956102	0.983037	0.972141	0.951376	0.989024	0.961528	0.944993	0.991687	0.952538	0.938713	0.993248	0.944741	0.930250	0.994399	0.935150	0.924683	0.995275	0.928760	0.920097	0.996051	0.923466	0.915878	0.996775	0.918600	0.907038	0.998194	0.908529	0.903039	0.998677	0.904121
PSF	00786	0.5003	3844054	z	V	0.355594	0.356422	0.993511	0.664089	0.667241	0.992937	0.903097	0.915532	0.985183	0.930199	0.950149	0.977927	0.940283	0.971446	0.967010	0.940589	0.982449	0.956665	0.936202	0.988620	0.946401	0.930193	0.991452	0.937713	0.924177	0.993116	0.930135	0.915942	0.994331	0.920750	0.910482	0.995225	0.914477	0.905965	0.996007	0.909268	0.901798	0.996729	0.904475	0.893107	0.998166	0.894576	0.889183	0.998660	0.890245
POS	00786	0.5003	3844054	z	g	0.339170	0.339170	1.000000	0.671316	0.671316	1.000000	0.920692	0.926222	0.993556	0.946920	0.957533	0.988430	0.959129	0.978155	0.980123	0.959781	0.987739	0.971354	0.956121	0.992764	0.962831	0.950859	0.994650	0.955747	0.945782	0.995649	0.949707	0.937519	0.996362	0.940740	0.933091	0.996906	0.935801	0.929485	0.997402	0.931741	0.926186	0.997875	0.928017	0.919287	0.998814	0.920291	0.916187	0.999138	0.916911
PSF	00786	0.5003	3844054	z	g	0.341175	0.342210	0.991216	0.672384	0.676787	0.990419	0.913302	0.930303	0.980383	0.935134	0.959755	0.973299	0.943076	0.978401	0.963128	0.942807	0.987582	0.954118	0.939007	0.992538	0.945683	0.933966	0.994510	0.938806	0.929070	0.995568	0.932929	0.921020	0.996324	0.924160	0.916691	0.996885	0.919324	0.913146	0.997384	0.915339	0.909896	0.997856	0.911678	0.903109	0.998798	0.904092	0.900061	0.999124	0.900772
thin2	00786	0.5003	3844054	x	V	0.198052	0.198052	1.000000	0.485115	0.485115	1.000000	0.822011	0.822452	0.999348	0.937017	0.947068	0.988801	0.951034	0.973406	0.976404	0.948193	0.984359	0.962698	0.937088	0.991046	0.945090	0.928378	0.994854	0.932858	0.923573	0.996466	0.926609
thin2	00786	0.5003	3844054	x	g	0.178663	0.178663	1.000000	0.477524	0.477524	1.000000	0.845653	0.846262	0.999150	0.947974	0.958734	0.988300	0.958763	0.980515	0.977384	0.955845	0.989194	0.965931	0.945077	0.993813	0.950670	0.938146	0.996453	0.941290	0.934399	0.997585	0.936517
thin2	00786	0.5003	3844054	y	V	0.201759	0.201759	1.000000	0.494197	0.494197	1.000000	0.837694	0.838014	0.999545	0.937749	0.956127	0.979914	0.942868	0.978161	0.963143	0.936348	0.987265	0.947796	0.926869	0.994880	0.931311	0.915158	0.996997	0.917688	0.908631	0.997603	0.910619
thin2	00786	0.5003	3844054	y	g	0.179932	0.179932	1.000000	0.480915	0.480915	1.000000	0.852052	0.852486	0.999402	0.945273	0.960677	0.983320	0.952075	0.980486	0.970464	0.948177	0.988661	0.958602	0.943079	0.996335	0.946362	0.934089	0.997855	0.935968	0.929060	0.998273	0.930555
thin2	00786	0.5003	3844054	z	V	0.200779	0.200779	1.000000	0.491795	0.491795	1.000000	0.834027	0.834161	0.999809	0.948862	0.959632	0.988310	0.956153	0.982794	0.972431	0.947080	0.990614	0.955656	0.930426	0.994356	0.935367	0.918403	0.996312	0.921536	0.912688	0.997392	0.914872
thin2	00786	0.5003	3844054	z	g	0.180965	0.180965	1.000000	0.483675	0.483675	1.000000	0.856687	0.857243	0.999243	0.954876	0.968408	0.985577	0.959855	0.987415	0.971744	0.952533	0.993875	0.958158	0.937707	0.996330	0.940957	0.928262	0.997573	0.930363	0.923805	0.998295	0.925265
thin4	00786	0.5003	3844054	x	V	0.100291	0.100291	1.000000	0.305892	0.305892	1.000000	0.689583	0.689583	1.000000	0.899597	0.903636	0.995056	0.934820	0.945217	0.988370	0.949560	0.969482	0.978818	0.946879	0.983708	0.961964	0.940308	0.989879	0.949436	0.935094	0.992502	0.941748
thin4	00786	0.5003	3844054	x	g	0.087668	0.087668	1.000000	0.290088	0.290088	1.000000	0.702949	0.702949	1.000000	0.915867	0.920947	0.994012	0.945823	0.956780	0.988037	0.958201	0.977656	0.979655	0.954322	0.988692	0.964853	0.948596	0.992992	0.954989	0.944394	0.994798	0.949081
thin4	00786	0.5003	3844054	y	V	0.102097	0.102097	1.000000	0.311399	0.311399	1.000000	0.701999	0.701999	1.000000	0.907057	0.915343	0.990119	0.935646	0.953972	0.979881	0.942322	0.974330	0.966313	0.935637	0.986575	0.947703	0.926403	0.991308	0.933990	0.919504	0.992971	0.925528
thin4	00786	0.5003	3844054	y	g	0.088236	0.088236	1.000000	0.291966	0.291966	1.000000	0.707500	0.707500	1.000000	0.918148	0.925014	0.991980	0.942727	0.958211	0.983149	0.950830	0.976950	0.972651	0.946481	0.987745	0.957728	0.939565	0.991379	0.947305	0.934304	0.992581	0.940874
thin4	00786	0.5003	3844054	z	V	0.101638	0.101638	1.000000	0.310000	0.310000	1.000000	0.698845	0.698845	1.000000	0.914274	0.917164	0.996566	0.946674	0.957621	0.988069	0.956365	0.979537	0.975862	0.947154	0.990536	0.955803	0.935430	0.993994	0.940747	0.927514	0.995139	0.931735
thin4	00786	0.5003	3844054	z	g	0.088699	0.088699	1.000000	0.293499	0.293499	1.000000	0.711213	0.711213	1.000000	0.925003	0.930953	0.993137	0.951809	0.965434	0.985389	0.960398	0.984547	0.975097	0.952978	0.993857	0.958624	0.943263	0.996052	0.946802	0.937070	0.996776	0.939919
thin8	00786	0.5003	3844054	x	V	0.046373	0.046373	1.000000	0.172489	0.172489	1.000000	0.534381	0.534381	1.000000	0.827200	0.827200	1.000000	0.896131	0.898343	0.997259	0.929385	0.937825	0.990409	0.949214	0.969352	0.978583	0.947100	0.982000	0.963832	0.944262	0.986061	0.957037
thin8	00786	0.5003	3844054	x	g	0.039779	0.039779	1.000000	0.154948	0.154948	1.000000	0.532749	0.532749	1.000000	0.852819	0.852819	1.000000	0.916223	0.918658	0.997115	0.940716	0.950051	0.989663	0.957592	0.977583	0.979091	0.953765	0.987431	0.965487	0.951124	0.990306	0.960062
thin8	00786	0.5003	3844054	y	V	0.047237	0.047237	1.000000	0.175704	0.175704	1.000000	0.544342	0.544342	1.000000	0.842618	0.842618	1.000000	0.912976	0.915184	0.997365	0.932379	0.947905	0.982736	0.942347	0.974699	0.965976	0.937181	0.985879	0.949933	0.933304	0.989413	0.942719
thin8	00786	0.5003	3844054	y	g	0.040050	0.040050	1.000000	0.156002	0.156002	1.000000	0.536374	0.536374	1.000000	0.858609	0.858615	0.999992	0.922176	0.924771	0.996966	0.938773	0.952202	0.985199	0.950704	0.977289	0.972182	0.947815	0.987655	0.959178	0.945031	0.990455	0.953717
thin8	00786	0.5003	3844054	z	V	0.046976	0.046976	1.000000	0.174733	0.174733	1.000000	0.541332	0.541332	1.000000	0.837958	0.837958	1.000000	0.909235	0.910803	0.998110	0.942113	0.950413	0.990816	0.955093	0.978717	0.975351	0.948876	0.989397	0.958624	0.943001	0.991887	0.950331
thin8	00786	0.5003	3844054	z	g	0.040214	0.040214	1.000000	0.156639	0.156639	1.000000	0.538564	0.538564	1.000000	0.862128	0.862128	1.000000	0.925947	0.928555	0.996976	0.947163	0.958492	0.987675	0.958396	0.983336	0.974219	0.954079	0.993048	0.960494	0.949072	0.994692	0.953903
POS	00786	0.5003	3978932	x	V	0.701895	0.701895	1.000000	0.806106	0.806106	1.000000	0.900332	0.900507	0.999785	0.941182	0.943153	0.997784	0.957023	0.963040	0.993513	0.961962	0.973903	0.987414	0.964234	0.983425	0.980163	0.959122	0.988783	0.969672	0.954412	0.991621	0.962172	0.946931	0.993885	0.952480	0.942441	0.995248	0.946702	0.938757	0.996207	0.942124	0.935868	0.996772	0.938713	0.929089	0.997820	0.930979	0.925393	0.998103	0.927024
PSF	00786	0.5003	3978932	x	V	0.704426	0.707304	0.994257	0.808152	0.812111	0.994004	0.898394	0.905251	0.991639	0.933581	0.945387	0.986800	0.946122	0.963778	0.981005	0.950502	0.974456	0.974790	0.951480	0.983377	0.967034	0.945912	0.988490	0.956447	0.941240	0.991330	0.949052	0.933910	0.993635	0.939531	0.929574	0.995056	0.933887	0.926085	0.996102	0.929453	0.923281	0.996697	0.926115	0.916591	0.997750	0.918490	0.912999	0.998065	0.914617
POS	00786	0.5003	3978932	x	g	0.745981	0.745981	1.000000	0.837811	0.837811	1.000000	0.914865	0.915108	0.999710	0.949781	0.951764	0.997811	0.961477	0.967258	0.993823	0.965595	0.976070	0.989008	0.969511	0.985456	0.983585	0.966977	0.990694	0.975841	0.964077	0.993298	0.970390	0.957188	0.995452	0.961392	0.953448	0.996657	0.956507	0.950416	0.997413	0.952764	0.948048	0.997804	0.950030	0.942417	0.998507	0.943746	0.939650	0.998710	0.940792
PSF	00786	0.5003	3978932	x	g	0.747263	0.751642	0.992265	0.838188	0.843915	0.991968	0.910851	0.919745	0.989495	0.940484	0.954102	0.985050	0.949762	0.968534	0.980001	0.953425	0.977211	0.975106	0.955882	0.985935	0.969098	0.952449	0.990718	0.961025	0.949241	0.993153	0.955494	0.942347	0.995264	0.946592	0.938594	0.996438	0.941754	0.935756	0.997280	0.938151	0.933503	0.997717	0.935501	0.927998	0.998448	0.929339	0.925316	0.998676	0.926453
POS	00786	0.5003	3978932	y	V	0.689654	0.689654	1.000000	0.792047	0.792047	1.000000	0.884992	0.884992	1.000000	0.926578	0.927628	0.998779	0.945561	0.948896	0.996297	0.955091	0.961942	0.992598	0.961953	0.973660	0.987655	0.960283	0.980683	0.978798	0.958228	0.984851	0.972564	0.958532	0.991196	0.966763	0.955311	0.993241	0.961562	0.952919	0.994905	0.957593	0.950845	0.995923	0.954561	0.945654	0.997879	0.947559	0.942332	0.998399	0.943758
PSF	00786	0.5003	3978932	y	V	0.691775	0.694445	0.994473	0.793863	0.797456	0.994357	0.885457	0.890452	0.993705	0.923310	0.931520	0.990545	0.939350	0.951468	0.986623	0.947384	0.963870	0.982267	0.952741	0.974918	0.976681	0.950580	0.981726	0.967702	0.948314	0.985803	0.961445	0.946774	0.991204	0.954795	0.943569	0.993249	0.949659	0.941094	0.994862	0.945691	0.939023	0.995874	0.942690	0.933850	0.997816	0.935763	0.930598	0.998356	0.932027
POS	00786	0.5003	3978932	y	g	0.733807	0.733807	1.000000	0.824138	0.824138	1.000000	0.900435	0.900435	1.000000	0.935984	0.937097	0.998733	0.950811	0.954016	0.996480	0.958208	0.964375	0.993370	0.965150	0.975170	0.989466	0.964393	0.981212	0.982537	0.963220	0.984651	0.977902	0.965941	0.991780	0.973737	0.964660	0.994273	0.970050	0.963231	0.995881	0.967084	0.961881	0.996821	0.964840	0.958026	0.998505	0.959402	0.955534	0.998877	0.956561
PSF	00786	0.5003	3978932	y	g	0.735176	0.739290	0.992488	0.824899	0.830179	0.992349	0.899434	0.906345	0.991593	0.930852	0.941265	0.988255	0.943007	0.957001	0.984731	0.949401	0.966966	0.981225	0.955044	0.977215	0.976795	0.954044	0.983184	0.969870	0.952633	0.986525	0.965192	0.952966	0.992462	0.959914	0.950781	0.994482	0.955824	0.949077	0.995943	0.952760	0.947600	0.996811	0.950481	0.943735	0.998471	0.945101	0.941308	0.998861	0.942319
POS	00786	0.5003	3978932	z	V	0.702099	0.702099	1.000000	0.806340	0.806340	1.000000	0.900962	0.900962	1.000000	0.941978	0.943697	0.998070	0.956751	0.963038	0.993223	0.962019	0.974073	0.987300	0.962647	0.982744	0.979199	0.955571	0.987056	0.967697	0.950903	0.989898	0.960221	0.944493	0.992716	0.951084	0.939771	0.993942	0.945185	0.935864	0.994770	0.940492	0.933110	0.995401	0.937150	0.926229	0.996375	0.929361	0.922961	0.996889	0.925627
PSF	00786	0.5003	3978932	z	V	0.704444	0.707292	0.994317	0.808212	0.812116	0.994087	0.899346	0.905723	0.992232	0.932693	0.944886	0.986353	0.944154	0.962710	0.979993	0.948580	0.973407	0.973816	0.949404	0.982238	0.965988	0.942745	0.986747	0.954834	0.938297	0.989692	0.947557	0.931948	0.992515	0.938545	0.927369	0.993792	0.932773	0.923628	0.994689	0.928206	0.920902	0.995320	0.924907	0.914159	0.996327	0.917250	0.910933	0.996844	0.913568
POS	00786	0.5003	3978932	z	g	0.748722	0.748722	1.000000	0.840889	0.840889	1.000000	0.918690	0.918713	0.999973	0.952322	0.954778	0.997306	0.961854	0.969204	0.992177	0.965389	0.977745	0.987079	0.966819	0.985874	0.980400	0.961342	0.989578	0.971174	0.957846	0.991858	0.965437	0.952130	0.994613	0.957065	0.948218	0.995714	0.952104	0.945085	0.996406	0.948318	0.942848	0.996860	0.945656	0.937226	0.997549	0.939389	0.934747	0.997900	0.936589
PSF	00786	0.5003	3978932	z	g	0.749645	0.754089	0.992200	0.840819	0.846645	0.991882	0.913843	0.922797	0.989493	0.940285	0.955557	0.983287	0.947929	0.969171	0.977400	0.950737	0.977421	0.972087	0.952149	0.985610	0.965572	0.946866	0.989400	0.956570	0.943525	0.991752	0.950988	0.937773	0.994460	0.942697	0.933937	0.995578	0.937827	0.930959	0.996335	0.934159	0.928776	0.996803	0.931550	0.923269	0.997515	0.925398	0.920834	0.997873	0.922645
thin2	00786	0.5003	3978932	x	V	0.624353	0.624353	1.000000	0.750800	0.750800	1.000000	0.862929	0.862929	1.000000	0.948336	0.951162	0.996876	0.961421	0.972937	0.987838	0.960574	0.986147	0.973713	0.949936	0.993773	0.955625	0.938756	0.996474	0.941884	0.933825	0.997368	0.936132
thin2	00786	0.5003	3978932	x	g	0.677306	0.677306	1.000000	0.789357	0.789357	1.000000	0.884299	0.884299	1.000000	0.954886	0.957761	0.996867	0.964867	0.975024	0.989318	0.966763	0.987624	0.978619	0.961125	0.995458	0.965358	0.950736	0.997615	0.952901	0.946208	0.998208	0.947817
thin2	00786	0.5003	3978932	y	V	0.613631	0.613631	1.000000	0.737907	0.737907	1.000000	0.848110	0.848110	1.000000	0.934252	0.935946	0.998067	0.954076	0.960875	0.992638	0.960213	0.977439	0.981978	0.956060	0.988319	0.966986	0.951369	0.994478	0.956421	0.949255	0.996913	0.952054
thin2	00786	0.5003	3978932	y	g	0.666335	0.666335	1.000000	0.776571	0.776571	1.000000	0.869975	0.869975	1.000000	0.941688	0.943396	0.998082	0.956968	0.963140	0.993349	0.963505	0.977907	0.984945	0.962305	0.987890	0.973792	0.961494	0.995058	0.966108	0.960912	0.997760	0.962990
thin2	00786	0.5003	3978932	z	V	0.624650	0.624650	1.000000	0.751158	0.751158	1.000000	0.863340	0.863340	1.000000	0.947744	0.951079	0.996313	0.960905	0.972901	0.987331	0.957228	0.984628	0.971750	0.947307	0.992602	0.954044	0.935698	0.995042	0.940081	0.930474	0.995759	0.934176
thin2	00786	0.5003	3978932	z	g	0.679902	0.679902	1.000000	0.792383	0.792383	1.000000	0.887689	0.887689	1.000000	0.955673	0.959964	0.995344	0.964164	0.976518	0.987049	0.962196	0.987143	0.974407	0.955652	0.994491	0.960738	0.945220	0.996590	0.948287	0.940590	0.997112	0.943160
thin4	00786	0.5003	3978932	x	V	0.515777	0.515777	1.000000	0.688201	0.688201	1.000000	0.822574	0.822574	1.000000	0.901291	0.901473	0.999776	0.947885	0.951469	0.996042	0.960449	0.970135	0.989711	0.962528	0.984860	0.976985	0.952013	0.992767	0.958663	0.944339	0.995019	0.948824
thin4	00786	0.5003	3978932	x	g	0.565949	0.565949	1.000000	0.734181	0.734181	1.000000	0.852514	0.852514	1.000000	0.914615	0.914985	0.999558	0.953920	0.957453	0.996147	0.963421	0.972032	0.990889	0.967381	0.985601	0.981248	0.962584	0.994303	0.967923	0.955717	0.996445	0.958986
thin4	00786	0.5003	3978932	y	V	0.506385	0.506385	1.000000	0.675669	0.675669	1.000000	0.807596	0.807596	1.000000	0.885256	0.885256	1.000000	0.934374	0.936056	0.998081	0.951286	0.956690	0.994097	0.960429	0.974771	0.984912	0.956987	0.986196	0.969981	0.956095	0.992018	0.963507
thin4	00786	0.5003	3978932	y	g	0.556058	0.556058	1.000000	0.721351	0.721351	1.000000	0.837615	0.837615	1.000000	0.899392	0.899392	1.000000	0.940994	0.942626	0.998164	0.953781	0.958685	0.994665	0.962031	0.974217	0.987166	0.962276	0.985336	0.976256	0.963650	0.991746	0.971441
thin4	00786	0.5003	3978932	z	V	0.515608	0.515608	1.000000	0.687975	0.687975	1.000000	0.822305	0.822305	1.000000	0.901364	0.901371	0.999991	0.948545	0.951656	0.996565	0.959089	0.969277	0.989160	0.958903	0.982804	0.975266	0.949399	0.991203	0.957467	0.941551	0.993339	0.947533
thin4	00786	0.5003	3978932	z	g	0.567929	0.567929	1.000000	0.736751	0.736751	1.000000	0.855497	0.855497	1.000000	0.918379	0.918481	0.999879	0.955650	0.959985	0.995297	0.961974	0.972971	0.988387	0.962520	0.984802	0.977033	0.956841	0.993029	0.963312	0.949656	0.994976	0.954232
thin8	00786	0.5003	3978932	x	V	0.410573	0.410573	1.000000	0.601848	0.601848	1.000000	0.764557	0.764557	1.000000	0.866689	0.866689	1.000000	0.905117	0.905219	0.999875	0.944175	0.946900	0.996961	0.962575	0.972230	0.989788	0.961422	0.980435	0.980229	0.959540	0.989602	0.969313
thin8	00786	0.5003	3978932	x	g	0.462988	0.462988	1.000000	0.655049	0.655049	1.000000	0.800979	0.800979	1.000000	0.888313	0.888313	1.000000	0.920458	0.920742	0.999665	0.953014	0.955755	0.997000	0.967066	0.975649	0.990986	0.965801	0.981877	0.983329	0.967460	0.991664	0.975392
thin8	00786	0.5003	3978932	y	V	0.403474	0.403474	1.000000	0.591442	0.591442	1.000000	0.751337	0.751337	1.000000	0.851704	0.851704	1.000000	0.889679	0.889679	1.000000	0.930095	0.931671	0.998185	0.953396	0.959195	0.993698	0.959521	0.970977	0.987853	0.960088	0.981244	0.978037
thin8	00786	0.5003	3978932	y	g	0.454735	0.454735	1.000000	0.643371	0.643371	1.000000	0.786700	0.786700	1.000000	0.872477	0.872477	1.000000	0.904627	0.904629	0.999997	0.938102	0.939767	0.998116	0.956240	0.961486	0.994326	0.961063	0.970698	0.989778	0.963765	0.980841	0.982257
thin8	00786	0.5003	3978932	z	V	0.410344	0.410344	1.000000	0.601513	0.601513	1.000000	0.764131	0.764131	1.000000	0.866206	0.866206	1.000000	0.904802	0.904814	0.999985	0.944841	0.946987	0.997608	0.960147	0.970711	0.988793	0.959468	0.979145	0.979485	0.957516	0.988257	0.968535
thin8	00786	0.5003	3978932	z	g	0.464153	0.464153	1.000000	0.656696	0.656696	1.000000	0.802993	0.802993	1.000000	0.890547	0.890547	1.000000	0.923196	0.923278	0.999903	0.954489	0.957689	0.996512	0.964109	0.975345	0.988192	0.962759	0.981534	0.980519	0.963407	0.990803	0.972101
POS	00786	0.5003	4032366	x	V	0.247502	0.247502	1.000000	0.434085	0.434085	1.000000	0.739836	0.739838	0.999998	0.817530	0.818147	0.999078	0.863035	0.867904	0.993541	0.883503	0.896402	0.983974	0.918061	0.943213	0.971774	0.926483	0.964261	0.959429	0.923604	0.975189	0.945829	0.917700	0.984240	0.931386	0.909432	0.987574	0.919959	0.903727	0.989834	0.912194	0.899371	0.992100	0.905859	0.876659	0.995304	0.880301	0.868694	0.996544	0.871319
PSF	00786	0.5003	4032366	x	V	0.252319	0.252704	0.993996	0.441662	0.442956	0.993429	0.744636	0.751173	0.988448	0.816189	0.827412	0.983653	0.856346	0.875236	0.975417	0.875207	0.903471	0.965488	0.900971	0.946482	0.949334	0.904649	0.965307	0.935050	0.900757	0.975781	0.921356	0.893105	0.983859	0.906385	0.885206	0.987322	0.895383	0.879648	0.989607	0.887849	0.875279	0.991825	0.881640	0.853332	0.995166	0.856884	0.845541	0.996398	0.848134
POS	00786	0.5003	4032366	x	g	0.230722	0.230722	1.000000	0.412125	0.412125	1.000000	0.731297	0.731300	0.999995	0.811356	0.812139	0.998813	0.855578	0.860220	0.993733	0.877232	0.888209	0.986108	0.923980	0.944832	0.976672	0.935136	0.966144	0.966817	0.934636	0.976944	0.955717	0.931134	0.987077	0.942624	0.923977	0.990082	0.932609	0.919758	0.991995	0.926636	0.916543	0.993986	0.921654	0.893166	0.996524	0.895957	0.886492	0.997462	0.888496
PSF	00786	0.5003	4032366	x	g	0.235287	0.235734	0.992004	0.419240	0.420786	0.991316	0.734167	0.742230	0.985418	0.808393	0.821388	0.980804	0.848221	0.868120	0.973688	0.868339	0.895931	0.965748	0.905166	0.948504	0.951948	0.911208	0.967483	0.939995	0.909120	0.977557	0.928499	0.904165	0.986960	0.915097	0.897189	0.989994	0.905400	0.892997	0.991877	0.899575	0.889652	0.993765	0.894646	0.867096	0.996421	0.869805	0.860582	0.997350	0.862554
POS	00786	0.5003	4032366	y	V	0.243416	0.243416	1.000000	0.426919	0.426919	1.000000	0.727625	0.727625	1.000000	0.804457	0.804870	0.999363	0.853425	0.856050	0.996420	0.880361	0.887665	0.990740	0.920408	0.936789	0.981355	0.919167	0.952347	0.963480	0.913550	0.961516	0.948221	0.911244	0.972300	0.935531	0.903097	0.975549	0.924011	0.897551	0.977796	0.916225	0.892377	0.979497	0.909363	0.889113	0.994004	0.893908	0.880448	0.994875	0.884460
PSF	00786	0.5003	4032366	y	V	0.246667	0.247001	0.994545	0.432004	0.433084	0.994262	0.731348	0.736013	0.991407	0.804227	0.812028	0.988196	0.848095	0.861158	0.982428	0.870461	0.890790	0.974452	0.903929	0.937178	0.962235	0.902631	0.952859	0.944823	0.897370	0.962273	0.930092	0.895299	0.973287	0.917853	0.887544	0.976723	0.906722	0.882179	0.979050	0.899153	0.877054	0.980751	0.892416	0.871001	0.993686	0.875848	0.862653	0.994652	0.866673
POS	00786	0.5003	4032366	y	g	0.226034	0.226034	1.000000	0.403752	0.403752	1.000000	0.716435	0.716440	0.999991	0.794930	0.795663	0.998843	0.841637	0.844571	0.995888	0.868230	0.874826	0.991391	0.919822	0.933201	0.984653	0.922858	0.949804	0.970176	0.919541	0.958775	0.957394	0.921151	0.971369	0.946860	0.914184	0.974300	0.936774	0.910003	0.976124	0.930720	0.905912	0.977523	0.925185	0.909860	0.995512	0.913608	0.902682	0.996216	0.905788
PSF	00786	0.5003	4032366	y	g	0.229170	0.229560	0.992640	0.408579	0.409887	0.992250	0.718454	0.724541	0.988440	0.793149	0.802817	0.985044	0.835628	0.850214	0.979882	0.857996	0.878699	0.973273	0.902215	0.934205	0.963433	0.904340	0.950547	0.948989	0.901269	0.959733	0.936689	0.902866	0.972492	0.926528	0.896214	0.975567	0.916791	0.892191	0.977462	0.910930	0.888156	0.978868	0.905518	0.888874	0.995213	0.892690	0.882033	0.996027	0.885147
POS	00786	0.5003	4032366	z	V	0.252767	0.252767	1.000000	0.443320	0.443320	1.000000	0.755029	0.755265	0.999586	0.824794	0.830005	0.992446	0.860077	0.874898	0.980684	0.876477	0.901655	0.969124	0.911684	0.949633	0.958008	0.915828	0.968693	0.943762	0.910037	0.978140	0.928929	0.903023	0.986636	0.914205	0.894134	0.989584	0.902629	0.887868	0.991489	0.894686	0.881955	0.992810	0.887624	0.858387	0.995251	0.861918	0.850376	0.996370	0.853019
PSF	00786	0.5003	4032366	z	V	0.257196	0.257564	0.994482	0.450295	0.451519	0.994015	0.756720	0.764244	0.987157	0.821834	0.837661	0.977526	0.854614	0.882026	0.964910	0.868027	0.907649	0.952118	0.894376	0.951642	0.936959	0.895525	0.969307	0.921660	0.888977	0.978362	0.906806	0.880636	0.986076	0.891724	0.872057	0.989110	0.880511	0.866108	0.991136	0.872870	0.860443	0.992535	0.866048	0.837653	0.995132	0.841100	0.829867	0.996284	0.832443
POS	00786	0.5003	4032366	z	g	0.234806	0.234806	1.000000	0.419419	0.419419	1.000000	0.742624	0.743316	0.998748	0.814787	0.820492	0.991537	0.851270	0.864925	0.981791	0.869666	0.891527	0.972577	0.917316	0.949470	0.964396	0.924883	0.969140	0.952948	0.922312	0.978923	0.940998	0.918837	0.989159	0.928184	0.911581	0.992094	0.918251	0.906859	0.993710	0.912094	0.902066	0.994785	0.906352	0.877828	0.996614	0.880454	0.871044	0.997422	0.873009
PSF	00786	0.5003	4032366	z	g	0.238873	0.239307	0.992454	0.425624	0.427142	0.991716	0.741716	0.751326	0.983047	0.809953	0.827772	0.974110	0.843910	0.871724	0.963568	0.859296	0.897214	0.953123	0.898252	0.951617	0.941238	0.902890	0.970020	0.928809	0.899268	0.979306	0.916688	0.894533	0.988895	0.903610	0.887208	0.991713	0.893835	0.882680	0.993389	0.887896	0.878142	0.994553	0.882386	0.854711	0.996506	0.857280	0.848138	0.997345	0.850057
thin2	00786	0.5003	4032366	x	V	0.155628	0.155628	1.000000	0.332832	0.332832	1.000000	0.613141	0.613141	1.000000	0.835285	0.837154	0.997334	0.898639	0.911910	0.984063	0.924399	0.956873	0.964587	0.916727	0.984098	0.930511	0.901216	0.990395	0.909162	0.894574	0.993510	0.899833
thin2	00786	0.5003	4032366	x	g	0.143578	0.143578	1.000000	0.313507	0.313507	1.000000	0.598211	0.598211	1.000000	0.827495	0.829648	0.996873	0.898420	0.909875	0.986180	0.932084	0.959178	0.970586	0.929113	0.987138	0.940499	0.917005	0.992370	0.923516	0.912197	0.995058	0.916348
thin2	00786	0.5003	4032366	y	V	0.153027	0.153027	1.000000	0.327270	0.327270	1.000000	0.602895	0.602895	1.000000	0.823046	0.824093	0.998458	0.895484	0.902906	0.990904	0.919435	0.946255	0.970095	0.910262	0.972044	0.934732	0.895901	0.978713	0.913705	0.887843	0.980873	0.903485
thin2	00786	0.5003	4032366	y	g	0.140510	0.140510	1.000000	0.306807	0.306807	1.000000	0.585428	0.585428	1.000000	0.811244	0.812687	0.997815	0.888857	0.895470	0.991760	0.922389	0.943856	0.975936	0.920102	0.971404	0.945717	0.908986	0.976891	0.928961	0.902687	0.978597	0.920867
thin2	00786	0.5003	4032366	z	V	0.159028	0.159028	1.000000	0.340104	0.340104	1.000000	0.626536	0.626536	1.000000	0.839191	0.847651	0.988247	0.892456	0.918143	0.969604	0.915599	0.962477	0.949492	0.901001	0.986169	0.912532	0.885014	0.992124	0.891276	0.876078	0.993825	0.880873
thin2	00786	0.5003	4032366	z	g	0.146116	0.146116	1.000000	0.319048	0.319048	1.000000	0.608778	0.608780	0.999994	0.828399	0.836809	0.988015	0.891766	0.913999	0.973446	0.923415	0.962925	0.957456	0.916433	0.988979	0.925889	0.904400	0.994226	0.909175	0.897202	0.995513	0.900845
thin4	00786	0.5003	4032366	x	V	0.084547	0.084547	1.000000	0.230867	0.230867	1.000000	0.466664	0.466664	1.000000	0.744930	0.744936	0.999990	0.834610	0.836698	0.997019	0.881225	0.890924	0.987797	0.922122	0.952815	0.966245	0.920175	0.981120	0.936762	0.913397	0.986967	0.924548
thin4	00786	0.5003	4032366	x	g	0.077223	0.077223	1.000000	0.214687	0.214687	1.000000	0.445054	0.445054	1.000000	0.736467	0.736482	0.999973	0.827118	0.829452	0.996609	0.876399	0.884996	0.989037	0.930398	0.955658	0.972376	0.931927	0.984369	0.945925	0.927101	0.989714	0.936121
thin4	00786	0.5003	4032366	y	V	0.083171	0.083171	1.000000	0.227110	0.227110	1.000000	0.459070	0.459070	1.000000	0.732815	0.732817	0.999995	0.823103	0.824205	0.998378	0.875747	0.881119	0.993086	0.922806	0.945482	0.974668	0.914092	0.969593	0.941070	0.906661	0.974889	0.928341
thin4	00786	0.5003	4032366	y	g	0.075603	0.075603	1.000000	0.210184	0.210184	1.000000	0.435720	0.435720	1.000000	0.721022	0.721036	0.999973	0.811523	0.813000	0.997767	0.865338	0.870302	0.993452	0.924635	0.942680	0.979718	0.923231	0.969116	0.951217	0.917797	0.973924	0.940919
thin4	00786	0.5003	4032366	z	V	0.086476	0.086476	1.000000	0.236135	0.236135	1.000000	0.477313	0.477313	1.000000	0.761073	0.761449	0.999352	0.838930	0.847790	0.987697	0.877509	0.898542	0.974017	0.912355	0.958274	0.950099	0.905242	0.984119	0.918662	0.896579	0.988901	0.905693
thin4	00786	0.5003	4032366	z	g	0.078644	0.078644	1.000000	0.218638	0.218638	1.000000	0.453244	0.453244	1.000000	0.748104	0.748939	0.998512	0.828472	0.837135	0.987664	0.871476	0.890007	0.976665	0.920050	0.958788	0.957933	0.919598	0.986759	0.931087	0.913631	0.991489	0.920853
thin8	00786	0.5003	4032366	x	V	0.041505	0.041505	1.000000	0.139255	0.139255	1.000000	0.353861	0.353861	1.000000	0.608519	0.608519	1.000000	0.734087	0.734091	0.999994	0.820649	0.821974	0.998039	0.880004	0.890106	0.987268	0.920557	0.947091	0.970465	0.920756	0.961861	0.955646
thin8	00786	0.5003	4032366	x	g	0.037332	0.037332	1.000000	0.127756	0.127756	1.000000	0.332833	0.332833	1.000000	0.590350	0.590350	1.000000	0.723048	0.723056	0.999984	0.813972	0.815336	0.997948	0.874664	0.883388	0.988836	0.925832	0.947848	0.975526	0.928454	0.962343	0.963457
thin8	00786	0.5003	4032366	y	V	0.040783	0.040783	1.000000	0.136831	0.136831	1.000000	0.347701	0.347701	1.000000	0.597927	0.597927	1.000000	0.721317	0.721317	1.000000	0.807960	0.808538	0.999117	0.874427	0.879775	0.993096	0.912412	0.934604	0.974636	0.913817	0.949708	0.960287
thin8	00786	0.5003	4032366	y	g	0.036521	0.036521	1.000000	0.124983	0.124983	1.000000	0.325608	0.325608	1.000000	0.577534	0.577534	1.000000	0.707363	0.707366	0.999994	0.797207	0.798124	0.998560	0.863010	0.868086	0.993270	0.912724	0.930767	0.979204	0.917263	0.945919	0.968029
thin8	00786	0.5003	4032366	z	V	0.042446	0.042446	1.000000	0.142413	0.142413	1.000000	0.361883	0.361883	1.000000	0.622315	0.622315	1.000000	0.749829	0.750218	0.999308	0.829057	0.835042	0.991429	0.874990	0.896940	0.972793	0.912028	0.953056	0.954927	0.907017	0.965188	0.937693
thin8	00786	0.5003	4032366	z	g	0.038020	0.038020	1.000000	0.130111	0.130111	1.000000	0.338967	0.338967	1.000000	0.601230	0.601230	1.000000	0.734425	0.735259	0.998458	0.818353	0.824527	0.990934	0.867765	0.887307	0.975248	0.916183	0.951255	0.961315	0.915290	0.964017	0.947667
POS	00786	0.5003	4895015	x	V	0.706715	0.706715	1.000000	0.858208	0.858208	1.000000	0.949179	0.949180	0.999998	0.968316	0.968640	0.999654	0.975647	0.978491	0.997030	0.978240	0.985077	0.992954	0.975953	0.988390	0.987271	0.973407	0.990378	0.982701	0.970068	0.991766	0.977945	0.967073	0.993176	0.973542	0.963835	0.994151	0.969332	0.960731	0.995292	0.965117	0.957469	0.996268	0.960915	0.944150	0.997804	0.946116	0.932614	0.998298	0.934100
PSF	00786	0.5003	4895015	x	V	0.706569	0.710118	0.992976	0.855710	0.861581	0.992100	0.942471	0.951219	0.990336	0.958151	0.969101	0.988344	0.963962	0.978267	0.985056	0.965923	0.984581	0.980759	0.963933	0.988051	0.975303	0.961651	0.990171	0.970919	0.958529	0.991660	0.966318	0.955670	0.993132	0.962028	0.952524	0.994142	0.957901	0.949414	0.995267	0.953720	0.946141	0.996223	0.949548	0.932961	0.997756	0.934922	0.921588	0.998268	0.923064
POS	00786	0.5003	4895015	x	g	0.706214	0.706214	1.000000	0.865955	0.865955	1.000000	0.960238	0.960242	0.999996	0.977305	0.977787	0.999496	0.982155	0.984854	0.997217	0.983825	0.989736	0.993966	0.981258	0.991989	0.989097	0.979242	0.993376	0.985678	0.976658	0.994340	0.982118	0.974297	0.995299	0.978801	0.971801	0.995969	0.975638	0.969417	0.996769	0.972473	0.966930	0.997441	0.969335	0.956921	0.998490	0.958307	0.947603	0.998826	0.948660
PSF	00786	0.5003	4895015	x	g	0.704971	0.709733	0.990572	0.861235	0.869248	0.989410	0.950217	0.961909	0.987369	0.964131	0.978061	0.985442	0.967909	0.984662	0.982726	0.969125	0.989355	0.979337	0.966850	0.991755	0.974684	0.964997	0.993222	0.971394	0.962558	0.994249	0.967947	0.960328	0.995266	0.964735	0.957907	0.995962	0.961642	0.955515	0.996745	0.958506	0.953028	0.997403	0.955399	0.943146	0.998450	0.944529	0.933984	0.998800	0.935033
POS	00786	0.5003	4895015	y	V	0.715329	0.715329	1.000000	0.868669	0.868669	1.000000	0.960259	0.960501	0.999738	0.975495	0.978108	0.997269	0.977383	0.985284	0.991863	0.974031	0.988897	0.984801	0.971288	0.992006	0.978951	0.967759	0.993499	0.973927	0.964047	0.994699	0.969025	0.959908	0.995512	0.964081	0.955852	0.996050	0.959489	0.951434	0.996485	0.954638	0.946971	0.996805	0.949854	0.932633	0.997710	0.934634	0.922019	0.998646	0.923173
PSF	00786	0.5003	4895015	y	V	0.715176	0.718942	0.992728	0.865991	0.872238	0.991797	0.951296	0.961720	0.988734	0.963576	0.977996	0.984929	0.965247	0.985115	0.979533	0.962357	0.988971	0.972798	0.959360	0.991948	0.966890	0.955977	0.993504	0.961990	0.952361	0.994739	0.957182	0.948289	0.995566	0.952311	0.944316	0.996126	0.947797	0.939959	0.996569	0.943011	0.935557	0.996894	0.938292	0.921440	0.997833	0.923288	0.910734	0.998650	0.911857
POS	00786	0.5003	4895015	y	g	0.712138	0.712138	1.000000	0.873219	0.873219	1.000000	0.967464	0.967875	0.999561	0.980892	0.983662	0.997138	0.981687	0.988721	0.992804	0.978622	0.991222	0.987177	0.976942	0.993939	0.982797	0.974182	0.994948	0.979025	0.971321	0.995769	0.975347	0.968197	0.996329	0.971663	0.965119	0.996690	0.968222	0.961792	0.996988	0.964595	0.958467	0.997208	0.961046	0.947725	0.997817	0.949694	0.940166	0.999066	0.940994
PSF	00786	0.5003	4895015	y	g	0.710919	0.716013	0.990093	0.868382	0.876921	0.988911	0.955559	0.969119	0.985568	0.966918	0.984054	0.982309	0.967614	0.989109	0.978034	0.964877	0.991779	0.972656	0.962618	0.994203	0.968052	0.959969	0.995257	0.964381	0.957190	0.996106	0.960785	0.954116	0.996674	0.957163	0.951107	0.997052	0.953790	0.947825	0.997351	0.950217	0.944545	0.997571	0.946722	0.934001	0.998211	0.935567	0.925839	0.999072	0.926636
POS	00786	0.5003	4895015	z	V	0.715683	0.715683	1.000000	0.869098	0.869098	1.000000	0.960980	0.961101	0.999869	0.976433	0.978823	0.997505	0.978411	0.986051	0.992144	0.975915	0.990110	0.985522	0.971593	0.992411	0.978866	0.968056	0.993902	0.973840	0.964055	0.994952	0.968793	0.959864	0.995738	0.963824	0.955852	0.996301	0.959256	0.951426	0.996732	0.954403	0.947151	0.997154	0.949718	0.932762	0.998035	0.934477	0.921254	0.998472	0.922556
PSF	00786	0.5003	4895015	z	V	0.717669	0.721003	0.993597	0.867747	0.873998	0.991825	0.950779	0.962395	0.987464	0.962711	0.978518	0.983498	0.964158	0.985531	0.978001	0.961938	0.989743	0.971625	0.957911	0.992180	0.965198	0.954538	0.993742	0.960310	0.950658	0.994835	0.955374	0.946541	0.995634	0.950486	0.942617	0.996218	0.946002	0.938282	0.996669	0.941234	0.934078	0.997100	0.936623	0.919926	0.998008	0.921618	0.908597	0.998459	0.909873
POS	00786	0.5003	4895015	z	g	0.712223	0.712223	1.000000	0.873323	0.873323	1.000000	0.968120	0.968266	0.999845	0.982354	0.984459	0.997827	0.983712	0.989808	0.993778	0.981766	0.992888	0.988719	0.978019	0.994552	0.983286	0.975388	0.995631	0.979581	0.972401	0.996389	0.975839	0.969273	0.996952	0.972155	0.966267	0.997353	0.968752	0.962956	0.997663	0.965133	0.959774	0.997962	0.961659	0.949046	0.998591	0.950318	0.939756	0.998902	0.940728
PSF	00786	0.5003	4895015	z	g	0.713775	0.718118	0.991600	0.870620	0.878713	0.989531	0.955082	0.969552	0.984614	0.965979	0.984265	0.981130	0.966892	0.989438	0.976976	0.965138	0.992625	0.972109	0.961614	0.994387	0.966862	0.959102	0.995514	0.963266	0.956206	0.996300	0.959613	0.953140	0.996872	0.955999	0.950209	0.997290	0.952669	0.946972	0.997612	0.949123	0.943852	0.997919	0.945713	0.933329	0.998569	0.934579	0.924211	0.998892	0.925159
thin2	00786	0.5003	4895015	x	V	0.584289	0.584289	1.000000	0.778439	0.778439	1.000000	0.917029	0.917029	1.000000	0.972208	0.973141	0.999015	0.978217	0.984748	0.993266	0.974645	0.989708	0.984624	0.967571	0.993236	0.973989	0.959749	0.995601	0.963836	0.953441	0.996880	0.956295
thin2	00786	0.5003	4895015	x	g	0.578426	0.578426	1.000000	0.780736	0.780736	1.000000	0.928309	0.928309	1.000000	0.979957	0.981022	0.998894	0.983775	0.989454	0.994200	0.980305	0.992899	0.987226	0.974718	0.995335	0.979192	0.968733	0.996970	0.971594	0.963957	0.997852	0.965961
thin2	00786	0.5003	4895015	y	V	0.591413	0.591413	1.000000	0.787930	0.787930	1.000000	0.928150	0.928179	0.999967	0.977205	0.981541	0.995500	0.974788	0.988967	0.985506	0.968679	0.992661	0.975666	0.959572	0.995134	0.964096	0.949768	0.996426	0.953015	0.942082	0.996930	0.944824
thin2	00786	0.5003	4895015	y	g	0.583374	0.583374	1.000000	0.787415	0.787415	1.000000	0.936088	0.936166	0.999911	0.981902	0.986166	0.995616	0.979200	0.991341	0.987648	0.974833	0.994340	0.980273	0.967883	0.996064	0.971599	0.960499	0.996947	0.963332	0.954746	0.997290	0.957230
thin2	00786	0.5003	4895015	z	V	0.591632	0.591632	1.000000	0.788221	0.788221	1.000000	0.928553	0.928553	1.000000	0.978257	0.982255	0.995857	0.976538	0.990049	0.986219	0.969712	0.993384	0.976015	0.960357	0.995736	0.964323	0.950286	0.996893	0.953109	0.942782	0.997500	0.945015
thin2	00786	0.5003	4895015	z	g	0.583293	0.583293	1.000000	0.787305	0.787305	1.000000	0.936120	0.936120	1.000000	0.983660	0.986988	0.996584	0.982200	0.992804	0.989243	0.976736	0.995252	0.981309	0.969688	0.996937	0.972585	0.962188	0.997770	0.964261	0.956594	0.998206	0.958242
thin4	00786	0.5003	4895015	x	V	0.451799	0.451799	1.000000	0.684759	0.684759	1.000000	0.874161	0.874161	1.000000	0.951879	0.951887	0.999992	0.972097	0.973089	0.998952	0.978073	0.983315	0.994579	0.975557	0.989643	0.985619	0.969272	0.992423	0.976498	0.964726	0.993850	0.970520
thin4	00786	0.5003	4895015	x	g	0.442300	0.442300	1.000000	0.682685	0.682685	1.000000	0.883099	0.883099	1.000000	0.962802	0.962824	0.999976	0.980061	0.981178	0.998840	0.983815	0.988451	0.995255	0.981454	0.992852	0.988438	0.976189	0.994771	0.981224	0.972677	0.995754	0.976728
thin4	00786	0.5003	4895015	y	V	0.457118	0.457118	1.000000	0.692819	0.692819	1.000000	0.884451	0.884451	1.000000	0.962440	0.962764	0.999651	0.976602	0.981036	0.995393	0.975863	0.987938	0.987629	0.968590	0.991869	0.976343	0.962271	0.994636	0.967290	0.956853	0.995600	0.960917
thin4	00786	0.5003	4895015	y	g	0.445832	0.445832	1.000000	0.688138	0.688138	1.000000	0.890150	0.890151	0.999999	0.969507	0.970014	0.999461	0.981331	0.985705	0.995498	0.980211	0.990549	0.989466	0.974462	0.993229	0.980979	0.970066	0.995591	0.974251	0.965949	0.996251	0.969473
thin4	00786	0.5003	4895015	z	V	0.457363	0.457363	1.000000	0.693192	0.693192	1.000000	0.884926	0.884926	1.000000	0.963289	0.963450	0.999826	0.978493	0.982258	0.996098	0.977314	0.988947	0.988107	0.970723	0.993246	0.977173	0.963119	0.995354	0.967468	0.957571	0.996254	0.961032
thin4	00786	0.5003	4895015	z	g	0.445869	0.445869	1.000000	0.688194	0.688194	1.000000	0.890225	0.890225	1.000000	0.970299	0.970456	0.999833	0.983801	0.986996	0.996720	0.982952	0.991986	0.990820	0.978143	0.995167	0.982812	0.972066	0.996673	0.975230	0.967898	0.997314	0.970427
thin8	00786	0.5003	4895015	x	V	0.296834	0.296834	1.000000	0.554936	0.554936	1.000000	0.807957	0.807957	1.000000	0.923513	0.923513	1.000000	0.953020	0.953025	0.999994	0.970827	0.971404	0.999388	0.978310	0.983548	0.994586	0.977023	0.989117	0.987640	0.973581	0.990858	0.982406
thin8	00786	0.5003	4895015	x	g	0.290640	0.290640	1.000000	0.547223	0.547223	1.000000	0.814545	0.814545	1.000000	0.935659	0.935659	1.000000	0.964234	0.964257	0.999975	0.979390	0.980109	0.999252	0.984227	0.988782	0.995342	0.982706	0.992536	0.990023	0.979847	0.993723	0.985950
thin8	00786	0.5003	4895015	y	V	0.300373	0.300373	1.000000	0.561552	0.561552	1.000000	0.817591	0.817591	1.000000	0.934440	0.934481	0.999953	0.963676	0.964029	0.999621	0.976250	0.979875	0.996225	0.976119	0.988257	0.987574	0.970649	0.991724	0.978576	0.967378	0.993562	0.973480
thin8	00786	0.5003	4895015	y	g	0.293116	0.293116	1.000000	0.551885	0.551885	1.000000	0.821486	0.821486	1.000000	0.943442	0.943534	0.999897	0.971308	0.971894	0.999380	0.981650	0.985390	0.996149	0.980878	0.991274	0.989421	0.976516	0.993593	0.982704	0.974151	0.995034	0.978910
thin8	00786	0.5003	4895015	z	V	0.300352	0.300352	1.000000	0.561513	0.561513	1.000000	0.817534	0.817534	1.000000	0.934459	0.934459	1.000000	0.964058	0.964190	0.999858	0.977228	0.980337	0.996764	0.978722	0.989554	0.988939	0.972975	0.992894	0.979798	0.968792	0.994265	0.974236
thin8	00786	0.5003	4895015	z	g	0.292880	0.292880	1.000000	0.551439	0.551439	1.000000	0.820822	0.820822	1.000000	0.942869	0.942869	1.000000	0.971394	0.971551	0.999835	0.982733	0.985542	0.997108	0.984119	0.992523	0.991469	0.979907	0.994931	0.984824	0.976663	0.995926	0.980580
POS	00786	0.5003	4927969	x	V	0.265779	0.265779	1.000000	0.508564	0.508564	1.000000	0.821506	0.828255	0.990178	0.870470	0.899781	0.963927	0.879882	0.944534	0.927822	0.862727	0.961119	0.893926	0.846635	0.971364	0.868307	0.829759	0.977571	0.845862	0.813287	0.982221	0.825438	0.799031	0.985750	0.808368	0.787141	0.987939	0.794779	0.775607	0.989746	0.781890	0.766034	0.991386	0.771166	0.743524	0.994454	0.746620	0.731563	0.995685	0.733889
PSF	00786	0.5003	4927969	x	V	0.270884	0.271294	0.994458	0.516483	0.518365	0.993018	0.808226	0.830735	0.967562	0.849684	0.899502	0.938807	0.855820	0.943028	0.902482	0.839791	0.960206	0.870073	0.824237	0.970641	0.845312	0.807917	0.976993	0.823587	0.791996	0.981777	0.803812	0.778165	0.985382	0.787253	0.766641	0.987636	0.774070	0.755467	0.989508	0.761567	0.746140	0.991166	0.751136	0.724249	0.994293	0.727272	0.712649	0.995580	0.714911
POS	00786	0.5003	4927969	x	g	0.236675	0.236675	1.000000	0.468415	0.468415	1.000000	0.803234	0.815921	0.981009	0.859221	0.896822	0.953474	0.879755	0.951804	0.920774	0.864306	0.967887	0.889823	0.849864	0.976983	0.867228	0.834301	0.981878	0.847349	0.819391	0.985628	0.829300	0.806564	0.988525	0.814187	0.795750	0.990257	0.802030	0.785311	0.991740	0.790482	0.776583	0.993063	0.780819	0.756024	0.995536	0.758596	0.745041	0.996514	0.746988
PSF	00786	0.5003	4927969	x	g	0.242955	0.243410	0.992364	0.477721	0.480220	0.989222	0.787447	0.820277	0.951632	0.834799	0.898495	0.921726	0.848087	0.950519	0.887258	0.833321	0.966944	0.857757	0.819303	0.976126	0.836056	0.804518	0.981245	0.817082	0.790222	0.985111	0.799774	0.777881	0.988074	0.785253	0.767537	0.989895	0.773598	0.757507	0.991430	0.762500	0.749091	0.992775	0.753197	0.729327	0.995338	0.731826	0.718797	0.996384	0.720677
POS	00786	0.5003	4927969	y	V	0.237305	0.237305	1.000000	0.454080	0.454080	1.000000	0.746856	0.746856	1.000000	0.833222	0.833325	0.999852	0.900471	0.904488	0.995092	0.918271	0.938237	0.977351	0.913890	0.954453	0.955564	0.904109	0.964784	0.934964	0.895382	0.974309	0.917033	0.883813	0.979980	0.900064	0.873476	0.983689	0.886314	0.862331	0.986375	0.872726	0.852706	0.988541	0.861219	0.829830	0.992825	0.834837	0.816893	0.994255	0.820767
PSF	00786	0.5003	4927969	y	V	0.240476	0.240821	0.994070	0.459206	0.460575	0.993568	0.748941	0.754723	0.989874	0.826414	0.837468	0.984280	0.879795	0.902318	0.972410	0.894788	0.935036	0.954103	0.892495	0.952477	0.934090	0.884262	0.963651	0.914773	0.876156	0.973513	0.897552	0.865100	0.979395	0.881137	0.855132	0.983230	0.867789	0.844355	0.986026	0.854581	0.835075	0.988304	0.843410	0.812693	0.992642	0.817618	0.800046	0.994100	0.803863
POS	00786	0.5003	4927969	y	g	0.214631	0.214631	1.000000	0.424788	0.424788	1.000000	0.754217	0.754232	0.999974	0.849448	0.851070	0.997761	0.913622	0.924986	0.986732	0.920826	0.952272	0.965381	0.913582	0.965168	0.944730	0.902833	0.973058	0.925980	0.893346	0.980383	0.909605	0.881759	0.984512	0.894162	0.872012	0.987386	0.881836	0.861642	0.989436	0.869642	0.852736	0.991104	0.859313	0.831635	0.994398	0.835550	0.819877	0.995538	0.822900
PSF	00786	0.5003	4927969	y	g	0.218374	0.218789	0.991387	0.430688	0.432522	0.990251	0.751770	0.761973	0.982500	0.833635	0.853378	0.972998	0.885144	0.922117	0.956665	0.892286	0.949805	0.936445	0.886552	0.963585	0.917285	0.876962	0.972062	0.899637	0.868013	0.979639	0.883961	0.857082	0.984021	0.869179	0.847673	0.986971	0.857265	0.837667	0.989095	0.845475	0.829138	0.990868	0.835523	0.808661	0.994231	0.812473	0.797225	0.995384	0.800183
POS	00786	0.5003	4927969	z	V	0.255762	0.255762	1.000000	0.489398	0.489398	1.000000	0.800406	0.802424	0.996867	0.863274	0.879490	0.979089	0.888786	0.931540	0.950896	0.885564	0.955581	0.923583	0.873434	0.968120	0.899300	0.857944	0.975331	0.876974	0.841091	0.979973	0.855801	0.825973	0.983164	0.837824	0.814299	0.985700	0.824034	0.802679	0.987668	0.810806	0.792646	0.989176	0.799581	0.770528	0.993007	0.774732	0.759206	0.995005	0.762111
PSF	00786	0.5003	4927969	z	V	0.260517	0.260908	0.994281	0.497005	0.498702	0.993201	0.792540	0.807274	0.977489	0.845979	0.880643	0.955541	0.864288	0.929571	0.924851	0.860998	0.953777	0.898489	0.849896	0.966870	0.875390	0.835334	0.974480	0.854016	0.819143	0.979315	0.833565	0.804549	0.982629	0.816158	0.793289	0.985270	0.802811	0.782044	0.987312	0.789984	0.772333	0.988883	0.779098	0.750820	0.992785	0.754940	0.739816	0.994826	0.742674
POS	00786	0.5003	4927969	z	g	0.229122	0.229122	1.000000	0.453467	0.453467	1.000000	0.790277	0.796853	0.989666	0.856277	0.881321	0.967880	0.887839	0.940923	0.940253	0.884778	0.963755	0.915232	0.873269	0.974586	0.893618	0.858795	0.980302	0.873876	0.843421	0.983955	0.855183	0.829756	0.986489	0.839294	0.819085	0.988478	0.826980	0.808587	0.990092	0.815183	0.799444	0.991277	0.805108	0.779228	0.994367	0.782683	0.768831	0.995998	0.771213
PSF	00786	0.5003	4927969	z	g	0.234911	0.235347	0.992171	0.462542	0.464731	0.989921	0.779423	0.803143	0.963491	0.835660	0.884383	0.938150	0.856562	0.939355	0.906703	0.852703	0.961993	0.882431	0.842180	0.973340	0.862066	0.828689	0.979441	0.843359	0.814048	0.983278	0.825476	0.800984	0.985935	0.810242	0.790840	0.988064	0.798468	0.780744	0.989731	0.787120	0.771968	0.990971	0.777436	0.752492	0.994142	0.755844	0.742466	0.995808	0.744794
thin2	00786	0.5003	4927969	x	V	0.151539	0.151539	1.000000	0.372422	0.372422	1.000000	0.704640	0.704643	0.999993	0.877837	0.920637	0.949704	0.864120	0.962241	0.894450	0.835721	0.975122	0.853928	0.798344	0.985457	0.807862	0.770823	0.990666	0.776462	0.757845	0.992669	0.762111
thin2	00786	0.5003	4927969	x	g	0.132179	0.132179	1.000000	0.337353	0.337353	1.000000	0.684976	0.685559	0.998760	0.871430	0.922484	0.940283	0.865575	0.969264	0.890004	0.839363	0.979861	0.854097	0.805541	0.988230	0.813345	0.780516	0.992448	0.785180	0.768639	0.994048	0.772193
thin2	00786	0.5003	4927969	y	V	0.135183	0.135183	1.000000	0.332225	0.332225	1.000000	0.628592	0.628592	1.000000	0.863204	0.863926	0.999033	0.917409	0.937632	0.977030	0.909489	0.961493	0.943868	0.883650	0.979594	0.900220	0.858071	0.987419	0.867556	0.844197	0.989646	0.851720
thin2	00786	0.5003	4927969	y	g	0.119700	0.119700	1.000000	0.305504	0.305504	1.000000	0.621605	0.621605	1.000000	0.879039	0.883440	0.994365	0.921413	0.952500	0.965791	0.908310	0.970484	0.934115	0.881860	0.984227	0.894501	0.857788	0.990236	0.865105	0.845016	0.991921	0.850872
thin2	00786	0.5003	4927969	z	V	0.145784	0.145784	1.000000	0.358278	0.358278	1.000000	0.677872	0.677878	0.999988	0.877199	0.903076	0.968367	0.885793	0.955847	0.923584	0.863294	0.972294	0.885066	0.826116	0.983271	0.837893	0.797790	0.988440	0.805303	0.784846	0.990731	0.790652
thin2	00786	0.5003	4927969	z	g	0.127934	0.127934	1.000000	0.326519	0.326519	1.000000	0.664205	0.664269	0.999856	0.873033	0.908703	0.956972	0.885189	0.964491	0.915008	0.863436	0.977869	0.880645	0.829399	0.986537	0.838894	0.803646	0.990666	0.809777	0.791874	0.992546	0.796611
thin4	00786	0.5003	4927969	x	V	0.071036	0.071036	1.000000	0.239737	0.239737	1.000000	0.548388	0.548388	1.000000	0.830892	0.839777	0.987427	0.878931	0.921623	0.949935	0.870949	0.958594	0.904995	0.837357	0.976194	0.854812	0.804945	0.984233	0.815460	0.788941	0.987614	0.796825
thin4	00786	0.5003	4927969	x	g	0.062025	0.062025	1.000000	0.212501	0.212501	1.000000	0.510534	0.510534	1.000000	0.815959	0.831179	0.978052	0.873440	0.924913	0.940102	0.872042	0.966662	0.899081	0.840373	0.980727	0.854484	0.811402	0.987270	0.819982	0.796988	0.990006	0.803452
thin4	00786	0.5003	4927969	y	V	0.063371	0.063371	1.000000	0.213870	0.213870	1.000000	0.489219	0.489219	1.000000	0.758704	0.758705	0.999998	0.863880	0.864637	0.998986	0.915186	0.929404	0.983559	0.908841	0.961186	0.943467	0.889637	0.977724	0.908042	0.875479	0.982950	0.888979
thin4	00786	0.5003	4927969	y	g	0.056145	0.056145	1.000000	0.192355	0.192355	1.000000	0.462133	0.462133	1.000000	0.769139	0.769193	0.999908	0.881070	0.885520	0.994329	0.921561	0.946344	0.972368	0.908070	0.970348	0.933987	0.887961	0.982924	0.901874	0.874592	0.986929	0.884841
thin4	00786	0.5003	4927969	z	V	0.068384	0.068384	1.000000	0.230788	0.230788	1.000000	0.527918	0.527918	1.000000	0.811879	0.814946	0.995386	0.877025	0.903637	0.967511	0.887643	0.949736	0.931399	0.862403	0.972133	0.884263	0.832097	0.981892	0.845065	0.815071	0.984860	0.825413
thin4	00786	0.5003	4927969	z	g	0.060090	0.060090	1.000000	0.205872	0.205872	1.000000	0.494610	0.494610	1.000000	0.805614	0.813516	0.988088	0.872972	0.910344	0.955086	0.886939	0.959650	0.921297	0.862104	0.977772	0.879338	0.834591	0.985564	0.844920	0.819292	0.987927	0.827578
thin8	00786	0.5003	4927969	x	V	0.016946	0.016946	1.000000	0.132981	0.132981	1.000000	0.403479	0.403479	1.000000	0.714062	0.714166	0.999796	0.832637	0.840876	0.988369	0.873213	0.905913	0.960304	0.871539	0.958936	0.905327	0.843629	0.973792	0.863229	0.828130	0.979925	0.842422
thin8	00786	0.5003	4927969	x	g	0.014399	0.014399	1.000000	0.115344	0.115344	1.000000	0.364230	0.364230	1.000000	0.690922	0.692040	0.997666	0.819939	0.834285	0.979459	0.863782	0.904698	0.950246	0.872638	0.966792	0.899602	0.846851	0.979157	0.862397	0.832373	0.983870	0.843889
thin8	00786	0.5003	4927969	y	V	0.015114	0.015114	1.000000	0.118607	0.118607	1.000000	0.359868	0.359868	1.000000	0.637105	0.637105	1.000000	0.758815	0.758815	1.000000	0.840127	0.840706	0.999180	0.914932	0.929169	0.983529	0.912058	0.956941	0.951090	0.902362	0.966461	0.931533
thin8	00786	0.5003	4927969	y	g	0.013031	0.013031	1.000000	0.104387	0.104387	1.000000	0.329631	0.329631	1.000000	0.627767	0.627767	1.000000	0.770614	0.770725	0.999814	0.854313	0.857683	0.995421	0.922539	0.946561	0.973227	0.912431	0.967349	0.941425	0.901435	0.974297	0.923394
thin8	00786	0.5003	4927969	z	V	0.016313	0.016313	1.000000	0.128015	0.128015	1.000000	0.388412	0.388412	1.000000	0.687619	0.687627	0.999983	0.813088	0.815740	0.996017	0.867454	0.886350	0.976013	0.886060	0.948826	0.930529	0.868888	0.969809	0.893045	0.853841	0.976330	0.871889
thin8	00786	0.5003	4927969	z	g	0.013938	0.013938	1.000000	0.111647	0.111647	1.000000	0.352557	0.352557	1.000000	0.671024	0.671186	0.999639	0.808603	0.815702	0.989350	0.859215	0.888025	0.963615	0.886733	0.958882	0.921783	0.868908	0.975886	0.887974	0.855183	0.981179	0.869446
POS	00786	0.5003	5268044	x	V	0.492816	0.492816	1.000000	0.611262	0.611262	1.000000	0.735994	0.735994	1.000000	0.806150	0.806150	1.000000	0.850584	0.850623	0.999946	0.902253	0.902399	0.999821	0.946273	0.947219	0.998946	0.963777	0.966481	0.997106	0.971913	0.976296	0.995401	0.977054	0.982771	0.994081	0.979390	0.987027	0.992161	0.979746	0.989959	0.989580	0.979700	0.992130	0.987373	0.978262	0.995370	0.982734	0.976681	0.996307	0.980230
PSF	00786	0.5003	5268044	x	V	0.496015	0.497729	0.993102	0.614380	0.617145	0.992762	0.737713	0.742290	0.991710	0.806119	0.812244	0.990732	0.848286	0.856011	0.989474	0.896144	0.906421	0.987505	0.936520	0.949965	0.985111	0.951344	0.968117	0.982114	0.958191	0.977409	0.979893	0.962510	0.983552	0.978256	0.964147	0.987501	0.976059	0.963990	0.990193	0.973283	0.963842	0.992329	0.971077	0.962247	0.995501	0.966449	0.960616	0.996407	0.963955
POS	00786	0.5003	5268044	x	g	0.474845	0.474845	1.000000	0.587322	0.587322	1.000000	0.706641	0.706641	1.000000	0.782671	0.782672	1.000000	0.830077	0.830107	0.999956	0.890727	0.890841	0.999856	0.941914	0.942564	0.999268	0.962622	0.964493	0.997989	0.972415	0.975507	0.996752	0.978518	0.982538	0.995836	0.981318	0.986855	0.994314	0.982137	0.989930	0.992048	0.982723	0.992325	0.990249	0.982292	0.995415	0.986756	0.981327	0.996312	0.984905
PSF	00786	0.5003	5268044	x	g	0.477733	0.479743	0.991307	0.590035	0.593208	0.991018	0.708001	0.713054	0.990090	0.782300	0.789051	0.989182	0.827586	0.835952	0.988051	0.884356	0.895477	0.986151	0.931818	0.946058	0.984103	0.948920	0.966471	0.981221	0.956970	0.976766	0.979261	0.962196	0.983463	0.978020	0.964324	0.987499	0.976243	0.964434	0.990241	0.973688	0.964785	0.992542	0.971830	0.964195	0.995574	0.968346	0.963169	0.996438	0.966496
POS	00786	0.5003	5268044	y	V	0.503258	0.503258	1.000000	0.624213	0.624213	1.000000	0.751588	0.751588	1.000000	0.823169	0.823197	0.999959	0.867033	0.867804	0.998977	0.916501	0.918980	0.997066	0.952312	0.960115	0.991538	0.961241	0.975249	0.985277	0.963467	0.982173	0.980616	0.966312	0.987570	0.978209	0.965769	0.990400	0.974896	0.964620	0.992587	0.971620	0.963209	0.994069	0.968776	0.958887	0.995811	0.962771	0.956849	0.996499	0.960076
PSF	00786	0.5003	5268044	y	V	0.507217	0.508581	0.994741	0.628637	0.630765	0.994662	0.755159	0.758770	0.993737	0.823755	0.829437	0.991752	0.863323	0.872219	0.988325	0.906617	0.920759	0.983342	0.937328	0.959775	0.975656	0.945910	0.974915	0.969506	0.948018	0.981847	0.964930	0.950388	0.987057	0.962381	0.949916	0.989941	0.959175	0.948732	0.992115	0.955940	0.947674	0.993786	0.953324	0.943715	0.995699	0.947578	0.941780	0.996431	0.944968
POS	00786	0.5003	5268044	y	g	0.484076	0.484076	1.000000	0.598740	0.598740	1.000000	0.720379	0.720379	1.000000	0.797797	0.797837	0.999937	0.844508	0.845320	0.998863	0.903469	0.905757	0.997211	0.950544	0.955928	0.994110	0.963961	0.974398	0.989011	0.967053	0.982126	0.984378	0.970646	0.987975	0.982250	0.970762	0.990974	0.979423	0.970162	0.993357	0.976498	0.969969	0.995381	0.974355	0.966619	0.996978	0.969459	0.964931	0.997498	0.967272
PSF	00786	0.5003	5268044	y	g	0.488429	0.490142	0.992898	0.603546	0.606193	0.992817	0.724398	0.728693	0.991929	0.799249	0.805652	0.990154	0.842326	0.851785	0.986988	0.895784	0.910179	0.982651	0.935204	0.957144	0.976076	0.946742	0.974930	0.970365	0.949240	0.982452	0.965612	0.952315	0.988118	0.963346	0.952331	0.991095	0.960550	0.951597	0.993424	0.957629	0.950861	0.995174	0.955266	0.947738	0.996874	0.950563	0.946157	0.997439	0.948462
POS	00786	0.5003	5268044	z	V	0.492913	0.492913	1.000000	0.611382	0.611382	1.000000	0.736139	0.736139	1.000000	0.806309	0.806309	1.000000	0.850801	0.850817	0.999977	0.902461	0.902592	0.999838	0.946417	0.947383	0.998924	0.963985	0.966680	0.997116	0.973107	0.976999	0.995922	0.977930	0.983313	0.994434	0.981377	0.988135	0.993079	0.982636	0.991530	0.990955	0.983269	0.994051	0.989089	0.982070	0.997423	0.984568	0.980313	0.998277	0.981974
PSF	00786	0.5003	5268044	z	V	0.496700	0.498491	0.992818	0.615276	0.618132	0.992547	0.738602	0.743382	0.991369	0.806688	0.813226	0.990132	0.849007	0.857126	0.988966	0.897752	0.908067	0.987505	0.936780	0.950949	0.984344	0.951296	0.968964	0.981192	0.957969	0.978179	0.978888	0.961609	0.983977	0.976905	0.964244	0.988453	0.975230	0.964959	0.991606	0.972905	0.965507	0.994113	0.971060	0.963979	0.997332	0.966472	0.962287	0.998210	0.963950
POS	00786	0.5003	5268044	z	g	0.474923	0.474923	1.000000	0.587419	0.587419	1.000000	0.706758	0.706758	1.000000	0.782801	0.782801	1.000000	0.830215	0.830245	0.999957	0.890797	0.890947	0.999811	0.941949	0.942658	0.999203	0.963323	0.964929	0.998275	0.973992	0.976388	0.997487	0.979960	0.983350	0.996494	0.983849	0.988220	0.995524	0.985967	0.991956	0.993913	0.986885	0.994523	0.992278	0.986877	0.997836	0.988993	0.985689	0.998625	0.987028
PSF	00786	0.5003	5268044	z	g	0.478191	0.480314	0.990843	0.590597	0.593931	0.990583	0.708374	0.713769	0.989441	0.782300	0.789632	0.988271	0.827724	0.836664	0.987255	0.885658	0.896884	0.986064	0.932031	0.946940	0.983388	0.949342	0.967488	0.980626	0.957331	0.977764	0.978638	0.962017	0.984187	0.977120	0.965064	0.988708	0.975819	0.966309	0.992049	0.973851	0.967266	0.994672	0.972303	0.966782	0.997770	0.968875	0.965627	0.998572	0.966962
thin2	00786	0.5003	5268044	x	V	0.398541	0.398541	1.000000	0.550125	0.550125	1.000000	0.677251	0.677251	1.000000	0.819810	0.819814	0.999994	0.899429	0.899657	0.999719	0.955802	0.957638	0.997998	0.977621	0.983371	0.994055	0.980643	0.990941	0.989514	0.980909	0.993869	0.986880
thin2	00786	0.5003	5268044	x	g	0.381964	0.381964	1.000000	0.529873	0.529873	1.000000	0.648345	0.648345	1.000000	0.795693	0.795695	0.999996	0.886155	0.886335	0.999771	0.953002	0.954344	0.998526	0.978777	0.983092	0.995535	0.983227	0.991168	0.991917	0.984135	0.994057	0.989961
thin2	00786	0.5003	5268044	y	V	0.406857	0.406857	1.000000	0.561604	0.561604	1.000000	0.691383	0.691383	1.000000	0.836159	0.836508	0.999501	0.913053	0.915742	0.996793	0.957669	0.968388	0.988574	0.966845	0.988007	0.978327	0.965282	0.993306	0.971602	0.962820	0.994840	0.967653
thin2	00786	0.5003	5268044	y	g	0.389243	0.389243	1.000000	0.539971	0.539971	1.000000	0.660701	0.660701	1.000000	0.810080	0.810430	0.999468	0.898860	0.901025	0.997334	0.957737	0.965677	0.991488	0.971834	0.988831	0.982620	0.971611	0.994613	0.976751	0.969793	0.996123	0.973467
thin2	00786	0.5003	5268044	z	V	0.398729	0.398729	1.000000	0.550385	0.550385	1.000000	0.677571	0.677571	1.000000	0.820202	0.820203	0.999998	0.900014	0.900166	0.999812	0.956161	0.958043	0.997950	0.978957	0.984281	0.994506	0.983276	0.992517	0.990620	0.983575	0.995467	0.988001
thin2	00786	0.5003	5268044	z	g	0.382083	0.382083	1.000000	0.530038	0.530038	1.000000	0.648547	0.648547	1.000000	0.795938	0.795942	0.999994	0.886405	0.886597	0.999755	0.953535	0.954763	0.998653	0.980895	0.984318	0.996466	0.986756	0.993113	0.993554	0.987690	0.996018	0.991605
thin4	00786	0.5003	5268044	x	V	0.287211	0.287211	1.000000	0.472474	0.472474	1.000000	0.620597	0.620597	1.000000	0.734840	0.734840	1.000000	0.816766	0.816776	0.999985	0.871800	0.872024	0.999705	0.956835	0.958386	0.998311	0.975961	0.980051	0.995743	0.979744	0.987020	0.992532
thin4	00786	0.5003	5268044	x	g	0.272126	0.272126	1.000000	0.452476	0.452476	1.000000	0.594019	0.594019	1.000000	0.703719	0.703719	1.000000	0.791987	0.791994	0.999990	0.852589	0.852728	0.999810	0.954806	0.955831	0.998879	0.976577	0.979431	0.997025	0.981380	0.987142	0.994088
thin4	00786	0.5003	5268044	y	V	0.293054	0.293054	1.000000	0.482086	0.482086	1.000000	0.633222	0.633222	1.000000	0.749789	0.749789	1.000000	0.832793	0.833070	0.999600	0.886266	0.888033	0.997760	0.960926	0.970047	0.990311	0.969431	0.986576	0.982388	0.967819	0.990865	0.976532
thin4	00786	0.5003	5268044	y	g	0.277329	0.277329	1.000000	0.461129	0.461129	1.000000	0.605379	0.605379	1.000000	0.717176	0.717176	1.000000	0.806457	0.806765	0.999526	0.865858	0.867409	0.997939	0.961787	0.968364	0.992987	0.973506	0.987137	0.986013	0.972910	0.992188	0.980420
thin4	00786	0.5003	5268044	z	V	0.287397	0.287397	1.000000	0.472780	0.472780	1.000000	0.620999	0.620999	1.000000	0.735316	0.735316	1.000000	0.817300	0.817307	0.999988	0.872633	0.872733	0.999869	0.956711	0.958628	0.997915	0.975906	0.980338	0.995390	0.981681	0.988324	0.993199
thin4	00786	0.5003	5268044	z	g	0.272372	0.272372	1.000000	0.452885	0.452885	1.000000	0.594557	0.594557	1.000000	0.704355	0.704355	1.000000	0.792693	0.792704	0.999982	0.853350	0.853493	0.999803	0.955191	0.956451	0.998623	0.977162	0.980167	0.996872	0.984089	0.988961	0.995019
thin8	00786	0.5003	5268044	x	V	0.153560	0.153560	1.000000	0.383635	0.383635	1.000000	0.565314	0.565314	1.000000	0.683292	0.683292	1.000000	0.752209	0.752209	1.000000	0.805601	0.805610	0.999986	0.863354	0.863641	0.999614	0.952914	0.954217	0.998569	0.970509	0.973078	0.997288
thin8	00786	0.5003	5268044	x	g	0.137837	0.137837	1.000000	0.369755	0.369755	1.000000	0.542043	0.542043	1.000000	0.654816	0.654816	1.000000	0.726490	0.726490	1.000000	0.779909	0.779916	0.999989	0.841389	0.841584	0.999724	0.950199	0.951043	0.999067	0.970852	0.972623	0.998128
thin8	00786	0.5003	5268044	y	V	0.156470	0.156470	1.000000	0.390904	0.390904	1.000000	0.576026	0.576026	1.000000	0.696240	0.696240	1.000000	0.766463	0.766463	1.000000	0.820579	0.820718	0.999794	0.876942	0.878532	0.997940	0.953890	0.963557	0.989591	0.966196	0.979964	0.985667
thin8	00786	0.5003	5268044	y	g	0.140283	0.140283	1.000000	0.376316	0.376316	1.000000	0.551661	0.551661	1.000000	0.666435	0.666435	1.000000	0.739381	0.739381	1.000000	0.793370	0.793544	0.999723	0.853700	0.855106	0.998077	0.954023	0.961249	0.992183	0.969986	0.980696	0.988866
thin8	00786	0.5003	5268044	z	V	0.153498	0.153498	1.000000	0.383479	0.383479	1.000000	0.565084	0.565084	1.000000	0.683015	0.683015	1.000000	0.751904	0.751904	1.000000	0.805283	0.805288	0.999992	0.863425	0.863517	0.999876	0.952917	0.954030	0.998778	0.971009	0.973137	0.997753
thin8	00786	0.5003	5268044	z	g	0.137855	0.137855	1.000000	0.369805	0.369805	1.000000	0.542116	0.542116	1.000000	0.654904	0.654904	1.000000	0.726587	0.726587	1.000000	0.780005	0.780016	0.999983	0.841582	0.841741	0.999776	0.950127	0.951069	0.998960	0.971066	0.972796	0.998172
POS	00786	0.5003	5462324	x	V	0.700096	0.700096	1.000000	0.855279	0.855279	1.000000	0.956908	0.956954	0.999949	0.973301	0.974292	0.998956	0.979878	0.983003	0.996766	0.983687	0.989174	0.994393	0.984318	0.991913	0.992280	0.983954	0.993472	0.990358	0.983277	0.994579	0.988575	0.982687	0.995626	0.986948	0.981719	0.996336	0.985276	0.980575	0.996950	0.983526	0.979130	0.997349	0.981685	0.974975	0.998218	0.976675	0.972604	0.998728	0.973811
PSF	00786	0.5003	5462324	x	V	0.702453	0.707248	0.990442	0.853226	0.862033	0.988168	0.943696	0.959432	0.982916	0.956250	0.975085	0.980200	0.961503	0.983257	0.977508	0.964410	0.989056	0.974813	0.964773	0.991689	0.972638	0.964437	0.993272	0.970778	0.963846	0.994428	0.969079	0.963318	0.995512	0.967520	0.962395	0.996243	0.965901	0.961258	0.996854	0.964183	0.959892	0.997284	0.962408	0.955880	0.998195	0.957536	0.953522	0.998691	0.954715
POS	00786	0.5003	5462324	x	g	0.709284	0.709284	1.000000	0.855879	0.855879	1.000000	0.958395	0.958461	0.999929	0.974799	0.975785	0.998965	0.981897	0.984609	0.997203	0.986850	0.991374	0.995398	0.987831	0.993938	0.993818	0.987608	0.995156	0.992379	0.987095	0.995998	0.991026	0.986653	0.996788	0.989800	0.985922	0.997312	0.988549	0.985039	0.997757	0.987226	0.983953	0.998051	0.985847	0.980817	0.998689	0.982082	0.979028	0.999067	0.979924
PSF	00786	0.5003	5462324	x	g	0.710067	0.716211	0.988063	0.851647	0.862240	0.985780	0.942807	0.960654	0.980677	0.956028	0.976665	0.978376	0.961925	0.985034	0.976192	0.965825	0.991377	0.974008	0.966436	0.993787	0.972310	0.966194	0.995005	0.970903	0.965753	0.995887	0.969620	0.965350	0.996702	0.968443	0.964654	0.997242	0.967234	0.963787	0.997689	0.965943	0.962758	0.998005	0.964614	0.959734	0.998673	0.960960	0.957956	0.999041	0.958838
POS	00786	0.5003	5462324	y	V	0.702806	0.702806	1.000000	0.858591	0.858591	1.000000	0.960423	0.960562	0.999849	0.976579	0.977818	0.998704	0.983262	0.986608	0.996562	0.986205	0.992361	0.993749	0.986118	0.994748	0.991278	0.984858	0.995859	0.988908	0.983415	0.996580	0.986745	0.981871	0.997144	0.984640	0.980325	0.997560	0.982681	0.978581	0.997866	0.980633	0.977050	0.998222	0.978754	0.972525	0.998897	0.973570	0.969590	0.999111	0.970427
PSF	00786	0.5003	5462324	y	V	0.704013	0.709145	0.989826	0.855412	0.864553	0.987791	0.946576	0.962507	0.982815	0.959034	0.978144	0.980035	0.964321	0.986357	0.977357	0.966965	0.992037	0.974528	0.966829	0.994421	0.972102	0.965759	0.995628	0.969873	0.964453	0.996413	0.967813	0.963028	0.997029	0.965800	0.961558	0.997473	0.963906	0.959898	0.997809	0.961925	0.958420	0.998180	0.960097	0.953992	0.998869	0.955024	0.951131	0.999094	0.951952
POS	00786	0.5003	5462324	y	g	0.711509	0.711509	1.000000	0.858563	0.858563	1.000000	0.960977	0.961250	0.999704	0.977272	0.978551	0.998664	0.984421	0.987420	0.996924	0.988710	0.993866	0.994781	0.989076	0.996128	0.992894	0.988153	0.996995	0.991105	0.987027	0.997529	0.989447	0.985846	0.997945	0.987851	0.984666	0.998242	0.986377	0.983345	0.998463	0.984836	0.982183	0.998719	0.983422	0.978753	0.999204	0.979517	0.976527	0.999356	0.977142
PSF	00786	0.5003	5462324	y	g	0.711007	0.717602	0.987241	0.853027	0.864112	0.985184	0.944688	0.962960	0.980309	0.957782	0.978936	0.977936	0.963708	0.987339	0.975767	0.967532	0.993657	0.973545	0.967780	0.995885	0.971665	0.966976	0.996814	0.969975	0.965967	0.997401	0.968405	0.964876	0.997856	0.966880	0.963762	0.998177	0.965461	0.962504	0.998419	0.963973	0.961383	0.998687	0.962600	0.958032	0.999180	0.958785	0.955868	0.999342	0.956471
POS	00786	0.5003	5462324	z	V	0.697849	0.697849	1.000000	0.852535	0.852535	1.000000	0.953853	0.953892	0.999958	0.970879	0.971520	0.999321	0.979029	0.981007	0.997944	0.984375	0.987939	0.996348	0.985888	0.991118	0.994676	0.986102	0.992965	0.993039	0.985623	0.994171	0.991352	0.984437	0.994913	0.989417	0.983486	0.995631	0.987749	0.982206	0.996174	0.985925	0.980927	0.996659	0.984164	0.977420	0.997863	0.979470	0.975159	0.998431	0.976656
PSF	00786	0.5003	5462324	z	V	0.703768	0.707864	0.991845	0.853923	0.862194	0.988891	0.940767	0.957641	0.981615	0.952845	0.973043	0.978680	0.958721	0.981537	0.976329	0.962359	0.987713	0.974019	0.963449	0.990723	0.972220	0.963660	0.992592	0.970641	0.963300	0.993868	0.969060	0.962291	0.994697	0.967254	0.961472	0.995481	0.965687	0.960295	0.996069	0.963948	0.959074	0.996574	0.962246	0.955688	0.997815	0.957692	0.953491	0.998396	0.954953
POS	00786	0.5003	5462324	z	g	0.708087	0.708087	1.000000	0.854434	0.854434	1.000000	0.956649	0.956777	0.999860	0.973358	0.974241	0.999070	0.981293	0.983477	0.997742	0.987042	0.990635	0.996339	0.988428	0.993401	0.994961	0.988532	0.994783	0.993684	0.988098	0.995663	0.992369	0.987175	0.996209	0.990898	0.986460	0.996741	0.989653	0.985508	0.997149	0.988293	0.984544	0.997506	0.986974	0.981913	0.998401	0.983459	0.980210	0.998824	0.981342
PSF	00786	0.5003	5462324	z	g	0.712698	0.718000	0.989745	0.853675	0.863668	0.986628	0.940958	0.960060	0.979293	0.953274	0.975612	0.976545	0.959278	0.984043	0.974436	0.963415	0.990514	0.972387	0.964370	0.993104	0.970871	0.964477	0.994505	0.969644	0.964144	0.995444	0.968418	0.963352	0.996053	0.967044	0.962732	0.996632	0.965875	0.961852	0.997071	0.964578	0.960939	0.997447	0.963309	0.958406	0.998372	0.959906	0.956753	0.998805	0.957849
thin2	00786	0.5003	5462324	x	V	0.564309	0.564309	1.000000	0.781683	0.781683	1.000000	0.917097	0.917097	1.000000	0.976454	0.978284	0.998088	0.983497	0.988923	0.994452	0.983800	0.992786	0.990884	0.982495	0.995602	0.986777	0.979917	0.997165	0.982655	0.977609	0.997699	0.979818
thin2	00786	0.5003	5462324	x	g	0.570473	0.570473	1.000000	0.785215	0.785215	1.000000	0.915070	0.915070	1.000000	0.978170	0.979890	0.998209	0.986381	0.990861	0.995437	0.987427	0.994604	0.992745	0.986475	0.996744	0.989664	0.984522	0.997910	0.986557	0.982781	0.998303	0.984426
thin2	00786	0.5003	5462324	y	V	0.566556	0.566556	1.000000	0.784796	0.784796	1.000000	0.920741	0.920745	0.999996	0.980060	0.982041	0.997947	0.985938	0.992125	0.993715	0.985648	0.995705	0.989857	0.981689	0.997180	0.984422	0.977682	0.998012	0.979590	0.975206	0.998459	0.976676
thin2	00786	0.5003	5462324	y	g	0.572346	0.572346	1.000000	0.787792	0.787792	1.000000	0.918041	0.918057	0.999981	0.981004	0.982919	0.998018	0.988283	0.993446	0.994769	0.988731	0.996900	0.991780	0.985651	0.997966	0.987635	0.982602	0.998574	0.983983	0.980703	0.998886	0.981777
thin2	00786	0.5003	5462324	z	V	0.562543	0.562543	1.000000	0.779238	0.779238	1.000000	0.914227	0.914227	1.000000	0.974575	0.975818	0.998696	0.983959	0.987614	0.996253	0.986046	0.992370	0.993578	0.984243	0.994929	0.989205	0.981402	0.996355	0.984939	0.979561	0.997129	0.982332
thin2	00786	0.5003	5462324	z	g	0.569593	0.569593	1.000000	0.784002	0.784002	1.000000	0.913657	0.913657	1.000000	0.977101	0.978600	0.998436	0.986423	0.990119	0.996230	0.988407	0.994332	0.994008	0.986963	0.996220	0.990673	0.984803	0.997278	0.987457	0.983418	0.997853	0.985503
thin4	00786	0.5003	5462324	x	V	0.405312	0.405312	1.000000	0.674608	0.674608	1.000000	0.868109	0.868109	1.000000	0.957244	0.957423	0.999804	0.976310	0.977988	0.998246	0.984157	0.988879	0.995171	0.983888	0.992870	0.990889	0.982920	0.995061	0.987739	0.982008	0.996231	0.985670
thin4	00786	0.5003	5462324	x	g	0.403930	0.403930	1.000000	0.681100	0.681100	1.000000	0.865316	0.865316	1.000000	0.957275	0.957484	0.999772	0.977399	0.978955	0.998377	0.987492	0.991408	0.996016	0.987559	0.994638	0.992844	0.986857	0.996361	0.990427	0.986166	0.997234	0.988871
thin4	00786	0.5003	5462324	y	V	0.406920	0.406920	1.000000	0.677284	0.677284	1.000000	0.871553	0.871553	1.000000	0.960877	0.961138	0.999718	0.979588	0.981570	0.997943	0.986744	0.992145	0.994513	0.985133	0.995476	0.989564	0.982352	0.996751	0.985508	0.980421	0.997403	0.982930
thin4	00786	0.5003	5462324	y	g	0.405227	0.405227	1.000000	0.683288	0.683288	1.000000	0.868096	0.868096	1.000000	0.959998	0.960380	0.999585	0.979893	0.981775	0.998047	0.989491	0.994007	0.995429	0.988284	0.996605	0.991622	0.986250	0.997657	0.988540	0.984783	0.998137	0.986596
thin4	00786	0.5003	5462324	z	V	0.404072	0.404072	1.000000	0.672543	0.672543	1.000000	0.865452	0.865452	1.000000	0.954459	0.954567	0.999882	0.974151	0.975413	0.998674	0.983867	0.987224	0.996556	0.985846	0.992343	0.993403	0.985127	0.994656	0.990369	0.983713	0.995569	0.988039
thin4	00786	0.5003	5462324	z	g	0.403322	0.403322	1.000000	0.680075	0.680075	1.000000	0.864013	0.864013	1.000000	0.955861	0.956056	0.999786	0.975950	0.977491	0.998387	0.986996	0.990413	0.996516	0.988195	0.994211	0.993914	0.987674	0.996023	0.991584	0.986608	0.996705	0.989836
thin8	00786	0.5003	5462324	x	V	0.213804	0.213804	1.000000	0.529913	0.529913	1.000000	0.800286	0.800286	1.000000	0.916859	0.916859	1.000000	0.951776	0.951924	0.999836	0.971892	0.973180	0.998640	0.983852	0.989011	0.994726	0.983868	0.992239	0.991498	0.983468	0.993688	0.989650
thin8	00786	0.5003	5462324	x	g	0.210454	0.210454	1.000000	0.533802	0.533802	1.000000	0.799637	0.799637	1.000000	0.910541	0.910544	0.999997	0.948625	0.948798	0.999808	0.972089	0.973337	0.998683	0.987506	0.991739	0.995697	0.987382	0.994115	0.993187	0.987184	0.995320	0.991788
thin8	00786	0.5003	5462324	y	V	0.214666	0.214666	1.000000	0.532050	0.532050	1.000000	0.803513	0.803513	1.000000	0.920556	0.920556	1.000000	0.955418	0.955663	0.999732	0.975524	0.976962	0.998494	0.987032	0.992611	0.994338	0.985377	0.995009	0.990272	0.983808	0.995869	0.987839
thin8	00786	0.5003	5462324	y	g	0.211114	0.211114	1.000000	0.535477	0.535477	1.000000	0.802146	0.802146	1.000000	0.913388	0.913395	0.999991	0.951209	0.951574	0.999597	0.974783	0.976212	0.998500	0.989471	0.994285	0.995131	0.988247	0.996114	0.992072	0.987423	0.997005	0.990360
thin8	00786	0.5003	5462324	z	V	0.213143	0.213143	1.000000	0.528276	0.528276	1.000000	0.797815	0.797815	1.000000	0.914027	0.914027	1.000000	0.948949	0.949042	0.999897	0.970194	0.970835	0.999319	0.983739	0.987431	0.996214	0.985743	0.991657	0.993986	0.985339	0.993101	0.992130
thin8	00786	0.5003	5462324	z	g	0.210131	0.210131	1.000000	0.532983	0.532983	1.000000	0.798410	0.798410	1.000000	0.909150	0.909150	1.000000	0.947119	0.947316	0.999780	0.971330	0.972215	0.999064	0.986920	0.990684	0.996166	0.988240	0.993786	0.994384	0.987791	0.994862	0.992855
POS	00786	0.5003	5788830	x	V	0.376287	0.376287	1.000000	0.646876	0.646876	1.000000	0.903472	0.904343	0.998935	0.937135	0.944743	0.991479	0.943126	0.964266	0.977282	0.933962	0.973774	0.958060	0.922374	0.979860	0.940199	0.909547	0.983922	0.923269	0.899656	0.987309	0.910182	0.890761	0.989631	0.899152	0.882966	0.991312	0.889852	0.876826	0.992499	0.882675	0.871313	0.993497	0.876311	0.857325	0.995710	0.860503	0.848198	0.996484	0.850744
PSF	00786	0.5003	5788830	x	V	0.379822	0.380583	0.994766	0.651453	0.653918	0.994246	0.895203	0.907133	0.985522	0.922324	0.944628	0.975039	0.926310	0.963282	0.960214	0.917775	0.973115	0.941651	0.906797	0.979477	0.924360	0.894389	0.983687	0.907854	0.884716	0.987132	0.895038	0.875999	0.989491	0.884225	0.868350	0.991195	0.875101	0.862325	0.992400	0.868058	0.856919	0.993415	0.861814	0.843174	0.995653	0.846289	0.834211	0.996441	0.836704
POS	00786	0.5003	5788830	x	g	0.373569	0.373569	1.000000	0.659372	0.659372	1.000000	0.921379	0.923091	0.997991	0.951331	0.959309	0.991333	0.955923	0.974700	0.980245	0.948585	0.981540	0.965814	0.939445	0.985809	0.952324	0.929474	0.988646	0.939502	0.921724	0.991021	0.929487	0.914764	0.992649	0.921002	0.908671	0.993839	0.913818	0.903846	0.994678	0.908238	0.899519	0.995393	0.903279	0.888430	0.996955	0.890848	0.881202	0.997508	0.883146
PSF	00786	0.5003	5788830	x	g	0.377755	0.378780	0.992883	0.664442	0.668003	0.992039	0.910365	0.926668	0.981041	0.933054	0.959686	0.971116	0.935199	0.973977	0.959165	0.928245	0.981007	0.945232	0.919587	0.985476	0.932221	0.909985	0.988431	0.919781	0.902450	0.990860	0.910026	0.895673	0.992527	0.901754	0.889716	0.993734	0.894736	0.885003	0.994588	0.889285	0.880770	0.995312	0.884439	0.869929	0.996900	0.872289	0.862858	0.997463	0.864756
POS	00786	0.5003	5788830	y	V	0.370341	0.370341	1.000000	0.636654	0.636654	1.000000	0.890601	0.890789	0.999762	0.930110	0.933818	0.995749	0.943792	0.957046	0.985538	0.942771	0.970708	0.970378	0.935557	0.979135	0.954588	0.924825	0.984417	0.938565	0.915278	0.988068	0.925508	0.906108	0.990309	0.914215	0.898151	0.991963	0.904734	0.892113	0.993267	0.897541	0.886355	0.994171	0.890985	0.871041	0.995712	0.874321	0.861800	0.996499	0.864417
PSF	00786	0.5003	5788830	y	V	0.372224	0.372989	0.994525	0.638567	0.640971	0.994161	0.884759	0.892999	0.989678	0.919419	0.933928	0.983384	0.931069	0.956308	0.972435	0.929938	0.969980	0.957496	0.923304	0.978718	0.942221	0.913009	0.984197	0.926593	0.903672	0.987920	0.913769	0.894711	0.990228	0.902681	0.886868	0.991901	0.893337	0.880875	0.993193	0.886225	0.875195	0.994106	0.879760	0.860135	0.995695	0.863346	0.851005	0.996483	0.853568
POS	00786	0.5003	5788830	y	g	0.371465	0.371465	1.000000	0.655659	0.655659	1.000000	0.916442	0.918019	0.998129	0.947608	0.954730	0.992189	0.955488	0.971737	0.982801	0.952496	0.980821	0.970573	0.945866	0.986438	0.958329	0.936965	0.989893	0.946015	0.929224	0.992308	0.935965	0.921876	0.993754	0.927249	0.915546	0.994837	0.919917	0.910668	0.995668	0.914291	0.906110	0.996269	0.909195	0.893936	0.997242	0.896151	0.886563	0.997736	0.888351
PSF	00786	0.5003	5788830	y	g	0.373478	0.374556	0.992350	0.656881	0.660580	0.991548	0.905893	0.919510	0.983915	0.933650	0.954935	0.976683	0.939926	0.971289	0.966787	0.936785	0.980335	0.954726	0.930545	0.986146	0.942870	0.921981	0.989735	0.930882	0.914390	0.992183	0.921024	0.907211	0.993670	0.912485	0.900988	0.994766	0.905280	0.896185	0.995600	0.899748	0.891694	0.996204	0.894735	0.879767	0.997216	0.881933	0.872514	0.997715	0.874261
POS	00786	0.5003	5788830	z	V	0.371222	0.371222	1.000000	0.638169	0.638169	1.000000	0.893034	0.893076	0.999948	0.935017	0.937443	0.997240	0.945197	0.958902	0.985105	0.940808	0.970821	0.968186	0.932446	0.978628	0.951828	0.921702	0.983885	0.935830	0.912526	0.987727	0.922991	0.904065	0.990360	0.912091	0.896295	0.992116	0.902725	0.890573	0.993601	0.895711	0.884995	0.994609	0.889261	0.869598	0.996090	0.872576	0.860189	0.996766	0.862596
PSF	00786	0.5003	5788830	z	V	0.372897	0.373679	0.994417	0.639763	0.642196	0.994113	0.887922	0.895522	0.990533	0.923247	0.936844	0.984524	0.932484	0.957991	0.972240	0.928704	0.970269	0.955907	0.920679	0.978246	0.939924	0.910270	0.983643	0.924260	0.901268	0.987542	0.911633	0.892945	0.990210	0.900899	0.885330	0.992011	0.891688	0.879651	0.993488	0.884753	0.874157	0.994511	0.878395	0.858996	0.996029	0.861947	0.849738	0.996732	0.852111
POS	00786	0.5003	5788830	z	g	0.371493	0.371493	1.000000	0.655709	0.655709	1.000000	0.919170	0.919477	0.999638	0.953346	0.957726	0.995226	0.958273	0.973220	0.984226	0.952940	0.981093	0.970768	0.945013	0.986019	0.957849	0.936049	0.989431	0.945502	0.928515	0.991955	0.935561	0.921719	0.993704	0.927133	0.915470	0.994833	0.919843	0.910830	0.995800	0.914343	0.906363	0.996455	0.909295	0.894184	0.997428	0.896250	0.886721	0.997870	0.888402
PSF	00786	0.5003	5788830	z	g	0.373361	0.374448	0.992284	0.656928	0.660550	0.991722	0.909157	0.921147	0.985885	0.937919	0.957083	0.979097	0.942470	0.972534	0.968242	0.937563	0.980644	0.955240	0.930085	0.985782	0.942732	0.921376	0.989283	0.930665	0.913983	0.991839	0.920909	0.907289	0.993599	0.912623	0.901182	0.994763	0.905479	0.896609	0.995733	0.900068	0.892223	0.996399	0.895109	0.880251	0.997390	0.882283	0.872927	0.997849	0.874573
thin2	00786	0.5003	5788830	x	V	0.232116	0.232116	1.000000	0.486913	0.486913	1.000000	0.813095	0.813095	1.000000	0.941880	0.953931	0.986765	0.933887	0.972599	0.959122	0.915917	0.982426	0.931173	0.890853	0.989536	0.899325	0.874657	0.992871	0.880185	0.867110	0.994352	0.871402
thin2	00786	0.5003	5788830	x	g	0.220762	0.220762	1.000000	0.489801	0.489801	1.000000	0.831836	0.831841	0.999993	0.954621	0.966395	0.987398	0.948328	0.980366	0.966688	0.934434	0.987606	0.945522	0.914846	0.992575	0.921150	0.902152	0.994938	0.906312	0.896190	0.995989	0.899437
thin2	00786	0.5003	5788830	y	V	0.228434	0.228434	1.000000	0.479189	0.479189	1.000000	0.800196	0.800196	1.000000	0.937646	0.944297	0.992544	0.943127	0.969744	0.971721	0.929743	0.982048	0.945819	0.906933	0.990602	0.914805	0.889970	0.993642	0.895067	0.881800	0.994821	0.885866
thin2	00786	0.5003	5788830	y	g	0.219521	0.219521	1.000000	0.487046	0.487046	1.000000	0.827163	0.827165	0.999997	0.952197	0.962453	0.988933	0.952356	0.979716	0.971511	0.940987	0.988326	0.951564	0.922386	0.993922	0.927618	0.908890	0.995890	0.912312	0.902417	0.996672	0.905145
thin2	00786	0.5003	5788830	z	V	0.228992	0.228992	1.000000	0.480360	0.480360	1.000000	0.802150	0.802150	1.000000	0.941691	0.947522	0.993508	0.940320	0.969437	0.969047	0.926784	0.981645	0.943128	0.904222	0.990302	0.912300	0.888286	0.993921	0.893138	0.880220	0.995157	0.884007
thin2	00786	0.5003	5788830	z	g	0.219553	0.219553	1.000000	0.487118	0.487118	1.000000	0.827290	0.827290	1.000000	0.957274	0.965146	0.991552	0.952379	0.979801	0.971452	0.940184	0.987966	0.951076	0.921813	0.993677	0.927252	0.908970	0.996013	0.912289	0.902540	0.996820	0.905146
thin4	00786	0.5003	5788830	x	V	0.131708	0.131708	1.000000	0.337663	0.337663	1.000000	0.678045	0.678045	1.000000	0.909203	0.910634	0.998275	0.938581	0.950127	0.987218	0.938367	0.970723	0.965697	0.915999	0.982286	0.931384	0.895637	0.988357	0.905187	0.884616	0.990687	0.892034
thin4	00786	0.5003	5788830	x	g	0.121181	0.121181	1.000000	0.331799	0.331799	1.000000	0.690800	0.690800	1.000000	0.927243	0.929504	0.997383	0.950792	0.962015	0.987878	0.951905	0.979324	0.971428	0.934216	0.987463	0.945430	0.918279	0.991739	0.925357	0.909648	0.993385	0.915192
thin4	00786	0.5003	5788830	y	V	0.129614	0.129614	1.000000	0.332294	0.332294	1.000000	0.667264	0.667264	1.000000	0.896725	0.897187	0.999425	0.933827	0.940249	0.992739	0.942911	0.965386	0.975905	0.929809	0.981880	0.946042	0.911726	0.989365	0.920750	0.900477	0.991667	0.907343
thin4	00786	0.5003	5788830	y	g	0.120481	0.120481	1.000000	0.329882	0.329882	1.000000	0.686810	0.686810	1.000000	0.922194	0.924288	0.997549	0.947414	0.957524	0.988979	0.952934	0.977024	0.974778	0.940903	0.988179	0.951613	0.925997	0.993090	0.932002	0.917031	0.994592	0.921627
thin4	00786	0.5003	5788830	z	V	0.129967	0.129967	1.000000	0.333199	0.333199	1.000000	0.669080	0.669080	1.000000	0.899899	0.900016	0.999856	0.938314	0.943827	0.993813	0.942268	0.966353	0.974231	0.926165	0.981241	0.942859	0.908231	0.988769	0.917699	0.898504	0.991930	0.905120
thin4	00786	0.5003	5788830	z	g	0.120523	0.120523	1.000000	0.329999	0.329999	1.000000	0.687053	0.687053	1.000000	0.925738	0.926290	0.999356	0.952787	0.960471	0.991672	0.954441	0.977988	0.975394	0.939497	0.987596	0.950715	0.924840	0.992627	0.931237	0.916900	0.994700	0.921401
thin8	00786	0.5003	5788830	x	V	0.059129	0.059129	1.000000	0.213272	0.213272	1.000000	0.524226	0.524226	1.000000	0.824059	0.824066	0.999989	0.910847	0.912184	0.998394	0.937850	0.945610	0.991326	0.937860	0.970496	0.965385	0.920347	0.980589	0.937426	0.907179	0.984835	0.920031
thin8	00786	0.5003	5788830	x	g	0.051781	0.051781	1.000000	0.205165	0.205165	1.000000	0.531259	0.531259	1.000000	0.844591	0.844662	0.999901	0.930471	0.932556	0.997603	0.951198	0.959389	0.991104	0.951243	0.978881	0.971175	0.937471	0.986140	0.949988	0.927232	0.989228	0.936690
thin8	00786	0.5003	5788830	y	V	0.058155	0.058155	1.000000	0.209760	0.209760	1.000000	0.515593	0.515593	1.000000	0.810503	0.810503	1.000000	0.897490	0.898017	0.999346	0.928472	0.933143	0.994637	0.943660	0.965546	0.976543	0.932656	0.979061	0.951638	0.922618	0.985093	0.935681
thin8	00786	0.5003	5788830	y	g	0.051459	0.051459	1.000000	0.203889	0.203889	1.000000	0.527954	0.527954	1.000000	0.839403	0.839443	0.999943	0.924500	0.926653	0.997494	0.945285	0.953397	0.991080	0.953041	0.976768	0.975145	0.943079	0.986042	0.955839	0.934749	0.990199	0.943478
thin8	00786	0.5003	5788830	z	V	0.058321	0.058321	1.000000	0.210358	0.210358	1.000000	0.517064	0.517064	1.000000	0.812816	0.812816	1.000000	0.900952	0.901055	0.999874	0.933764	0.937187	0.996104	0.941335	0.965689	0.973908	0.930428	0.979265	0.949127	0.918890	0.984457	0.932417
thin8	00786	0.5003	5788830	z	g	0.051478	0.051478	1.000000	0.203964	0.203964	1.000000	0.528149	0.528149	1.000000	0.839801	0.839801	1.000000	0.928253	0.928769	0.999402	0.951212	0.956634	0.994077	0.953760	0.977326	0.975342	0.942997	0.986183	0.955623	0.933551	0.989730	0.942683
POS	00786	0.5003	5910652	x	V	0.791435	0.791435	1.000000	0.901949	0.901949	1.000000	0.963963	0.964022	0.999937	0.976678	0.978294	0.998311	0.979292	0.984833	0.994287	0.978495	0.989091	0.989170	0.976060	0.991821	0.983980	0.972942	0.993694	0.978986	0.969442	0.995103	0.974089	0.965844	0.995957	0.969646	0.962290	0.996976	0.965107	0.959659	0.997892	0.961608	0.957106	0.998297	0.958671	0.949508	0.999038	0.950377	0.944678	0.999290	0.945313
PSF	00786	0.5003	5910652	x	V	0.789757	0.795283	0.991278	0.897805	0.905613	0.990488	0.953319	0.965020	0.987441	0.962781	0.977790	0.984307	0.965054	0.984213	0.980227	0.964477	0.988606	0.975319	0.962291	0.991465	0.970329	0.959397	0.993445	0.965509	0.956083	0.994936	0.960759	0.952689	0.995878	0.956461	0.949224	0.996926	0.952011	0.946602	0.997833	0.948552	0.944121	0.998261	0.945676	0.936647	0.999018	0.937510	0.931876	0.999268	0.932513
POS	00786	0.5003	5910652	x	g	0.811562	0.811562	1.000000	0.919025	0.919025	1.000000	0.972648	0.972738	0.999905	0.982786	0.984509	0.998223	0.984399	0.989303	0.994989	0.983654	0.992435	0.991085	0.981747	0.994414	0.987191	0.979113	0.995680	0.983290	0.976173	0.996660	0.979377	0.973467	0.997235	0.976102	0.970748	0.997924	0.972712	0.968735	0.998567	0.970084	0.966824	0.998848	0.967904	0.961095	0.999354	0.961693	0.957525	0.999523	0.957963
PSF	00786	0.5003	5910652	x	g	0.807321	0.814971	0.988507	0.911571	0.922083	0.987648	0.958964	0.973313	0.984860	0.966963	0.984147	0.982263	0.968373	0.988886	0.979028	0.967701	0.992073	0.975242	0.965880	0.994096	0.971453	0.963492	0.995478	0.967728	0.960718	0.996528	0.963945	0.958172	0.997169	0.960785	0.955535	0.997885	0.957474	0.953546	0.998529	0.954888	0.951693	0.998826	0.952758	0.946060	0.999340	0.946651	0.942539	0.999507	0.942978
POS	00786	0.5003	5910652	y	V	0.795342	0.795342	1.000000	0.906402	0.906402	1.000000	0.968329	0.968582	0.999731	0.979286	0.982008	0.997178	0.980784	0.988012	0.992596	0.977978	0.991268	0.986476	0.974317	0.993380	0.980685	0.970424	0.994857	0.975317	0.966117	0.995845	0.970027	0.962241	0.996550	0.965457	0.957804	0.997097	0.960482	0.954136	0.997455	0.956464	0.951350	0.997727	0.953417	0.943500	0.998304	0.945014	0.938921	0.998676	0.940091
PSF	00786	0.5003	5910652	y	V	0.794494	0.799896	0.991572	0.903031	0.910769	0.990679	0.957422	0.969771	0.986874	0.964854	0.981545	0.982682	0.965850	0.987340	0.977962	0.963386	0.990772	0.972109	0.960071	0.993051	0.966565	0.956443	0.994648	0.961390	0.952392	0.995747	0.956282	0.948610	0.996477	0.951801	0.944264	0.997044	0.946915	0.940677	0.997420	0.942972	0.937933	0.997695	0.939970	0.930219	0.998291	0.931703	0.925687	0.998655	0.926843
POS	00786	0.5003	5910652	y	g	0.813898	0.813898	1.000000	0.921670	0.921670	1.000000	0.974937	0.975280	0.999639	0.983889	0.986474	0.997344	0.985106	0.991081	0.993917	0.983100	0.993582	0.989383	0.980372	0.995146	0.985083	0.977742	0.996416	0.981193	0.974307	0.997140	0.977037	0.971437	0.997629	0.973685	0.968116	0.998002	0.969996	0.965357	0.998250	0.966993	0.963271	0.998435	0.964727	0.957358	0.998831	0.958431	0.953960	0.999085	0.954795
PSF	00786	0.5003	5910652	y	g	0.811133	0.818528	0.988985	0.915664	0.925976	0.987985	0.961764	0.976641	0.984409	0.967838	0.986511	0.980818	0.968371	0.990813	0.977145	0.966396	0.993332	0.972706	0.963894	0.995003	0.968583	0.961186	0.996219	0.964706	0.958008	0.997055	0.960727	0.955209	0.997559	0.957447	0.951985	0.997957	0.953844	0.949290	0.998218	0.950902	0.947240	0.998405	0.948676	0.941443	0.998814	0.942497	0.938092	0.999064	0.938917
POS	00786	0.5003	5910652	z	V	0.789792	0.789792	1.000000	0.900077	0.900077	1.000000	0.962067	0.962074	0.999992	0.976267	0.977081	0.999147	0.980504	0.984431	0.995948	0.979891	0.988777	0.990912	0.977331	0.991440	0.985648	0.974237	0.993325	0.980657	0.970108	0.994406	0.975431	0.966466	0.995236	0.970959	0.962294	0.995927	0.966096	0.959043	0.996511	0.962274	0.956466	0.996899	0.959320	0.949222	0.997821	0.951194	0.944759	0.998268	0.946311
PSF	00786	0.5003	5910652	z	V	0.789199	0.794410	0.991757	0.897160	0.904587	0.990932	0.952513	0.963849	0.987803	0.962020	0.976626	0.984692	0.965257	0.983539	0.981107	0.965105	0.988147	0.976409	0.963082	0.991088	0.971496	0.960247	0.993097	0.966699	0.956292	0.994247	0.961614	0.952764	0.995115	0.957241	0.948705	0.995840	0.952480	0.945509	0.996433	0.948720	0.942989	0.996835	0.945821	0.935889	0.997786	0.937837	0.931496	0.998240	0.933029
POS	00786	0.5003	5910652	z	g	0.810683	0.810683	1.000000	0.918029	0.918029	1.000000	0.971760	0.971768	0.999991	0.983029	0.984102	0.998893	0.985414	0.989282	0.996048	0.984398	0.992275	0.992000	0.982180	0.994095	0.987945	0.979617	0.995396	0.984076	0.976211	0.996135	0.979923	0.973486	0.996698	0.976635	0.970367	0.997178	0.973040	0.967898	0.997580	0.970176	0.965964	0.997846	0.967982	0.960499	0.998486	0.961900	0.957202	0.998797	0.958306
PSF	00786	0.5003	5910652	z	g	0.808017	0.815119	0.989331	0.912345	0.922202	0.988420	0.959297	0.973170	0.985357	0.966580	0.983628	0.982384	0.968453	0.988604	0.979386	0.967835	0.991817	0.975625	0.966029	0.993846	0.971842	0.963632	0.995223	0.968110	0.960366	0.996012	0.964073	0.957736	0.996607	0.960869	0.954698	0.997106	0.957351	0.952275	0.997515	0.954540	0.950388	0.997792	0.952391	0.945052	0.998459	0.946433	0.941814	0.998776	0.942902
thin2	00786	0.5003	5910652	x	V	0.632567	0.632567	1.000000	0.856634	0.856634	1.000000	0.939742	0.939742	1.000000	0.977900	0.980933	0.996848	0.978393	0.988855	0.989302	0.974032	0.992901	0.980863	0.966403	0.996038	0.970132	0.958928	0.998068	0.960711	0.955314	0.998663	0.956537
thin2	00786	0.5003	5910652	x	g	0.642119	0.642119	1.000000	0.877165	0.877165	1.000000	0.951714	0.951714	1.000000	0.983292	0.986240	0.996969	0.983486	0.992216	0.991133	0.980118	0.995117	0.984855	0.973831	0.997295	0.976410	0.968151	0.998688	0.969384	0.965350	0.999095	0.966195
thin2	00786	0.5003	5910652	y	V	0.635787	0.635787	1.000000	0.860995	0.860995	1.000000	0.944526	0.944526	1.000000	0.980741	0.984852	0.995762	0.978188	0.991266	0.986692	0.971648	0.994208	0.977180	0.962372	0.996485	0.965650	0.953157	0.997574	0.955372	0.949052	0.997893	0.950958
thin2	00786	0.5003	5910652	y	g	0.644030	0.644030	1.000000	0.879775	0.879775	1.000000	0.954545	0.954546	1.000000	0.984968	0.988548	0.996337	0.983081	0.993486	0.989458	0.978259	0.995649	0.982458	0.971472	0.997568	0.973779	0.964586	0.998322	0.966153	0.961438	0.998539	0.962792
thin2	00786	0.5003	5910652	z	V	0.631196	0.631196	1.000000	0.854778	0.854778	1.000000	0.937706	0.937706	1.000000	0.978175	0.980018	0.998081	0.980005	0.988606	0.991201	0.975712	0.992684	0.982779	0.967008	0.995262	0.971480	0.958222	0.996592	0.961373	0.954599	0.997176	0.957187
thin2	00786	0.5003	5910652	z	g	0.641311	0.641311	1.000000	0.876061	0.876061	1.000000	0.950516	0.950516	1.000000	0.983993	0.985977	0.997959	0.984547	0.992130	0.992297	0.980965	0.994921	0.985902	0.973921	0.996707	0.977064	0.967338	0.997624	0.969572	0.964535	0.998027	0.966378
thin4	00786	0.5003	5910652	x	V	0.405702	0.405702	1.000000	0.765004	0.765004	1.000000	0.911826	0.911826	1.000000	0.967041	0.967183	0.999848	0.978313	0.981613	0.996576	0.978128	0.987301	0.990590	0.974146	0.993049	0.980833	0.967343	0.995612	0.971485	0.962837	0.997144	0.965500
thin4	00786	0.5003	5910652	x	g	0.401171	0.401171	1.000000	0.782928	0.782928	1.000000	0.928290	0.928290	1.000000	0.975796	0.976028	0.999756	0.983525	0.986685	0.996754	0.983241	0.990980	0.992120	0.980205	0.995198	0.984864	0.974417	0.996969	0.977312	0.970941	0.998027	0.972808
thin4	00786	0.5003	5910652	y	V	0.407738	0.407738	1.000000	0.768842	0.768842	1.000000	0.916400	0.916400	1.000000	0.971274	0.971722	0.999525	0.980417	0.985125	0.995148	0.979495	0.990473	0.988812	0.971719	0.994298	0.977164	0.963767	0.996262	0.967266	0.957481	0.996845	0.960392
thin4	00786	0.5003	5910652	y	g	0.402253	0.402253	1.000000	0.785041	0.785041	1.000000	0.930795	0.930795	1.000000	0.977825	0.978357	0.999445	0.984275	0.988389	0.995789	0.984004	0.992704	0.991172	0.978181	0.995507	0.982519	0.972649	0.997410	0.975112	0.967932	0.997817	0.969986
thin4	00786	0.5003	5910652	z	V	0.404729	0.404729	1.000000	0.763168	0.763168	1.000000	0.909637	0.909637	1.000000	0.964932	0.964970	0.999959	0.978796	0.980689	0.998033	0.981354	0.987760	0.993435	0.975727	0.992665	0.982813	0.968603	0.995061	0.973283	0.962829	0.995924	0.966639
thin4	00786	0.5003	5910652	z	g	0.400563	0.400563	1.000000	0.781741	0.781741	1.000000	0.926882	0.926882	1.000000	0.974617	0.974700	0.999912	0.984924	0.986647	0.998230	0.985867	0.991561	0.994209	0.981110	0.994903	0.986067	0.975129	0.996574	0.978409	0.970771	0.997172	0.973451
thin8	00786	0.5003	5910652	x	V	0.148471	0.148471	1.000000	0.584931	0.584931	1.000000	0.873758	0.873758	1.000000	0.942960	0.942960	1.000000	0.966277	0.966518	0.999742	0.977463	0.979911	0.997450	0.978601	0.987785	0.990588	0.974939	0.992488	0.982187	0.970198	0.994238	0.975683
thin8	00786	0.5003	5910652	x	g	0.125204	0.125204	1.000000	0.586795	0.586795	1.000000	0.894455	0.894455	1.000000	0.955312	0.955312	1.000000	0.974832	0.975220	0.999592	0.982977	0.985414	0.997490	0.983705	0.991467	0.992104	0.980823	0.994878	0.985802	0.976021	0.996066	0.979798
thin8	00786	0.5003	5910652	y	V	0.149167	0.149167	1.000000	0.587672	0.587672	1.000000	0.877852	0.877852	1.000000	0.947379	0.947379	1.000000	0.970389	0.970836	0.999525	0.979771	0.983358	0.996290	0.979491	0.990551	0.988729	0.973350	0.994004	0.979099	0.967626	0.995247	0.972118
thin8	00786	0.5003	5910652	y	g	0.125489	0.125489	1.000000	0.588133	0.588133	1.000000	0.896495	0.896495	1.000000	0.957491	0.957491	1.000000	0.976785	0.977308	0.999453	0.983661	0.986877	0.996698	0.983659	0.992574	0.990952	0.978861	0.995010	0.983690	0.975000	0.996683	0.978174
thin8	00786	0.5003	5910652	z	V	0.148090	0.148090	1.000000	0.583426	0.583426	1.000000	0.871510	0.871510	1.000000	0.940535	0.940535	1.000000	0.964199	0.964239	0.999957	0.976735	0.978293	0.998371	0.980445	0.987455	0.992811	0.976631	0.992075	0.984310	0.972158	0.993965	0.977930
thin8	00786	0.5003	5910652	z	g	0.124977	0.124977	1.000000	0.585733	0.585733	1.000000	0.892836	0.892836	1.000000	0.953583	0.953583	1.000000	0.973598	0.973723	0.999868	0.983187	0.984634	0.998508	0.985234	0.991345	0.993782	0.981878	0.994512	0.987227	0.977311	0.995822	0.981335
POS	00786	0.5003	5967233	x	V	0.852286	0.852286	1.000000	0.928877	0.928877	1.000000	0.976090	0.976091	0.999999	0.985965	0.986329	0.999626	0.989577	0.991155	0.998393	0.988619	0.993714	0.994840	0.980071	0.995181	0.984745	0.972911	0.996207	0.976528	0.968172	0.996898	0.971097	0.963943	0.997384	0.966387	0.960808	0.997935	0.962722	0.958732	0.998252	0.960344	0.956201	0.998469	0.957605	0.950658	0.999116	0.951458	0.948032	0.999481	0.948498
PSF	00786	0.5003	5967233	x	V	0.849567	0.853548	0.994540	0.925348	0.930159	0.994441	0.971308	0.977021	0.994016	0.979728	0.986584	0.992957	0.982482	0.991004	0.991323	0.981437	0.993523	0.987756	0.973108	0.995076	0.977817	0.966071	0.996143	0.969699	0.961392	0.996850	0.964321	0.957236	0.997360	0.959667	0.954122	0.997913	0.956030	0.952065	0.998234	0.953671	0.949576	0.998465	0.950965	0.944074	0.999115	0.944863	0.941453	0.999474	0.941919
POS	00786	0.5003	5967233	x	g	0.873765	0.873765	1.000000	0.944921	0.944921	1.000000	0.984144	0.984147	0.999997	0.990858	0.991253	0.999597	0.992785	0.994381	0.998385	0.991026	0.996083	0.994903	0.981797	0.997027	0.984680	0.974834	0.997697	0.977033	0.970857	0.998135	0.972621	0.967660	0.998431	0.969134	0.965420	0.998755	0.966583	0.963976	0.998944	0.964959	0.961886	0.999073	0.962745	0.957712	0.999466	0.958203	0.955933	0.999689	0.956218
PSF	00786	0.5003	5967233	x	g	0.869276	0.874951	0.992594	0.939338	0.946083	0.992467	0.977084	0.984870	0.991974	0.982516	0.991383	0.990979	0.983966	0.994290	0.989557	0.982183	0.995979	0.986093	0.973134	0.996977	0.976013	0.966243	0.997656	0.968442	0.962305	0.998098	0.964072	0.959174	0.998414	0.960637	0.956954	0.998741	0.958110	0.955527	0.998932	0.956503	0.953469	0.999070	0.954316	0.949333	0.999465	0.949815	0.947560	0.999683	0.947844
POS	00786	0.5003	5967233	y	V	0.840244	0.840244	1.000000	0.915753	0.915753	1.000000	0.962285	0.962293	0.999991	0.972082	0.972414	0.999648	0.975909	0.977299	0.998545	0.978520	0.981604	0.996800	0.978640	0.987384	0.991032	0.978458	0.991949	0.986290	0.976320	0.993978	0.982129	0.973613	0.995260	0.978148	0.970462	0.995811	0.974441	0.968409	0.996146	0.972051	0.967124	0.997025	0.969924	0.962740	0.998309	0.964313	0.959855	0.998550	0.961195
PSF	00786	0.5003	5967233	y	V	0.838963	0.842810	0.994589	0.913879	0.918495	0.994530	0.959222	0.964739	0.994074	0.967623	0.974219	0.993052	0.970935	0.978875	0.991715	0.973156	0.983010	0.989804	0.972446	0.988396	0.983676	0.971335	0.992504	0.978514	0.969007	0.994436	0.974290	0.966098	0.995608	0.970233	0.962936	0.996143	0.966540	0.960906	0.996484	0.964175	0.959306	0.997194	0.961902	0.954601	0.998293	0.956161	0.951739	0.998535	0.953070
POS	00786	0.5003	5967233	y	g	0.859061	0.859061	1.000000	0.929019	0.929019	1.000000	0.967494	0.967539	0.999951	0.973862	0.974406	0.999428	0.976176	0.977683	0.998423	0.978692	0.981484	0.997102	0.980299	0.987823	0.992290	0.981937	0.992850	0.988929	0.980932	0.994812	0.985976	0.979429	0.995986	0.983310	0.977353	0.996403	0.980813	0.975982	0.996635	0.979209	0.975497	0.997606	0.977786	0.972954	0.998871	0.974025	0.971019	0.999025	0.971940
PSF	00786	0.5003	5967233	y	g	0.855947	0.861395	0.992664	0.925045	0.931476	0.992592	0.962205	0.969650	0.992084	0.967564	0.976059	0.991086	0.969572	0.979207	0.989953	0.971783	0.982884	0.988512	0.972706	0.988916	0.983428	0.973404	0.993494	0.979649	0.972136	0.995326	0.976594	0.970336	0.996345	0.973802	0.968240	0.996745	0.971312	0.966887	0.996980	0.969726	0.966029	0.997758	0.968130	0.963206	0.998869	0.964257	0.961296	0.999027	0.962197
POS	00786	0.5003	5967233	z	V	0.830992	0.830992	1.000000	0.905670	0.905670	1.000000	0.951704	0.951704	1.000000	0.962010	0.962027	0.999982	0.967505	0.967722	0.999768	0.972085	0.972985	0.999049	0.979592	0.982441	0.997049	0.983832	0.989204	0.994511	0.984033	0.992409	0.991496	0.982803	0.994444	0.988229	0.981142	0.995769	0.985249	0.979885	0.996523	0.983246	0.978306	0.997254	0.980948	0.973793	0.998491	0.975228	0.971334	0.998971	0.972307
PSF	00786	0.5003	5967233	z	V	0.829353	0.833097	0.994610	0.903423	0.907914	0.994554	0.948586	0.953795	0.994275	0.958072	0.963766	0.993871	0.962798	0.969106	0.993285	0.966814	0.974117	0.992305	0.972762	0.982839	0.989570	0.976543	0.989410	0.986857	0.976513	0.992511	0.983761	0.975134	0.994474	0.980447	0.973439	0.995779	0.977472	0.972194	0.996537	0.975489	0.970616	0.997265	0.973206	0.966109	0.998492	0.967521	0.963656	0.998966	0.964618
POS	00786	0.5003	5967233	z	g	0.852797	0.852797	1.000000	0.922245	0.922245	1.000000	0.960508	0.960520	0.999987	0.967590	0.967720	0.999861	0.971230	0.971652	0.999552	0.975069	0.976102	0.998917	0.983013	0.985604	0.997333	0.987649	0.992119	0.995459	0.988287	0.994907	0.993312	0.987371	0.996381	0.990925	0.986258	0.997296	0.988902	0.985393	0.997792	0.987546	0.983915	0.998256	0.985609	0.980441	0.999051	0.981355	0.978801	0.999364	0.979411
PSF	00786	0.5003	5967233	z	g	0.849485	0.854830	0.992693	0.918079	0.924383	0.992627	0.955307	0.962441	0.992300	0.961659	0.969328	0.991840	0.964782	0.973029	0.991291	0.968176	0.977288	0.990461	0.974535	0.986061	0.988148	0.978658	0.992367	0.986081	0.978954	0.994996	0.983797	0.977898	0.996401	0.981364	0.976759	0.997302	0.979347	0.975901	0.997800	0.978006	0.974441	0.998267	0.976092	0.970970	0.999050	0.971867	0.969333	0.999359	0.969937
thin2	00786	0.5003	5967233	x	V	0.784093	0.784093	1.000000	0.893407	0.893407	1.000000	0.959616	0.959616	1.000000	0.987939	0.988588	0.999336	0.988914	0.993765	0.995088	0.974391	0.995778	0.978433	0.964342	0.997365	0.966805	0.957473	0.998337	0.959003	0.954184	0.998672	0.955396
thin2	00786	0.5003	5967233	x	g	0.809662	0.809662	1.000000	0.912677	0.912677	1.000000	0.971386	0.971386	1.000000	0.992042	0.992748	0.999284	0.991408	0.996166	0.995205	0.976033	0.997413	0.978510	0.968170	0.998413	0.969662	0.962798	0.998993	0.963733	0.960402	0.999192	0.961149
thin2	00786	0.5003	5967233	y	V	0.773052	0.773052	1.000000	0.880827	0.880827	1.000000	0.946104	0.946104	1.000000	0.973889	0.974593	0.999258	0.978362	0.981451	0.996793	0.979339	0.991242	0.987886	0.973166	0.994826	0.978116	0.968285	0.996854	0.971254	0.965499	0.997467	0.967872
thin2	00786	0.5003	5967233	y	g	0.796109	0.796109	1.000000	0.897400	0.897400	1.000000	0.955125	0.955125	1.000000	0.975007	0.975907	0.999055	0.978448	0.981298	0.997041	0.982266	0.992171	0.989939	0.978805	0.995430	0.983223	0.976124	0.997419	0.978596	0.974424	0.997992	0.976338
thin2	00786	0.5003	5967233	z	V	0.764545	0.764545	1.000000	0.871133	0.871133	1.000000	0.935692	0.935692	1.000000	0.964421	0.964501	0.999915	0.971854	0.972800	0.999000	0.983283	0.987780	0.995391	0.982331	0.994006	0.988185	0.978836	0.996756	0.981965	0.976844	0.997792	0.978960
thin2	00786	0.5003	5967233	z	g	0.790317	0.790317	1.000000	0.890871	0.890871	1.000000	0.948177	0.948177	1.000000	0.969251	0.969484	0.999752	0.974856	0.975939	0.998862	0.987237	0.991075	0.996092	0.986873	0.995902	0.990898	0.984259	0.997930	0.986272	0.982719	0.998591	0.984083
thin4	00786	0.5003	5967233	x	V	0.674299	0.674299	1.000000	0.839114	0.839114	1.000000	0.937538	0.937538	1.000000	0.976843	0.976844	0.999999	0.987379	0.988040	0.999323	0.989687	0.992606	0.997037	0.977663	0.995506	0.981997	0.966118	0.996838	0.969088	0.962582	0.997636	0.964783
thin4	00786	0.5003	5967233	x	g	0.701617	0.701617	1.000000	0.859738	0.859738	1.000000	0.952640	0.952640	1.000000	0.984419	0.984423	0.999995	0.991520	0.992227	0.999282	0.992590	0.995253	0.997312	0.979872	0.997059	0.982712	0.969410	0.997905	0.971388	0.967009	0.998577	0.968344
thin4	00786	0.5003	5967233	y	V	0.664711	0.664711	1.000000	0.827183	0.827183	1.000000	0.924207	0.924207	1.000000	0.962896	0.962925	0.999968	0.973226	0.973929	0.999259	0.976475	0.978908	0.997461	0.978265	0.988688	0.989338	0.974600	0.994051	0.980317	0.971965	0.995320	0.976427
thin4	00786	0.5003	5967233	y	g	0.689809	0.689809	1.000000	0.845268	0.845268	1.000000	0.936607	0.936607	1.000000	0.967730	0.967794	0.999932	0.974528	0.975367	0.999118	0.976521	0.978803	0.997618	0.980896	0.989129	0.991585	0.979626	0.994661	0.984805	0.978054	0.995761	0.982143
thin4	00786	0.5003	5967233	z	V	0.657915	0.657915	1.000000	0.818726	0.818726	1.000000	0.914758	0.914758	1.000000	0.953111	0.953111	1.000000	0.964515	0.964599	0.999909	0.970098	0.970723	0.999337	0.980290	0.984664	0.995489	0.982769	0.993115	0.989510	0.981393	0.995031	0.986226
thin4	00786	0.5003	5967233	z	g	0.685333	0.685333	1.000000	0.839784	0.839784	1.000000	0.930530	0.930530	1.000000	0.961534	0.961556	0.999975	0.969454	0.969671	0.999769	0.973186	0.973969	0.999175	0.983608	0.987299	0.996214	0.987159	0.995254	0.991827	0.986393	0.996769	0.989557
thin8	00786	0.5003	5967233	x	V	0.491657	0.491657	1.000000	0.760851	0.760851	1.000000	0.904949	0.904949	1.000000	0.960678	0.960678	1.000000	0.976570	0.976570	1.000000	0.986766	0.987101	0.999656	0.990042	0.992747	0.997256	0.985305	0.995025	0.990183	0.973978	0.996307	0.977507
thin8	00786	0.5003	5967233	x	g	0.513686	0.513686	1.000000	0.784999	0.784999	1.000000	0.922985	0.922985	1.000000	0.971958	0.971958	1.000000	0.984423	0.984431	0.999992	0.991418	0.991797	0.999615	0.992927	0.995378	0.997526	0.987978	0.996789	0.991133	0.976598	0.997719	0.978783
thin8	00786	0.5003	5967233	y	V	0.484709	0.484709	1.000000	0.750100	0.750100	1.000000	0.892162	0.892162	1.000000	0.947103	0.947103	1.000000	0.962749	0.962760	0.999989	0.972628	0.973052	0.999552	0.976479	0.978916	0.997457	0.977339	0.983938	0.993185	0.975835	0.990156	0.985395
thin8	00786	0.5003	5967233	y	g	0.505039	0.505039	1.000000	0.771784	0.771784	1.000000	0.907447	0.907447	1.000000	0.955596	0.955596	1.000000	0.967800	0.967833	0.999965	0.974346	0.974904	0.999413	0.976507	0.978751	0.997658	0.978096	0.983377	0.994539	0.978846	0.990392	0.988230
thin8	00786	0.5003	5967233	z	V	0.479841	0.479841	1.000000	0.742566	0.742566	1.000000	0.883201	0.883201	1.000000	0.937591	0.937591	1.000000	0.953098	0.953099	0.999998	0.963634	0.963671	0.999960	0.970044	0.970788	0.999211	0.975778	0.978228	0.997439	0.982014	0.988318	0.993546
thin8	00786	0.5003	5967233	z	g	0.501973	0.501973	1.000000	0.767099	0.767099	1.000000	0.901938	0.901938	1.000000	0.949795	0.949795	1.000000	0.961957	0.961973	0.999982	0.969239	0.969395	0.999835	0.973331	0.974200	0.999084	0.978285	0.980505	0.997691	0.985763	0.990896	0.994773
POS	00786	0.5003	6576978	x	V	0.326808	0.326808	1.000000	0.497607	0.497607	1.000000	0.787804	0.787804	1.000000	0.866926	0.866932	0.999992	0.908830	0.908955	0.999850	0.933756	0.934451	0.999204	0.955649	0.957244	0.998260	0.967375	0.969865	0.997353	0.972461	0.977366	0.994866	0.973967	0.980705	0.992995	0.973261	0.983141	0.989780	0.978464	0.990279	0.987953	0.979387	0.991961	0.987223	0.978735	0.996225	0.982379	0.977624	0.997486	0.980039
PSF	00786	0.5003	6576978	x	V	0.328563	0.329238	0.993798	0.499622	0.501226	0.993637	0.788156	0.792765	0.992677	0.864977	0.871404	0.991545	0.904196	0.912444	0.990102	0.927229	0.937236	0.988616	0.945602	0.958466	0.986005	0.955913	0.970511	0.984508	0.960350	0.977761	0.981795	0.961609	0.981005	0.979853	0.960603	0.983297	0.976538	0.965483	0.990352	0.974651	0.966209	0.991948	0.973847	0.965466	0.996188	0.969046	0.964325	0.997435	0.966723
POS	00786	0.5003	6576978	x	g	0.325694	0.325694	1.000000	0.480209	0.480209	1.000000	0.780621	0.780621	1.000000	0.863446	0.863451	0.999993	0.905921	0.906048	0.999845	0.930647	0.931254	0.999301	0.953008	0.954318	0.998562	0.964987	0.966903	0.997950	0.971534	0.974659	0.996711	0.975023	0.978718	0.996143	0.979229	0.983510	0.995575	0.985730	0.990690	0.994947	0.987085	0.992390	0.994613	0.988054	0.996552	0.991443	0.987286	0.997714	0.989524
PSF	00786	0.5003	6576978	x	g	0.327525	0.328405	0.991886	0.482186	0.484132	0.991733	0.780758	0.786370	0.990942	0.861432	0.868992	0.990002	0.901688	0.910942	0.988858	0.924890	0.935682	0.987684	0.944597	0.957680	0.985744	0.955318	0.969794	0.984616	0.960467	0.976936	0.982752	0.962913	0.980513	0.981700	0.965142	0.984351	0.980181	0.970516	0.991057	0.979090	0.971540	0.992612	0.978617	0.972026	0.996565	0.975294	0.971199	0.997700	0.973378
POS	00786	0.5003	6576978	y	V	0.332477	0.332477	1.000000	0.506240	0.506240	1.000000	0.801471	0.801471	1.000000	0.881877	0.881925	0.999939	0.923856	0.924339	0.999434	0.947749	0.949535	0.998019	0.965371	0.970370	0.994692	0.973463	0.981280	0.991883	0.979021	0.989129	0.989670	0.978242	0.991354	0.986660	0.976225	0.993168	0.982825	0.969973	0.994479	0.975224	0.969247	0.995325	0.973680	0.963835	0.997136	0.966511	0.962560	0.998315	0.964127
PSF	00786	0.5003	6576978	y	V	0.334545	0.335143	0.994694	0.508656	0.510128	0.994359	0.801141	0.806063	0.992436	0.878254	0.885520	0.990743	0.917190	0.926788	0.988835	0.938765	0.951064	0.986412	0.954331	0.971073	0.982255	0.960983	0.981359	0.978851	0.966046	0.989040	0.976500	0.965308	0.991295	0.973560	0.963289	0.993107	0.969773	0.957076	0.994403	0.962260	0.956380	0.995265	0.960751	0.951051	0.997094	0.953694	0.949796	0.998282	0.951351
POS	00786	0.5003	6576978	y	g	0.332112	0.332112	1.000000	0.489673	0.489673	1.000000	0.796005	0.796005	1.000000	0.880355	0.880411	0.999928	0.923393	0.923707	0.999632	0.947719	0.948961	0.998621	0.967821	0.971119	0.996503	0.977689	0.982778	0.994731	0.983622	0.990329	0.993162	0.982918	0.992313	0.990460	0.980810	0.993952	0.986699	0.975273	0.995058	0.980020	0.974776	0.995830	0.978771	0.970619	0.997385	0.973095	0.969939	0.998600	0.971260
PSF	00786	0.5003	6576978	y	g	0.333658	0.334461	0.992858	0.491176	0.492990	0.992564	0.794320	0.800110	0.990971	0.875733	0.883831	0.989645	0.916073	0.926210	0.988194	0.938576	0.950825	0.986461	0.956277	0.972017	0.983348	0.964363	0.982902	0.980816	0.969749	0.990266	0.979083	0.969134	0.992305	0.976472	0.967057	0.993956	0.972777	0.961570	0.995056	0.966187	0.961095	0.995841	0.964968	0.956987	0.997402	0.959378	0.956305	0.998620	0.957571
POS	00786	0.5003	6576978	z	V	0.329760	0.329760	1.000000	0.502102	0.502102	1.000000	0.794920	0.794920	1.000000	0.874769	0.874769	1.000000	0.916989	0.917139	0.999822	0.942571	0.943091	0.999415	0.964755	0.966139	0.998517	0.975329	0.978239	0.996959	0.979591	0.985377	0.994041	0.981400	0.988901	0.992330	0.984349	0.993236	0.990992	0.979695	0.995389	0.984161	0.979413	0.996465	0.982828	0.973789	0.998193	0.975509	0.971312	0.998749	0.972495
PSF	00786	0.5003	6576978	z	V	0.331759	0.332361	0.994565	0.504396	0.505882	0.994209	0.795816	0.800138	0.993258	0.873700	0.879664	0.992300	0.913432	0.921147	0.990915	0.936898	0.946276	0.989533	0.955585	0.967778	0.986987	0.963817	0.978812	0.984354	0.967393	0.985671	0.981192	0.968847	0.989046	0.979355	0.971506	0.993280	0.977934	0.966853	0.995416	0.971177	0.966522	0.996471	0.969841	0.960876	0.998161	0.962581	0.958422	0.998715	0.959605
POS	00786	0.5003	6576978	z	g	0.329727	0.329727	1.000000	0.486157	0.486157	1.000000	0.790288	0.790288	1.000000	0.874151	0.874151	1.000000	0.917160	0.917280	0.999857	0.942703	0.943064	0.999594	0.965335	0.966412	0.998847	0.976561	0.978699	0.997768	0.982148	0.986032	0.996005	0.984436	0.989516	0.994812	0.987806	0.993923	0.993808	0.984331	0.996098	0.988141	0.984286	0.997102	0.987110	0.980100	0.998662	0.981388	0.977964	0.999126	0.978802
PSF	00786	0.5003	6576978	z	g	0.331264	0.332068	0.992747	0.487637	0.489455	0.992438	0.789731	0.795018	0.991650	0.871647	0.878698	0.990878	0.912451	0.921145	0.989762	0.936200	0.946299	0.988730	0.955928	0.968433	0.986672	0.964974	0.979753	0.984609	0.969288	0.986520	0.982298	0.971047	0.989772	0.980890	0.974130	0.994087	0.979807	0.970568	0.996208	0.974167	0.970460	0.997185	0.973125	0.966134	0.998653	0.967395	0.963998	0.999104	0.964832
thin2	00786	0.5003	6576978	x	V	0.224553	0.224553	1.000000	0.401343	0.401343	1.000000	0.640265	0.640265	1.000000	0.888547	0.888569	0.999972	0.941545	0.942172	0.999293	0.963474	0.965430	0.997902	0.974499	0.981297	0.992941	0.979470	0.991081	0.988181	0.980993	0.994064	0.986773
thin2	00786	0.5003	6576978	x	g	0.228093	0.228093	1.000000	0.393906	0.393906	1.000000	0.622514	0.622514	1.000000	0.885997	0.886021	0.999970	0.939406	0.939976	0.999355	0.961079	0.962692	0.998259	0.975843	0.979530	0.996158	0.986523	0.991409	0.995030	0.988743	0.994388	0.994291
thin2	00786	0.5003	6576978	y	V	0.228421	0.228421	1.000000	0.408256	0.408256	1.000000	0.651294	0.651294	1.000000	0.903577	0.903731	0.999812	0.953791	0.956372	0.997178	0.972133	0.978045	0.993821	0.977796	0.991392	0.986169	0.969548	0.994488	0.974787	0.967275	0.995530	0.971494
thin2	00786	0.5003	6576978	y	g	0.232473	0.232473	1.000000	0.401470	0.401470	1.000000	0.634468	0.634468	1.000000	0.902818	0.902934	0.999858	0.955505	0.957040	0.998325	0.975075	0.978933	0.995974	0.982336	0.992175	0.990006	0.975105	0.995046	0.979862	0.973201	0.995939	0.977079
thin2	00786	0.5003	6576978	z	V	0.226489	0.226489	1.000000	0.404803	0.404803	1.000000	0.645785	0.645785	1.000000	0.896178	0.896215	0.999954	0.949754	0.950345	0.999345	0.972112	0.973931	0.998083	0.982014	0.989337	0.992519	0.980220	0.995744	0.984344	0.978391	0.997027	0.981254
thin2	00786	0.5003	6576978	z	g	0.230806	0.230806	1.000000	0.398591	0.398591	1.000000	0.629917	0.629917	1.000000	0.896515	0.896548	0.999959	0.950844	0.951295	0.999502	0.973234	0.974519	0.998647	0.984812	0.989868	0.994840	0.984663	0.996346	0.988231	0.983504	0.997629	0.985808
thin4	00786	0.5003	6576978	x	V	0.148211	0.148211	1.000000	0.297995	0.297995	1.000000	0.517995	0.517995	1.000000	0.822892	0.822892	1.000000	0.892064	0.892108	0.999944	0.927242	0.927686	0.999485	0.963483	0.965574	0.997757	0.973808	0.978256	0.995352	0.974045	0.982565	0.991177
thin4	00786	0.5003	6576978	x	g	0.153022	0.153022	1.000000	0.298625	0.298625	1.000000	0.497613	0.497613	1.000000	0.820432	0.820432	1.000000	0.889895	0.889934	0.999951	0.924078	0.924491	0.999518	0.960770	0.962382	0.998260	0.971826	0.974806	0.996864	0.977951	0.981786	0.996022
thin4	00786	0.5003	6576978	y	V	0.150641	0.150641	1.000000	0.302881	0.302881	1.000000	0.526489	0.526489	1.000000	0.836385	0.836385	1.000000	0.906319	0.906541	0.999730	0.940621	0.941959	0.998492	0.971155	0.977292	0.993575	0.978159	0.988434	0.989484	0.975714	0.991444	0.984000
thin4	00786	0.5003	6576978	y	g	0.155837	0.155837	1.000000	0.304120	0.304120	1.000000	0.506769	0.506769	1.000000	0.835529	0.835529	1.000000	0.906033	0.906186	0.999815	0.940041	0.940969	0.998952	0.973612	0.977651	0.995775	0.982360	0.989053	0.993158	0.980116	0.991862	0.988062
thin4	00786	0.5003	6576978	z	V	0.149448	0.149448	1.000000	0.300482	0.300482	1.000000	0.522319	0.522319	1.000000	0.829761	0.829761	1.000000	0.899390	0.899492	0.999874	0.935238	0.935564	0.999628	0.972313	0.974043	0.998177	0.980139	0.985529	0.994451	0.983593	0.991524	0.991934
thin4	00786	0.5003	6576978	z	g	0.154855	0.154855	1.000000	0.302204	0.302204	1.000000	0.503576	0.503576	1.000000	0.830264	0.830264	1.000000	0.900473	0.900553	0.999901	0.935559	0.935782	0.999745	0.973057	0.974317	0.998673	0.982052	0.985787	0.996156	0.985973	0.991706	0.994171
thin8	00786	0.5003	6576978	x	V	0.090971	0.090971	1.000000	0.195554	0.195554	1.000000	0.422166	0.422166	1.000000	0.676791	0.676791	1.000000	0.819442	0.819442	1.000000	0.880002	0.880013	0.999986	0.926326	0.926820	0.999425	0.959099	0.961630	0.997263	0.969712	0.973114	0.996407
thin8	00786	0.5003	6576978	x	g	0.096979	0.096979	1.000000	0.198028	0.198028	1.000000	0.411097	0.411097	1.000000	0.662668	0.662668	1.000000	0.815870	0.815870	1.000000	0.876565	0.876575	0.999986	0.922580	0.922972	0.999540	0.956699	0.958498	0.998041	0.967308	0.969604	0.997558
thin8	00786	0.5003	6576978	y	V	0.092508	0.092508	1.000000	0.198858	0.198858	1.000000	0.429298	0.429298	1.000000	0.688226	0.688226	1.000000	0.833287	0.833287	1.000000	0.894874	0.894883	0.999988	0.941118	0.942041	0.998960	0.970121	0.975262	0.994595	0.977753	0.985351	0.992175
thin8	00786	0.5003	6576978	y	g	0.098899	0.098899	1.000000	0.201948	0.201948	1.000000	0.419234	0.419234	1.000000	0.675784	0.675784	1.000000	0.832019	0.832019	1.000000	0.893858	0.893896	0.999953	0.940369	0.941001	0.999286	0.972157	0.975722	0.996256	0.980621	0.985867	0.994603
thin8	00786	0.5003	6576978	z	V	0.091716	0.091716	1.000000	0.197155	0.197155	1.000000	0.425623	0.425623	1.000000	0.682333	0.682333	1.000000	0.826152	0.826152	1.000000	0.887186	0.887208	0.999973	0.934135	0.934527	0.999551	0.967446	0.969767	0.997532	0.976769	0.980648	0.995966
thin8	00786	0.5003	6576978	z	g	0.098149	0.098149	1.000000	0.200417	0.200417	1.000000	0.416056	0.416056	1.000000	0.670662	0.670662	1.000000	0.825712	0.825712	1.000000	0.887135	0.887148	0.999984	0.933926	0.934220	0.999663	0.968824	0.970369	0.998359	0.978476	0.981061	0.997314
POS	00786	0.5003	6749803	x	V	0.825572	0.825572	1.000000	0.905118	0.905118	1.000000	0.968767	0.970473	0.998189	0.973009	0.982331	0.990342	0.970330	0.987949	0.981953	0.965217	0.991393	0.973373	0.955189	0.993370	0.961318	0.949682	0.994870	0.954356	0.944385	0.995836	0.948130	0.939695	0.996558	0.942756	0.934713	0.997089	0.937270	0.927894	0.997490	0.930066	0.924429	0.997832	0.926289	0.911113	0.998497	0.912364	0.905552	0.998749	0.906580
PSF	00786	0.5003	6749803	x	V	0.825028	0.829882	0.992961	0.902218	0.908893	0.991925	0.955474	0.969528	0.985055	0.959681	0.981461	0.977398	0.957624	0.987417	0.969455	0.952920	0.991062	0.961181	0.943306	0.993203	0.949435	0.937938	0.994750	0.942604	0.932781	0.995763	0.936498	0.928166	0.996499	0.931203	0.923245	0.997034	0.925788	0.916536	0.997451	0.918688	0.913130	0.997805	0.914968	0.899981	0.998476	0.901219	0.894489	0.998730	0.895507
POS	00786	0.5003	6749803	x	g	0.855278	0.855278	1.000000	0.924896	0.924896	1.000000	0.975709	0.978801	0.996773	0.976756	0.987264	0.989221	0.973947	0.991356	0.982289	0.969397	0.993808	0.975287	0.958970	0.995237	0.963391	0.954517	0.996410	0.957811	0.950122	0.997098	0.952757	0.946352	0.997639	0.948477	0.942426	0.998018	0.944193	0.937097	0.998289	0.938605	0.934354	0.998529	0.935642	0.923471	0.998978	0.924345	0.919085	0.999147	0.919806
PSF	00786	0.5003	6749803	x	g	0.852368	0.859720	0.990067	0.918529	0.928343	0.988622	0.959487	0.977843	0.980811	0.961212	0.986726	0.973804	0.958708	0.990984	0.967144	0.954470	0.993582	0.960391	0.944396	0.995124	0.948786	0.940044	0.996324	0.943316	0.935759	0.997041	0.938365	0.932058	0.997592	0.934159	0.928189	0.997973	0.929942	0.922960	0.998257	0.924450	0.920267	0.998503	0.921538	0.909552	0.998958	0.910416	0.905235	0.999131	0.905949
POS	00786	0.5003	6749803	y	V	0.805492	0.805492	1.000000	0.883104	0.883104	1.000000	0.948526	0.948556	0.999967	0.964820	0.966276	0.998441	0.969290	0.975367	0.993614	0.969218	0.981287	0.987469	0.969839	0.988730	0.980681	0.966465	0.991349	0.974685	0.962710	0.993150	0.969145	0.958847	0.994341	0.964108	0.954317	0.995155	0.958771	0.947927	0.995851	0.951685	0.944815	0.996418	0.948035	0.932708	0.997896	0.934546	0.927179	0.998235	0.928702
PSF	00786	0.5003	6749803	y	V	0.806154	0.810529	0.993349	0.882681	0.888258	0.992937	0.941909	0.951126	0.989817	0.953432	0.966574	0.985940	0.957320	0.975450	0.980955	0.957648	0.981619	0.975134	0.957281	0.988595	0.967971	0.954065	0.991292	0.962129	0.950412	0.993133	0.956699	0.946721	0.994398	0.951798	0.942284	0.995236	0.946553	0.935986	0.995944	0.939568	0.932936	0.996527	0.935979	0.920694	0.997853	0.922521	0.915254	0.998205	0.916764
POS	00786	0.5003	6749803	y	g	0.836095	0.836095	1.000000	0.904153	0.904153	1.000000	0.959675	0.959808	0.999856	0.970803	0.973185	0.997486	0.972420	0.979408	0.992716	0.971545	0.983663	0.987479	0.973584	0.991492	0.981786	0.970597	0.993436	0.976862	0.967301	0.994721	0.972292	0.964069	0.995569	0.968224	0.960481	0.996156	0.964054	0.955488	0.996652	0.958565	0.953005	0.997055	0.955695	0.943791	0.998517	0.945115	0.939433	0.998752	0.940537
PSF	00786	0.5003	6749803	y	g	0.835538	0.841957	0.990958	0.902063	0.910000	0.990423	0.949914	0.962377	0.986550	0.957444	0.974073	0.982481	0.959040	0.980353	0.977833	0.958491	0.984812	0.972872	0.958378	0.991591	0.966231	0.955463	0.993564	0.961413	0.952264	0.994884	0.956949	0.949190	0.995797	0.953008	0.945674	0.996399	0.948917	0.940762	0.996902	0.943521	0.938332	0.997317	0.940707	0.928711	0.998487	0.930020	0.924440	0.998733	0.925525
POS	00786	0.5003	6749803	z	V	0.814981	0.814981	1.000000	0.893507	0.893507	1.000000	0.959297	0.959525	0.999753	0.972443	0.975767	0.996509	0.974486	0.983722	0.990457	0.971614	0.988287	0.982933	0.963065	0.991038	0.971525	0.958247	0.992908	0.964851	0.953705	0.994289	0.958959	0.949497	0.995285	0.953787	0.945840	0.996556	0.948942	0.939198	0.997093	0.941777	0.935781	0.997482	0.937997	0.922243	0.998107	0.923860	0.917007	0.998579	0.918205
PSF	00786	0.5003	6749803	z	V	0.814889	0.819482	0.993169	0.891844	0.897867	0.992534	0.949454	0.960289	0.988256	0.959219	0.974958	0.983449	0.961193	0.982935	0.977506	0.958883	0.987798	0.970377	0.950907	0.990810	0.959368	0.946323	0.992783	0.952878	0.941875	0.994193	0.947086	0.937779	0.995228	0.942015	0.934151	0.996497	0.937228	0.927616	0.997051	0.930168	0.924258	0.997452	0.926445	0.910902	0.998089	0.912493	0.905718	0.998558	0.906905
POS	00786	0.5003	6749803	z	g	0.847223	0.847223	1.000000	0.916187	0.916187	1.000000	0.970974	0.971836	0.999088	0.978690	0.983603	0.994922	0.978418	0.988956	0.989227	0.975082	0.992022	0.982789	0.965477	0.993894	0.971238	0.961211	0.995171	0.965715	0.957269	0.996110	0.960861	0.953764	0.996802	0.956691	0.950710	0.997664	0.952831	0.945495	0.998020	0.947273	0.942776	0.998285	0.944306	0.931748	0.998704	0.932876	0.927602	0.999028	0.928439
PSF	00786	0.5003	6749803	z	g	0.844947	0.851891	0.990445	0.911628	0.920447	0.989599	0.957147	0.972000	0.984286	0.962918	0.982904	0.979320	0.962919	0.988434	0.973892	0.959981	0.991702	0.967754	0.950810	0.993740	0.956539	0.946712	0.995082	0.951162	0.942863	0.996046	0.946405	0.939443	0.996761	0.942319	0.936421	0.997621	0.938517	0.931309	0.997993	0.933057	0.928638	0.998264	0.930140	0.917785	0.998692	0.918890	0.913691	0.999013	0.914517
thin2	00786	0.5003	6749803	x	V	0.764241	0.764241	1.000000	0.866772	0.866772	1.000000	0.945247	0.945257	0.999989	0.972141	0.984906	0.986844	0.965333	0.991582	0.973309	0.952118	0.994516	0.957144	0.939769	0.996504	0.942878	0.926194	0.997633	0.928234	0.921246	0.998096	0.922868
thin2	00786	0.5003	6749803	x	g	0.801814	0.801814	1.000000	0.892090	0.892090	1.000000	0.958536	0.958612	0.999917	0.975810	0.989140	0.986377	0.969555	0.993983	0.975279	0.956646	0.996159	0.960187	0.946601	0.997618	0.948746	0.935846	0.998410	0.937244	0.931933	0.998721	0.933046
thin2	00786	0.5003	6749803	y	V	0.745556	0.745556	1.000000	0.845580	0.845580	1.000000	0.922155	0.922155	1.000000	0.967441	0.970486	0.996767	0.969403	0.981445	0.987502	0.968172	0.990539	0.977209	0.959197	0.994368	0.964437	0.946642	0.996169	0.950101	0.941975	0.996834	0.944802
thin2	00786	0.5003	6749803	y	g	0.783752	0.783752	1.000000	0.871995	0.871995	1.000000	0.937096	0.937096	1.000000	0.971932	0.976013	0.995716	0.971419	0.983640	0.987372	0.972200	0.992852	0.979053	0.964526	0.995604	0.968651	0.954513	0.996880	0.957374	0.950823	0.997346	0.953234
thin2	00786	0.5003	6749803	z	V	0.754159	0.754159	1.000000	0.855338	0.855338	1.000000	0.932794	0.932795	0.999998	0.973983	0.979355	0.994400	0.971155	0.987995	0.982752	0.960488	0.992260	0.967739	0.949954	0.995250	0.954281	0.937887	0.997270	0.940301	0.932904	0.997744	0.934876
thin2	00786	0.5003	6749803	z	g	0.794130	0.794130	1.000000	0.883541	0.883541	1.000000	0.949490	0.949497	0.999992	0.978854	0.985946	0.992705	0.974699	0.991833	0.982586	0.963132	0.994722	0.968079	0.954147	0.996767	0.957109	0.944378	0.998133	0.946049	0.940446	0.998452	0.941819
thin4	00786	0.5003	6749803	x	V	0.679130	0.679130	1.000000	0.814904	0.814904	1.000000	0.914075	0.914075	1.000000	0.969229	0.971529	0.997563	0.971979	0.985001	0.986581	0.967208	0.990575	0.976192	0.952981	0.994631	0.957909	0.942568	0.996120	0.946041	0.936181	0.996892	0.938921
thin4	00786	0.5003	6749803	x	g	0.720146	0.720146	1.000000	0.846312	0.846312	1.000000	0.932184	0.932184	1.000000	0.975612	0.979209	0.996248	0.975805	0.989290	0.986223	0.971342	0.993337	0.977713	0.958349	0.996282	0.961789	0.949874	0.997332	0.952294	0.944488	0.997882	0.946385
thin4	00786	0.5003	6749803	y	V	0.663016	0.663016	1.000000	0.795568	0.795568	1.000000	0.892386	0.892386	1.000000	0.950617	0.950703	0.999904	0.967274	0.970929	0.996123	0.969521	0.979925	0.989168	0.966826	0.989867	0.976491	0.959872	0.993215	0.966208	0.954912	0.994789	0.959712
thin4	00786	0.5003	6749803	y	g	0.704829	0.704829	1.000000	0.828312	0.828312	1.000000	0.912357	0.912357	1.000000	0.961480	0.961731	0.999729	0.972431	0.977038	0.995175	0.972220	0.983140	0.988705	0.970644	0.991916	0.978384	0.964602	0.994267	0.969998	0.960755	0.995659	0.964796
thin4	00786	0.5003	6749803	z	V	0.670386	0.670386	1.000000	0.804411	0.804411	1.000000	0.902305	0.902305	1.000000	0.960419	0.960881	0.999499	0.973583	0.979483	0.993851	0.972290	0.986772	0.985129	0.960855	0.992271	0.968101	0.952589	0.994929	0.957236	0.947349	0.996349	0.950650
thin4	00786	0.5003	6749803	z	g	0.713388	0.713388	1.000000	0.838370	0.838370	1.000000	0.923436	0.923436	1.000000	0.971455	0.972548	0.998844	0.978617	0.986075	0.992330	0.975918	0.990996	0.984649	0.964424	0.994724	0.969382	0.957425	0.996575	0.960585	0.952765	0.997533	0.955015
thin8	00786	0.5003	6749803	x	V	0.552695	0.552695	1.000000	0.747292	0.747292	1.000000	0.877527	0.877527	1.000000	0.947505	0.947543	0.999958	0.968949	0.971635	0.997155	0.973163	0.983440	0.989376	0.967220	0.990695	0.976087	0.956795	0.994213	0.962154	0.949166	0.995396	0.953351
thin8	00786	0.5003	6749803	x	g	0.582254	0.582254	1.000000	0.783686	0.783686	1.000000	0.901514	0.901514	1.000000	0.959924	0.960136	0.999771	0.974292	0.978687	0.995412	0.976596	0.988094	0.988226	0.970860	0.993474	0.977091	0.961705	0.995959	0.965472	0.954732	0.996874	0.957599
thin8	00786	0.5003	6749803	y	V	0.539306	0.539306	1.000000	0.729189	0.729189	1.000000	0.856269	0.856269	1.000000	0.924628	0.924628	1.000000	0.950566	0.950681	0.999872	0.965371	0.967606	0.997613	0.969142	0.979594	0.989110	0.968493	0.988072	0.979950	0.964875	0.991360	0.973057
thin8	00786	0.5003	6749803	y	g	0.569433	0.569433	1.000000	0.766431	0.766431	1.000000	0.881664	0.881664	1.000000	0.939211	0.939211	1.000000	0.960676	0.961104	0.999536	0.971106	0.974429	0.996500	0.971664	0.982859	0.988414	0.970926	0.989615	0.980920	0.968558	0.992930	0.975284
thin8	00786	0.5003	6749803	z	V	0.545656	0.545656	1.000000	0.737775	0.737775	1.000000	0.866352	0.866352	1.000000	0.935514	0.935515	0.999999	0.961137	0.961559	0.999543	0.972511	0.976865	0.995437	0.972172	0.986895	0.984886	0.963510	0.991309	0.971718	0.957635	0.993429	0.963739
thin8	00786	0.5003	6749803	z	g	0.576788	0.576788	1.000000	0.776329	0.776329	1.000000	0.893051	0.893051	1.000000	0.951286	0.951313	0.999970	0.971788	0.972863	0.998865	0.978380	0.984364	0.993825	0.975521	0.991175	0.984068	0.967152	0.994066	0.972769	0.961190	0.995523	0.965363
POS	00786	0.5003	6948872	x	V	0.371134	0.371134	1.000000	0.598979	0.598979	1.000000	0.838992	0.841162	0.996934	0.886045	0.900678	0.981995	0.898063	0.932343	0.960669	0.907541	0.963004	0.940325	0.898324	0.975646	0.918930	0.885334	0.981271	0.900552	0.873099	0.985397	0.884544	0.862114	0.987669	0.871494	0.852942	0.989600	0.860657	0.843268	0.991307	0.849551	0.831728	0.992895	0.836708	0.782761	0.995645	0.785450	0.767824	0.996791	0.769727
PSF	00786	0.5003	6948872	x	V	0.374765	0.375565	0.994347	0.603265	0.605639	0.993542	0.829735	0.842859	0.981579	0.874285	0.901868	0.966200	0.885379	0.933422	0.945061	0.891919	0.962784	0.923768	0.882351	0.975235	0.902574	0.869627	0.980925	0.884585	0.857610	0.985086	0.868892	0.846899	0.987425	0.856133	0.837908	0.989383	0.845510	0.828422	0.991114	0.834621	0.817193	0.992787	0.822074	0.769115	0.995584	0.771748	0.754444	0.996742	0.756309
POS	00786	0.5003	6948872	x	g	0.345731	0.345731	1.000000	0.587639	0.587639	1.000000	0.833352	0.838376	0.992861	0.885260	0.902357	0.979045	0.901120	0.934369	0.962011	0.919005	0.969553	0.946315	0.913145	0.982014	0.928677	0.902573	0.986601	0.913773	0.892327	0.989736	0.900661	0.883251	0.991382	0.890086	0.875649	0.992740	0.881292	0.867643	0.993956	0.872245	0.858088	0.995076	0.861747	0.807083	0.996976	0.809063	0.794385	0.997763	0.795802
PSF	00786	0.5003	6948872	x	g	0.349794	0.350770	0.992109	0.591934	0.595285	0.990579	0.823499	0.841576	0.974580	0.872448	0.905108	0.960283	0.885819	0.936288	0.942639	0.899437	0.969671	0.925473	0.892831	0.981767	0.907885	0.882370	0.986331	0.893294	0.872308	0.989471	0.880481	0.863486	0.991164	0.870185	0.856079	0.992553	0.861614	0.848253	0.993781	0.852780	0.838981	0.994957	0.842564	0.789163	0.996912	0.791096	0.776756	0.997713	0.778141
POS	00786	0.5003	6948872	y	V	0.337291	0.337291	1.000000	0.544359	0.544359	1.000000	0.766809	0.766809	1.000000	0.833151	0.833334	0.999736	0.875148	0.878352	0.995848	0.907768	0.918694	0.987068	0.913886	0.938247	0.972374	0.911571	0.949100	0.958425	0.905704	0.956427	0.944684	0.899607	0.961339	0.933375	0.892540	0.964427	0.922924	0.884575	0.967129	0.911994	0.874267	0.969513	0.898982	0.838352	0.981395	0.851891	0.824214	0.983566	0.835723
PSF	00786	0.5003	6948872	y	V	0.342149	0.342788	0.994581	0.551308	0.553062	0.994278	0.771605	0.776808	0.991393	0.831484	0.840687	0.987006	0.865780	0.882250	0.978893	0.892504	0.920115	0.967471	0.897441	0.939314	0.952678	0.895307	0.950380	0.939210	0.889553	0.957808	0.925832	0.883731	0.962884	0.914898	0.876937	0.966105	0.904774	0.869220	0.968915	0.894155	0.859166	0.971388	0.881473	0.820263	0.981097	0.833435	0.806484	0.983326	0.817665
POS	00786	0.5003	6948872	y	g	0.322918	0.322918	1.000000	0.548864	0.548864	1.000000	0.788680	0.788683	0.999995	0.858395	0.859532	0.998462	0.895290	0.900906	0.993085	0.927297	0.941565	0.983921	0.931929	0.958812	0.970793	0.927613	0.966517	0.958411	0.921256	0.971669	0.946686	0.915510	0.975158	0.937372	0.909396	0.977378	0.928950	0.902545	0.979302	0.920097	0.893893	0.981037	0.909610	0.845277	0.985299	0.856074	0.833380	0.986873	0.842722
PSF	00786	0.5003	6948872	y	g	0.327636	0.328435	0.992628	0.555491	0.557954	0.992117	0.789476	0.797701	0.987109	0.851071	0.865321	0.981018	0.879938	0.903151	0.971621	0.905580	0.941197	0.959888	0.908453	0.957739	0.946390	0.904632	0.965746	0.934620	0.898519	0.971005	0.923291	0.893082	0.974631	0.914338	0.887199	0.976923	0.906191	0.880605	0.978922	0.897624	0.872223	0.980714	0.887445	0.824941	0.985128	0.835344	0.813373	0.986748	0.822355
POS	00786	0.5003	6948872	z	V	0.356139	0.356139	1.000000	0.574779	0.574779	1.000000	0.809331	0.809478	0.999775	0.869798	0.874607	0.993718	0.893618	0.911402	0.978631	0.909222	0.944234	0.960816	0.909921	0.961805	0.944034	0.903444	0.970921	0.928570	0.892784	0.975906	0.912907	0.883571	0.979241	0.900437	0.874905	0.981513	0.889564	0.865669	0.983547	0.878389	0.854459	0.985437	0.865387	0.817334	0.996810	0.819477	0.801281	0.997630	0.802810
PSF	00786	0.5003	6948872	z	V	0.359979	0.360724	0.994300	0.579783	0.581887	0.993803	0.806655	0.814749	0.987834	0.860864	0.877384	0.978595	0.882444	0.913503	0.962900	0.894039	0.944573	0.943538	0.893499	0.961617	0.926543	0.886995	0.970733	0.911367	0.876907	0.975988	0.896243	0.868012	0.979449	0.884114	0.859633	0.981827	0.873532	0.850526	0.983862	0.862559	0.839506	0.985769	0.849805	0.802294	0.996747	0.804400	0.786532	0.997570	0.788042
POS	00786	0.5003	6948872	z	g	0.333223	0.333223	1.000000	0.566379	0.566379	1.000000	0.809628	0.811519	0.997131	0.868368	0.877643	0.987976	0.890492	0.911988	0.974214	0.911823	0.947910	0.959921	0.914962	0.964755	0.946604	0.909867	0.972167	0.934203	0.901261	0.976102	0.921597	0.893608	0.978504	0.911502	0.886459	0.980086	0.902718	0.878877	0.981521	0.893665	0.869699	0.982844	0.883105	0.838592	0.997812	0.840137	0.825025	0.998344	0.826156
PSF	00786	0.5003	6948872	z	g	0.337116	0.338033	0.992010	0.571033	0.573995	0.991044	0.803566	0.816347	0.980888	0.858453	0.881528	0.970410	0.878274	0.915222	0.956054	0.894732	0.949075	0.939853	0.896266	0.965249	0.926151	0.890902	0.972534	0.913896	0.882609	0.976597	0.901680	0.875238	0.979104	0.891898	0.868345	0.980775	0.883381	0.860928	0.982236	0.874545	0.851918	0.983568	0.864218	0.819982	0.997742	0.821506	0.806754	0.998306	0.807860
thin2	00786	0.5003	6948872	x	V	0.257526	0.257526	1.000000	0.465577	0.465577	1.000000	0.739239	0.739253	0.999975	0.892319	0.913401	0.974786	0.908934	0.963218	0.941616	0.891253	0.979746	0.907982	0.864035	0.987758	0.873388	0.840708	0.992135	0.846349	0.823110	0.993971	0.827240
thin2	00786	0.5003	6948872	x	g	0.230416	0.230416	1.000000	0.441686	0.441686	1.000000	0.731914	0.732147	0.999565	0.892428	0.914618	0.973533	0.920733	0.969842	0.947871	0.908016	0.985428	0.920374	0.885525	0.991414	0.892369	0.866338	0.994532	0.870484	0.851815	0.995793	0.854891
thin2	00786	0.5003	6948872	y	V	0.234184	0.234184	1.000000	0.423377	0.423377	1.000000	0.672265	0.672265	1.000000	0.850206	0.851074	0.998801	0.908204	0.918684	0.987595	0.912610	0.945354	0.963434	0.900055	0.960871	0.934299	0.881573	0.967983	0.908051	0.866210	0.971310	0.888954
thin2	00786	0.5003	6948872	y	g	0.215466	0.215466	1.000000	0.413028	0.413028	1.000000	0.684941	0.684941	1.000000	0.873595	0.875895	0.997004	0.928810	0.942285	0.984837	0.930256	0.964453	0.963284	0.916795	0.975201	0.938679	0.901012	0.980336	0.917595	0.888122	0.982724	0.902208
thin2	00786	0.5003	6948872	z	V	0.247315	0.247315	1.000000	0.447117	0.447117	1.000000	0.709960	0.709960	1.000000	0.881419	0.890065	0.989099	0.910287	0.944642	0.961583	0.908170	0.969130	0.935225	0.885931	0.979966	0.902273	0.863465	0.985010	0.874963	0.846254	0.987272	0.855588
thin2	00786	0.5003	6948872	z	g	0.222405	0.222405	1.000000	0.426329	0.426329	1.000000	0.706956	0.706973	0.999966	0.878825	0.891919	0.983571	0.913748	0.949011	0.960923	0.914877	0.971530	0.940080	0.896490	0.979626	0.913522	0.878179	0.983195	0.891561	0.864209	0.984790	0.875900
thin4	00786	0.5003	6948872	x	V	0.173097	0.173097	1.000000	0.338848	0.338848	1.000000	0.624456	0.624456	1.000000	0.835890	0.838575	0.996184	0.892595	0.913504	0.974998	0.905409	0.952762	0.947964	0.894019	0.979953	0.910674	0.869614	0.986690	0.879937	0.856863	0.989506	0.864721
thin4	00786	0.5003	6948872	x	g	0.149501	0.149501	1.000000	0.309463	0.309463	1.000000	0.610326	0.610326	1.000000	0.826402	0.831950	0.991994	0.893040	0.915294	0.973496	0.913331	0.956930	0.952486	0.910574	0.985732	0.922735	0.889944	0.990638	0.897493	0.879364	0.992622	0.885150
thin4	00786	0.5003	6948872	y	V	0.157490	0.157490	1.000000	0.308297	0.308297	1.000000	0.568154	0.568154	1.000000	0.765883	0.765886	0.999995	0.850252	0.851264	0.998603	0.897571	0.905552	0.990276	0.914864	0.945532	0.965760	0.904271	0.959331	0.940317	0.894620	0.963803	0.925723
thin4	00786	0.5003	6948872	y	g	0.139811	0.139811	1.000000	0.289406	0.289406	1.000000	0.570768	0.570768	1.000000	0.784038	0.784156	0.999808	0.873774	0.876339	0.996662	0.917655	0.928132	0.987848	0.932541	0.964626	0.965560	0.921118	0.974399	0.943963	0.912556	0.977532	0.932107
thin4	00786	0.5003	6948872	z	V	0.166182	0.166182	1.000000	0.325313	0.325313	1.000000	0.599513	0.599513	1.000000	0.807606	0.807854	0.999619	0.881621	0.890000	0.989434	0.905288	0.933619	0.967566	0.904715	0.965693	0.934759	0.888534	0.976984	0.907531	0.878168	0.981234	0.893168
thin4	00786	0.5003	6948872	z	g	0.144161	0.144161	1.000000	0.298409	0.298409	1.000000	0.588524	0.588524	1.000000	0.803758	0.805963	0.996607	0.879446	0.892165	0.984048	0.905312	0.935468	0.965616	0.911150	0.967866	0.939573	0.898167	0.976803	0.917742	0.889626	0.979893	0.906167
thin8	00786	0.5003	6948872	x	V	0.106146	0.106146	1.000000	0.241397	0.241397	1.000000	0.501624	0.501624	1.000000	0.752027	0.752042	0.999973	0.836468	0.839532	0.995655	0.880330	0.895038	0.981675	0.898200	0.945356	0.947387	0.897743	0.976842	0.917265	0.884226	0.981920	0.898861
thin8	00786	0.5003	6948872	x	g	0.081646	0.081646	1.000000	0.214762	0.214762	1.000000	0.479013	0.479013	1.000000	0.743854	0.744257	0.999273	0.828699	0.834360	0.991879	0.876114	0.892929	0.978958	0.904023	0.947141	0.952057	0.913359	0.982802	0.928194	0.902227	0.986956	0.913115
thin8	00786	0.5003	6948872	y	V	0.096562	0.096562	1.000000	0.219602	0.219602	1.000000	0.456333	0.456333	1.000000	0.684160	0.684160	1.000000	0.767066	0.767066	1.000000	0.828516	0.828929	0.999399	0.890341	0.898546	0.989848	0.916160	0.941328	0.971644	0.911483	0.950723	0.956680
thin8	00786	0.5003	6948872	y	g	0.076329	0.076329	1.000000	0.200776	0.200776	1.000000	0.447818	0.447818	1.000000	0.696295	0.696295	1.000000	0.786151	0.786265	0.999816	0.849683	0.851078	0.998074	0.908306	0.918655	0.987749	0.933741	0.960848	0.970673	0.927976	0.967686	0.957652
thin8	00786	0.5003	6948872	z	V	0.101695	0.101695	1.000000	0.231274	0.231274	1.000000	0.480589	0.480589	1.000000	0.720525	0.720525	1.000000	0.807042	0.807398	0.999455	0.861480	0.867049	0.992599	0.894966	0.923797	0.966303	0.903477	0.958924	0.939850	0.897615	0.968086	0.924986
thin8	00786	0.5003	6948872	z	g	0.078469	0.078469	1.000000	0.206406	0.206406	1.000000	0.460376	0.460376	1.000000	0.715735	0.715771	0.999930	0.802835	0.805342	0.996139	0.855408	0.865194	0.986950	0.891728	0.922086	0.964394	0.907826	0.960079	0.943440	0.903663	0.967819	0.931658
POS	00786	0.5003	7657995	x	V	0.628123	0.628123	1.000000	0.730390	0.730390	1.000000	0.822819	0.822819	1.000000	0.846001	0.846005	0.999995	0.907216	0.907241	0.999970	0.938985	0.939337	0.999601	0.958537	0.960351	0.998033	0.967362	0.970455	0.996716	0.974103	0.978170	0.995750	0.981994	0.987774	0.994076	0.982162	0.990678	0.991324	0.981817	0.992646	0.989011	0.975728	0.994690	0.980838	0.968890	0.996472	0.972225	0.966852	0.997864	0.968857
PSF	00786	0.5003	7657995	x	V	0.630517	0.632665	0.994645	0.732616	0.735583	0.994525	0.824225	0.828294	0.994076	0.846871	0.851384	0.993779	0.906770	0.912467	0.993162	0.936426	0.943765	0.991764	0.952191	0.963033	0.988315	0.959231	0.972324	0.986156	0.964274	0.979247	0.984390	0.970465	0.988082	0.981960	0.970387	0.990878	0.979135	0.969789	0.992726	0.976730	0.963201	0.994481	0.968377	0.956642	0.996375	0.959983	0.954707	0.997817	0.956705
POS	00786	0.5003	7657995	x	g	0.581157	0.581157	1.000000	0.686952	0.686952	1.000000	0.783391	0.783391	1.000000	0.808298	0.808302	0.999995	0.885930	0.885952	0.999971	0.925031	0.925217	0.999782	0.949437	0.950592	0.998721	0.960454	0.962402	0.997897	0.968782	0.971431	0.997193	0.979288	0.983207	0.995946	0.980372	0.986493	0.993710	0.980569	0.988535	0.991849	0.977475	0.991214	0.986018	0.977144	0.996292	0.980711	0.976345	0.998114	0.978149
PSF	00786	0.5003	7657995	x	g	0.583162	0.585620	0.992855	0.688665	0.692150	0.992743	0.784216	0.788995	0.992336	0.808607	0.813869	0.992069	0.884826	0.891577	0.991515	0.921867	0.930199	0.990377	0.942960	0.954153	0.987713	0.952151	0.965164	0.986037	0.959001	0.973545	0.984661	0.967885	0.984640	0.982724	0.968455	0.987694	0.980283	0.968433	0.989641	0.978351	0.964455	0.991863	0.972148	0.962755	0.996257	0.966250	0.961884	0.998049	0.963696
POS	00786	0.5003	7657995	y	V	0.633291	0.633291	1.000000	0.736400	0.736400	1.000000	0.829559	0.829573	0.999980	0.852607	0.852774	0.999770	0.913863	0.914279	0.999502	0.944919	0.946146	0.998629	0.962774	0.966398	0.996120	0.970041	0.975765	0.993990	0.975483	0.982863	0.992361	0.980890	0.991262	0.989445	0.979827	0.993558	0.986092	0.978868	0.995225	0.983487	0.972361	0.997064	0.975154	0.964744	0.998443	0.966197	0.960916	0.998893	0.961941
PSF	00786	0.5003	7657995	y	V	0.635834	0.638067	0.994528	0.738618	0.741769	0.994282	0.830200	0.834847	0.993340	0.852366	0.857780	0.992650	0.912051	0.919040	0.991731	0.940782	0.950021	0.989769	0.955850	0.969048	0.985951	0.961895	0.977885	0.983284	0.966155	0.984451	0.981127	0.969062	0.991643	0.977041	0.967588	0.993733	0.973528	0.966625	0.995404	0.970959	0.959676	0.996978	0.962476	0.952179	0.998377	0.953655	0.948431	0.998846	0.949472
POS	00786	0.5003	7657995	y	g	0.587477	0.587477	1.000000	0.694423	0.694423	1.000000	0.791890	0.791899	0.999986	0.816855	0.816963	0.999837	0.895035	0.895308	0.999660	0.933763	0.934593	0.999049	0.956967	0.959507	0.997241	0.966851	0.970817	0.995792	0.974393	0.979509	0.994668	0.983731	0.990780	0.992820	0.983508	0.993437	0.989940	0.983116	0.995203	0.987797	0.979297	0.997556	0.981652	0.971427	0.998779	0.972582	0.967865	0.999167	0.968647
PSF	00786	0.5003	7657995	y	g	0.589431	0.591982	0.992742	0.695943	0.699603	0.992537	0.791991	0.797218	0.991790	0.816204	0.822126	0.991252	0.892665	0.900406	0.990461	0.929179	0.938990	0.988881	0.949768	0.962852	0.985895	0.958113	0.973508	0.983763	0.964321	0.981623	0.982050	0.970475	0.991394	0.978720	0.969681	0.993775	0.975607	0.969183	0.995496	0.973452	0.964616	0.997446	0.967004	0.956933	0.998714	0.958114	0.953446	0.999116	0.954250
POS	00786	0.5003	7657995	z	V	0.629727	0.629727	1.000000	0.732255	0.732255	1.000000	0.824896	0.824907	0.999984	0.847816	0.847978	0.999775	0.908734	0.909139	0.999509	0.939778	0.940908	0.998723	0.958997	0.961790	0.996982	0.967908	0.971957	0.995715	0.974017	0.979364	0.994426	0.981848	0.988957	0.992732	0.982616	0.992174	0.990292	0.982446	0.994238	0.988073	0.976617	0.996428	0.980048	0.969247	0.997947	0.971183	0.965424	0.998406	0.966914
PSF	00786	0.5003	7657995	z	V	0.630997	0.633264	0.994358	0.732881	0.736123	0.994027	0.823669	0.828453	0.993038	0.845614	0.851185	0.992319	0.905313	0.912237	0.991686	0.935183	0.943686	0.990456	0.952922	0.964000	0.988085	0.961114	0.973894	0.986530	0.966778	0.981145	0.985080	0.972128	0.989553	0.982208	0.972422	0.992548	0.979574	0.972001	0.994493	0.977261	0.965647	0.996390	0.969038	0.958313	0.997892	0.960257	0.954617	0.998399	0.956081
POS	00786	0.5003	7657995	z	g	0.585565	0.585565	1.000000	0.692163	0.692163	1.000000	0.789279	0.789303	0.999961	0.813976	0.814183	0.999688	0.891683	0.892161	0.999399	0.930191	0.931274	0.998751	0.954193	0.956555	0.997419	0.964992	0.968309	0.996463	0.972875	0.977155	0.995518	0.983409	0.989006	0.994278	0.984640	0.992393	0.992128	0.984806	0.994438	0.990260	0.981602	0.997103	0.984409	0.974024	0.998482	0.975468	0.970487	0.998887	0.971537
PSF	00786	0.5003	7657995	z	g	0.586088	0.588704	0.992473	0.691798	0.695623	0.992115	0.786855	0.792460	0.991091	0.810708	0.817113	0.990424	0.886990	0.895122	0.989861	0.924261	0.934005	0.988838	0.946721	0.958764	0.986907	0.956808	0.970283	0.985694	0.964181	0.978966	0.984577	0.972326	0.989723	0.982244	0.973074	0.992891	0.979901	0.973086	0.994872	0.977992	0.969019	0.997085	0.971772	0.961493	0.998449	0.962931	0.958026	0.998870	0.959065
thin2	00786	0.5003	7657995	x	V	0.573189	0.573189	1.000000	0.675833	0.675833	1.000000	0.791098	0.791098	1.000000	0.862990	0.862997	0.999991	0.940589	0.940909	0.999639	0.964545	0.966955	0.997422	0.981201	0.987016	0.994031	0.981778	0.993573	0.988053	0.973908	0.995231	0.978475
thin2	00786	0.5003	7657995	x	g	0.530149	0.530149	1.000000	0.629892	0.629892	1.000000	0.750693	0.750693	1.000000	0.828960	0.828969	0.999987	0.927238	0.927392	0.999821	0.956694	0.958196	0.998364	0.978594	0.982456	0.995998	0.981002	0.989617	0.991204	0.975617	0.991328	0.984014
thin2	00786	0.5003	7657995	y	V	0.577919	0.577919	1.000000	0.681409	0.681409	1.000000	0.797626	0.797626	1.000000	0.869512	0.869798	0.999622	0.946624	0.947787	0.998705	0.967895	0.972597	0.995030	0.982023	0.991493	0.990368	0.979187	0.996354	0.982709	0.970578	0.997638	0.972813
thin2	00786	0.5003	7657995	y	g	0.536163	0.536163	1.000000	0.637038	0.637038	1.000000	0.759209	0.759209	1.000000	0.837984	0.838167	0.999740	0.936468	0.937248	0.999112	0.963909	0.967220	0.996462	0.984541	0.991017	0.993407	0.984005	0.996762	0.987160	0.977666	0.998032	0.979555
thin2	00786	0.5003	7657995	z	V	0.574850	0.574850	1.000000	0.677791	0.677791	1.000000	0.793390	0.793390	1.000000	0.864977	0.865223	0.999672	0.941610	0.942757	0.998709	0.965365	0.968754	0.996390	0.982587	0.989145	0.993298	0.983301	0.995795	0.987401	0.974748	0.997120	0.977500
thin2	00786	0.5003	7657995	z	g	0.534544	0.534544	1.000000	0.635114	0.635114	1.000000	0.756916	0.756916	1.000000	0.835199	0.835497	0.999574	0.932985	0.934077	0.998749	0.961999	0.964805	0.996986	0.984216	0.989357	0.994748	0.985997	0.996264	0.989657	0.980038	0.997731	0.982227
thin4	00786	0.5003	7657995	x	V	0.511422	0.511422	1.000000	0.621041	0.621041	1.000000	0.749517	0.749517	1.000000	0.824253	0.824253	1.000000	0.888433	0.888472	0.999950	0.920825	0.920920	0.999888	0.960460	0.962836	0.997438	0.977652	0.982104	0.995385	0.982199	0.989375	0.992669
thin4	00786	0.5003	7657995	x	g	0.476826	0.476826	1.000000	0.575414	0.575414	1.000000	0.707341	0.707341	1.000000	0.784076	0.784076	1.000000	0.862864	0.862898	0.999954	0.901519	0.901597	0.999904	0.950892	0.952413	0.998323	0.972951	0.975873	0.996932	0.979339	0.984374	0.994805
thin4	00786	0.5003	7657995	y	V	0.515802	0.515802	1.000000	0.626359	0.626359	1.000000	0.755936	0.755936	1.000000	0.831241	0.831273	0.999954	0.895491	0.895791	0.999627	0.927098	0.927970	0.998988	0.964192	0.968798	0.995093	0.979220	0.987080	0.991934	0.980449	0.992711	0.987559
thin4	00786	0.5003	7657995	y	g	0.482395	0.482395	1.000000	0.582134	0.582134	1.000000	0.715602	0.715602	1.000000	0.793188	0.793208	0.999968	0.872575	0.872780	0.999730	0.910964	0.911560	0.999283	0.958408	0.961711	0.996430	0.979137	0.984665	0.994300	0.984010	0.992472	0.991410
thin4	00786	0.5003	7657995	z	V	0.513095	0.513095	1.000000	0.623073	0.623073	1.000000	0.751969	0.751969	1.000000	0.826896	0.826920	0.999965	0.890899	0.891146	0.999689	0.922473	0.923223	0.999120	0.961308	0.964817	0.996231	0.977921	0.983837	0.993889	0.981954	0.990866	0.990923
thin4	00786	0.5003	7657995	z	g	0.480852	0.480852	1.000000	0.580272	0.580272	1.000000	0.713314	0.713314	1.000000	0.790601	0.790644	0.999932	0.869513	0.869844	0.999563	0.907687	0.908453	0.999072	0.956224	0.959081	0.996894	0.977892	0.982466	0.995262	0.984371	0.991067	0.993183
thin8	00786	0.5003	7657995	x	V	0.436133	0.436133	1.000000	0.559946	0.559946	1.000000	0.684117	0.684117	1.000000	0.786261	0.786261	1.000000	0.822510	0.822510	1.000000	0.854509	0.854514	0.999994	0.914438	0.914514	0.999909	0.947612	0.949319	0.998107	0.968949	0.971691	0.997096
thin8	00786	0.5003	7657995	x	g	0.411221	0.411221	1.000000	0.518195	0.518195	1.000000	0.636132	0.636132	1.000000	0.742829	0.742829	1.000000	0.781841	0.781841	1.000000	0.818784	0.818788	0.999994	0.892357	0.892411	0.999931	0.933152	0.934229	0.998766	0.960683	0.962432	0.998112
thin8	00786	0.5003	7657995	y	V	0.439754	0.439754	1.000000	0.564595	0.564595	1.000000	0.689796	0.689796	1.000000	0.792789	0.792789	1.000000	0.829306	0.829321	0.999979	0.861123	0.861350	0.999694	0.920453	0.921285	0.999019	0.951240	0.955031	0.995845	0.971064	0.976753	0.994037
thin8	00786	0.5003	7657995	y	g	0.416539	0.416539	1.000000	0.524896	0.524896	1.000000	0.644358	0.644358	1.000000	0.752435	0.752435	1.000000	0.791931	0.791940	0.999986	0.829038	0.829194	0.999774	0.902833	0.903393	0.999313	0.941952	0.944633	0.996996	0.968311	0.972449	0.995625
thin8	00786	0.5003	7657995	z	V	0.437675	0.437675	1.000000	0.561925	0.561925	1.000000	0.686535	0.686535	1.000000	0.789032	0.789036	0.999994	0.825377	0.825395	0.999973	0.857185	0.857349	0.999777	0.916017	0.916884	0.998969	0.947998	0.951153	0.996513	0.968552	0.973184	0.995110
thin8	00786	0.5003	7657995	z	g	0.415117	0.415117	1.000000	0.523104	0.523104	1.000000	0.642157	0.642157	1.000000	0.749853	0.749859	0.999991	0.789124	0.789178	0.999913	0.826015	0.826257	0.999646	0.899108	0.899969	0.998937	0.938910	0.941493	0.997087	0.965962	0.969610	0.996120
POS	00786	0.5003	7684439	x	V	0.805785	0.805785	1.000000	0.911518	0.911518	1.000000	0.958808	0.958821	0.999986	0.974490	0.974741	0.999735	0.981406	0.983506	0.997829	0.984698	0.990530	0.994057	0.984647	0.993821	0.990712	0.982767	0.995293	0.987356	0.981457	0.996667	0.984689	0.979402	0.997400	0.981910	0.977575	0.997895	0.979596	0.976109	0.998272	0.977761	0.974600	0.998537	0.975994	0.961356	0.999027	0.962257	0.957473	0.999201	0.958207
PSF	00786	0.5003	7684439	x	V	0.804689	0.808351	0.994402	0.909468	0.914279	0.994248	0.955367	0.961199	0.993690	0.969088	0.976235	0.992502	0.974730	0.984415	0.990008	0.977170	0.991049	0.985872	0.976364	0.993968	0.982184	0.974532	0.995463	0.978880	0.972847	0.996643	0.976045	0.970800	0.997373	0.973288	0.968999	0.997876	0.971002	0.967522	0.998243	0.969172	0.966038	0.998515	0.967428	0.952923	0.999013	0.953820	0.949081	0.999192	0.949810
POS	00786	0.5003	7684439	x	g	0.814776	0.814776	1.000000	0.920686	0.920686	1.000000	0.963454	0.963462	0.999991	0.977775	0.978005	0.999760	0.984020	0.985613	0.998360	0.988120	0.992325	0.995730	0.988800	0.995298	0.993441	0.987673	0.996390	0.991219	0.987254	0.997713	0.989494	0.985762	0.998261	0.987458	0.984656	0.998626	0.985991	0.983763	0.998894	0.984836	0.982846	0.999077	0.983739	0.974377	0.999385	0.974962	0.971890	0.999497	0.972365
PSF	00786	0.5003	7684439	x	g	0.812077	0.817073	0.992526	0.916606	0.923124	0.992356	0.957886	0.965507	0.991827	0.970485	0.979301	0.990809	0.975674	0.986438	0.988939	0.979020	0.992820	0.986001	0.979128	0.995519	0.983462	0.978016	0.996620	0.981271	0.977142	0.997712	0.979337	0.975649	0.998255	0.977316	0.974544	0.998617	0.975861	0.973634	0.998872	0.974706	0.972734	0.999060	0.973625	0.964364	0.999376	0.964945	0.961910	0.999492	0.962380
POS	00786	0.5003	7684439	y	V	0.801701	0.801701	1.000000	0.906898	0.906898	1.000000	0.953975	0.953975	1.000000	0.970033	0.970045	0.999987	0.979398	0.980017	0.999356	0.985791	0.988576	0.997150	0.987058	0.992521	0.994455	0.985665	0.994235	0.991331	0.984793	0.995828	0.988873	0.983639	0.997022	0.986538	0.982025	0.997628	0.984323	0.980452	0.997953	0.982428	0.979069	0.998285	0.980718	0.966043	0.998919	0.967054	0.962350	0.999203	0.963090
PSF	00786	0.5003	7684439	y	V	0.799744	0.803592	0.994047	0.903776	0.908858	0.993851	0.949739	0.955688	0.993488	0.964684	0.971305	0.992983	0.972750	0.980688	0.991747	0.978145	0.988799	0.989105	0.979076	0.992594	0.986282	0.977673	0.994304	0.983179	0.976589	0.995792	0.980636	0.975413	0.996973	0.978310	0.973803	0.997578	0.976111	0.972253	0.997909	0.974238	0.970889	0.998247	0.972548	0.958016	0.998906	0.959022	0.954365	0.999197	0.955098
POS	00786	0.5003	7684439	y	g	0.811900	0.811900	1.000000	0.917436	0.917436	1.000000	0.960069	0.960069	1.000000	0.974752	0.974769	0.999982	0.982723	0.983231	0.999475	0.988976	0.991008	0.997931	0.990572	0.994434	0.996095	0.989726	0.995666	0.994008	0.989511	0.997089	0.992378	0.988976	0.998123	0.990818	0.987937	0.998524	0.989382	0.986926	0.998732	0.988164	0.986046	0.998935	0.987083	0.977720	0.999330	0.978361	0.975358	0.999511	0.975823
PSF	00786	0.5003	7684439	y	g	0.808346	0.813605	0.992066	0.912311	0.919183	0.991871	0.953743	0.961572	0.991535	0.967388	0.975874	0.991091	0.974339	0.983893	0.990132	0.979742	0.991305	0.988234	0.980960	0.994563	0.986248	0.980076	0.995779	0.984165	0.979612	0.997080	0.982431	0.979026	0.998090	0.980864	0.977984	0.998486	0.979437	0.976990	0.998698	0.978236	0.976127	0.998907	0.977171	0.967922	0.999323	0.968557	0.965587	0.999507	0.966047
POS	00786	0.5003	7684439	z	V	0.801911	0.801911	1.000000	0.907135	0.907135	1.000000	0.954224	0.954224	1.000000	0.970233	0.970272	0.999959	0.979672	0.980283	0.999365	0.986443	0.989034	0.997352	0.988086	0.993170	0.994846	0.987099	0.995093	0.991927	0.985643	0.996392	0.989174	0.983675	0.997171	0.986428	0.982088	0.997792	0.984227	0.980590	0.998155	0.982370	0.979158	0.998463	0.980636	0.966027	0.999043	0.966922	0.962196	0.999254	0.962887
PSF	00786	0.5003	7684439	z	V	0.800394	0.804229	0.994078	0.904663	0.909657	0.993968	0.950718	0.956550	0.993628	0.965609	0.972145	0.993086	0.973631	0.981510	0.991823	0.979084	0.989655	0.989208	0.979798	0.993342	0.986275	0.978731	0.995229	0.983345	0.976891	0.996329	0.980420	0.975035	0.997161	0.977749	0.973419	0.997762	0.975549	0.971972	0.998147	0.973729	0.970566	0.998463	0.972018	0.957538	0.999039	0.958421	0.953742	0.999251	0.954424
POS	00786	0.5003	7684439	z	g	0.812057	0.812057	1.000000	0.917614	0.917614	1.000000	0.960256	0.960256	1.000000	0.974877	0.974926	0.999949	0.982882	0.983406	0.999458	0.989240	0.991236	0.997968	0.991152	0.994823	0.996291	0.990716	0.996264	0.994411	0.990192	0.997531	0.992625	0.988806	0.998134	0.990637	0.987843	0.998573	0.989239	0.986960	0.998847	0.988086	0.986067	0.999043	0.986999	0.977698	0.999417	0.978256	0.975240	0.999548	0.975670
PSF	00786	0.5003	7684439	z	g	0.808730	0.813964	0.992112	0.912907	0.919672	0.992007	0.954441	0.962119	0.991708	0.968085	0.976423	0.991256	0.974998	0.984424	0.990275	0.980390	0.991832	0.988370	0.981559	0.995067	0.986359	0.981045	0.996474	0.984463	0.980023	0.997489	0.982447	0.978767	0.998155	0.980540	0.977782	0.998580	0.979143	0.976883	0.998842	0.977990	0.976003	0.999042	0.976917	0.967712	0.999413	0.968262	0.965279	0.999545	0.965703
thin2	00786	0.5003	7684439	x	V	0.674224	0.674224	1.000000	0.862584	0.862584	1.000000	0.942122	0.942122	1.000000	0.977742	0.978476	0.999233	0.983786	0.989421	0.994244	0.983678	0.994764	0.988798	0.979567	0.997383	0.982092	0.975858	0.998358	0.977428	0.973479	0.998730	0.974685
thin2	00786	0.5003	7684439	x	g	0.674528	0.674528	1.000000	0.871409	0.871409	1.000000	0.949214	0.949214	1.000000	0.980729	0.981323	0.999384	0.986978	0.991113	0.995791	0.988308	0.996131	0.992117	0.985890	0.998261	0.987586	0.983667	0.998950	0.984686	0.982175	0.999203	0.982945
thin2	00786	0.5003	7684439	y	V	0.670956	0.670956	1.000000	0.858403	0.858403	1.000000	0.937556	0.937556	1.000000	0.974224	0.974351	0.999867	0.985003	0.987645	0.997292	0.986720	0.993890	0.992741	0.983802	0.997115	0.986610	0.980028	0.998062	0.981897	0.977788	0.998510	0.979216
thin2	00786	0.5003	7684439	y	g	0.672245	0.672245	1.000000	0.868459	0.868459	1.000000	0.946001	0.946001	1.000000	0.978358	0.978480	0.999873	0.988033	0.989971	0.998022	0.990507	0.995553	0.994909	0.989114	0.998201	0.990880	0.986702	0.998795	0.987878	0.985271	0.999082	0.986164
thin2	00786	0.5003	7684439	z	V	0.670922	0.670922	1.000000	0.858360	0.858360	1.000000	0.937509	0.937509	1.000000	0.974107	0.974267	0.999832	0.985210	0.987724	0.997423	0.987617	0.994320	0.993221	0.984031	0.997207	0.986751	0.980463	0.998260	0.982141	0.978187	0.998691	0.979443
thin2	00786	0.5003	7684439	z	g	0.672180	0.672180	1.000000	0.868375	0.868375	1.000000	0.945909	0.945909	1.000000	0.978192	0.978349	0.999836	0.987930	0.989871	0.998018	0.991003	0.995756	0.995207	0.989106	0.998149	0.990924	0.986987	0.998892	0.988069	0.985589	0.999196	0.986371
thin4	00786	0.5003	7684439	x	V	0.530715	0.530715	1.000000	0.779414	0.779414	1.000000	0.917737	0.917737	1.000000	0.960556	0.960562	0.999993	0.978793	0.979317	0.999453	0.984757	0.988755	0.995911	0.983050	0.994107	0.988813	0.979930	0.996586	0.983231	0.978288	0.997701	0.980498
thin4	00786	0.5003	7684439	x	g	0.525516	0.525516	1.000000	0.786107	0.786107	1.000000	0.926257	0.926257	1.000000	0.965402	0.965409	0.999993	0.982043	0.982464	0.999564	0.987923	0.990816	0.997053	0.987524	0.995348	0.992103	0.985651	0.997413	0.988177	0.984951	0.998477	0.986433
thin4	00786	0.5003	7684439	y	V	0.528113	0.528113	1.000000	0.775593	0.775593	1.000000	0.913237	0.913237	1.000000	0.955859	0.955859	1.000000	0.974845	0.974946	0.999894	0.984120	0.986018	0.998047	0.985920	0.993121	0.992699	0.983930	0.996171	0.987664	0.982614	0.997454	0.985084
thin4	00786	0.5003	7684439	y	g	0.523664	0.523664	1.000000	0.783337	0.783337	1.000000	0.922993	0.922993	1.000000	0.962012	0.962012	1.000000	0.979249	0.979338	0.999907	0.987338	0.988781	0.998524	0.989592	0.994637	0.994900	0.988908	0.997302	0.991561	0.988296	0.998409	0.989855
thin4	00786	0.5003	7684439	z	V	0.528152	0.528152	1.000000	0.775650	0.775650	1.000000	0.913304	0.913304	1.000000	0.955928	0.955929	0.999999	0.974710	0.974913	0.999786	0.984890	0.986443	0.998404	0.987027	0.993719	0.993223	0.984647	0.996574	0.987991	0.982620	0.997494	0.985051
thin4	00786	0.5003	7684439	z	g	0.523634	0.523634	1.000000	0.783293	0.783293	1.000000	0.922942	0.922942	1.000000	0.961958	0.961958	1.000000	0.979007	0.979188	0.999811	0.987665	0.988918	0.998719	0.990090	0.994861	0.995180	0.989094	0.997368	0.991682	0.988258	0.998362	0.989863
thin8	00786	0.5003	7684439	x	V	0.325150	0.325150	1.000000	0.639755	0.639755	1.000000	0.884162	0.884162	1.000000	0.943731	0.943731	1.000000	0.960948	0.960965	0.999982	0.975135	0.975590	0.999522	0.982905	0.986632	0.996171	0.984166	0.993612	0.990432	0.982934	0.995197	0.987618
thin8	00786	0.5003	7684439	x	g	0.317464	0.317464	1.000000	0.636635	0.636635	1.000000	0.894147	0.894147	1.000000	0.950609	0.950609	1.000000	0.965736	0.965748	0.999987	0.978522	0.978876	0.999631	0.985598	0.988338	0.997195	0.988539	0.995119	0.993355	0.988006	0.996388	0.991558
thin8	00786	0.5003	7684439	y	V	0.323415	0.323415	1.000000	0.636342	0.636342	1.000000	0.879444	0.879444	1.000000	0.938695	0.938695	1.000000	0.955854	0.955854	1.000000	0.970680	0.970763	0.999912	0.981823	0.983466	0.998301	0.986458	0.992119	0.994249	0.985627	0.993902	0.991624
thin8	00786	0.5003	7684439	y	g	0.316242	0.316242	1.000000	0.634184	0.634184	1.000000	0.890704	0.890704	1.000000	0.946949	0.946949	1.000000	0.962043	0.962043	1.000000	0.975323	0.975394	0.999925	0.984755	0.986019	0.998699	0.989823	0.993851	0.995923	0.989566	0.995254	0.994258
thin8	00786	0.5003	7684439	z	V	0.323523	0.323523	1.000000	0.636555	0.636555	1.000000	0.879739	0.879739	1.000000	0.939010	0.939010	1.000000	0.956174	0.956174	1.000000	0.971016	0.971094	0.999918	0.981682	0.983558	0.998061	0.987211	0.992666	0.994464	0.986575	0.994550	0.991938
thin8	00786	0.5003	7684439	z	g	0.316342	0.316342	1.000000	0.634384	0.634384	1.000000	0.890985	0.890985	1.000000	0.947248	0.947248	1.000000	0.962344	0.962345	0.999999	0.975589	0.975681	0.999903	0.984443	0.986017	0.998382	0.990146	0.994170	0.995929	0.989997	0.995629	0.994319
POS	00786	0.5003	7957229	x	V	0.768629	0.768629	1.000000	0.892308	0.892308	1.000000	0.941671	0.941671	1.000000	0.957311	0.957312	0.999998	0.967845	0.967975	0.999861	0.975947	0.977205	0.998683	0.980915	0.982964	0.997880	0.983896	0.987237	0.996572	0.985681	0.990382	0.995208	0.986180	0.992321	0.993764	0.964030	0.993430	0.970216	0.960849	0.994337	0.966136	0.959105	0.996504	0.962343	0.946544	0.998034	0.948312	0.933718	0.998407	0.935111
PSF	00786	0.5003	7957229	x	V	0.767993	0.771225	0.994573	0.890791	0.895227	0.994468	0.939295	0.944483	0.994186	0.954048	0.959780	0.993779	0.963658	0.970048	0.993211	0.970502	0.978704	0.991439	0.974722	0.984125	0.990293	0.977120	0.988132	0.988724	0.978173	0.990924	0.987016	0.978076	0.992569	0.985290	0.956027	0.993643	0.961910	0.952828	0.994532	0.957846	0.950735	0.996514	0.953908	0.938165	0.997985	0.939945	0.925522	0.998398	0.926898
POS	00786	0.5003	7957229	x	g	0.771849	0.771849	1.000000	0.902629	0.902629	1.000000	0.948321	0.948321	1.000000	0.961890	0.961901	0.999989	0.970732	0.970852	0.999873	0.977478	0.978400	0.999037	0.981496	0.982991	0.998453	0.984325	0.986695	0.997565	0.986129	0.989434	0.996624	0.986925	0.991158	0.995692	0.963493	0.992029	0.971010	0.960501	0.992717	0.967317	0.959521	0.995186	0.963995	0.951123	0.998287	0.952678	0.938047	0.998665	0.939225
PSF	00786	0.5003	7957229	x	g	0.770264	0.774656	0.992693	0.899734	0.905818	0.992590	0.944462	0.951414	0.992322	0.957245	0.964714	0.991977	0.965325	0.973358	0.991523	0.971071	0.980465	0.990230	0.974498	0.984798	0.989381	0.976767	0.988250	0.988243	0.977967	0.990705	0.987023	0.978186	0.992147	0.985819	0.954858	0.992982	0.961345	0.951846	0.993651	0.957670	0.950340	0.995849	0.954119	0.940832	0.998322	0.942322	0.927840	0.998669	0.928989
POS	00786	0.5003	7957229	y	V	0.746913	0.746913	1.000000	0.867099	0.867099	1.000000	0.915067	0.915067	1.000000	0.930267	0.930267	0.999999	0.939511	0.940115	0.999317	0.947087	0.948917	0.997968	0.951412	0.954245	0.996889	0.953190	0.957804	0.994971	0.953648	0.960183	0.992914	0.953237	0.961582	0.990977	0.971193	0.982922	0.987863	0.972054	0.985885	0.985773	0.970756	0.988236	0.982104	0.963679	0.992643	0.970611	0.959384	0.997644	0.961562
PSF	00786	0.5003	7957229	y	V	0.746367	0.749477	0.994470	0.865749	0.870002	0.994386	0.913213	0.918034	0.994282	0.927799	0.933022	0.994002	0.936476	0.942647	0.993058	0.943149	0.951046	0.991273	0.947002	0.956169	0.989977	0.948550	0.959634	0.987969	0.948786	0.961914	0.985820	0.948359	0.963314	0.983894	0.964319	0.983782	0.979896	0.964530	0.986426	0.977505	0.963126	0.988729	0.973818	0.955274	0.992718	0.962015	0.950764	0.997606	0.952938
POS	00786	0.5003	7957229	y	g	0.749117	0.749117	1.000000	0.876046	0.876046	1.000000	0.920392	0.920392	1.000000	0.933579	0.933581	0.999998	0.941601	0.941978	0.999574	0.948094	0.949265	0.998700	0.951693	0.953559	0.997948	0.952956	0.956380	0.996257	0.953011	0.958152	0.994401	0.952524	0.959161	0.992788	0.973172	0.982240	0.990603	0.974685	0.985223	0.989145	0.973706	0.987641	0.985717	0.968500	0.992369	0.975767	0.965358	0.998078	0.967157
PSF	00786	0.5003	7957229	y	g	0.747274	0.751444	0.992627	0.872930	0.878693	0.992543	0.916648	0.923085	0.992449	0.929260	0.936089	0.992210	0.936803	0.944312	0.991583	0.942543	0.951273	0.990358	0.945748	0.955400	0.989430	0.946824	0.958148	0.987672	0.946711	0.959845	0.985752	0.946207	0.960851	0.984148	0.964988	0.983177	0.981189	0.965915	0.985880	0.979465	0.964784	0.988229	0.976000	0.958709	0.992502	0.965703	0.955219	0.998038	0.957016
POS	00786	0.5003	7957229	z	V	0.771741	0.771741	1.000000	0.895921	0.895921	1.000000	0.945484	0.945484	1.000000	0.961139	0.961164	0.999973	0.970439	0.971222	0.999170	0.977956	0.980181	0.997685	0.982301	0.985641	0.996562	0.985053	0.989812	0.995143	0.986440	0.992766	0.993581	0.985286	0.993875	0.991306	0.962647	0.994737	0.967575	0.958689	0.995236	0.963109	0.953591	0.995618	0.957610	0.939968	0.996524	0.943059	0.929273	0.998026	0.930984
PSF	00786	0.5003	7957229	z	V	0.770123	0.773448	0.994449	0.893338	0.897857	0.994398	0.942328	0.947440	0.994308	0.957161	0.962801	0.993917	0.965611	0.972491	0.992726	0.972032	0.980950	0.990734	0.975598	0.986049	0.989253	0.977844	0.989988	0.987611	0.978828	0.992753	0.985873	0.977734	0.993892	0.983645	0.955276	0.994762	0.960105	0.951365	0.995272	0.955684	0.946320	0.995664	0.950236	0.932797	0.996572	0.935800	0.922095	0.998029	0.923777
POS	00786	0.5003	7957229	z	g	0.776565	0.776565	1.000000	0.908144	0.908144	1.000000	0.954115	0.954115	1.000000	0.967718	0.967753	0.999963	0.975765	0.976330	0.999408	0.982246	0.983773	0.998423	0.985751	0.988123	0.997570	0.988085	0.991595	0.996431	0.989504	0.994153	0.995296	0.988431	0.994941	0.993423	0.964448	0.995595	0.968582	0.960777	0.995935	0.964560	0.955612	0.996195	0.959113	0.942695	0.996841	0.945520	0.931827	0.998370	0.933246
PSF	00786	0.5003	7957229	z	g	0.773556	0.778064	0.992565	0.903642	0.909847	0.992509	0.948913	0.955830	0.992432	0.961770	0.969198	0.992094	0.969099	0.977479	0.991231	0.974608	0.984487	0.989808	0.977506	0.988564	0.988686	0.979407	0.991841	0.987361	0.980400	0.994200	0.986039	0.979372	0.995011	0.984205	0.955597	0.995662	0.959592	0.951966	0.996008	0.955612	0.946859	0.996275	0.950223	0.934059	0.996923	0.936759	0.923169	0.998393	0.924543
thin2	00786	0.5003	7957229	x	V	0.644052	0.644052	1.000000	0.845104	0.845104	1.000000	0.925682	0.925682	1.000000	0.959678	0.959687	0.999990	0.975643	0.976773	0.998816	0.983127	0.985823	0.997226	0.986545	0.992750	0.993704	0.965625	0.995546	0.969815	0.955384	0.997329	0.957835
thin2	00786	0.5003	7957229	x	g	0.640353	0.640353	1.000000	0.853603	0.853603	1.000000	0.934683	0.934683	1.000000	0.964696	0.964713	0.999981	0.977591	0.978420	0.999134	0.983808	0.985792	0.997959	0.987595	0.991934	0.995590	0.966716	0.994413	0.971996	0.958795	0.997636	0.960979
thin2	00786	0.5003	7957229	y	V	0.625854	0.625854	1.000000	0.821225	0.821225	1.000000	0.899526	0.899526	1.000000	0.932578	0.932579	0.999999	0.946553	0.948375	0.997975	0.953428	0.956945	0.996160	0.953789	0.962099	0.991025	0.967078	0.982047	0.984482	0.967392	0.989234	0.977686
thin2	00786	0.5003	7957229	y	g	0.621242	0.621242	1.000000	0.828127	0.828127	1.000000	0.906788	0.906788	1.000000	0.935939	0.935939	1.000000	0.947640	0.948809	0.998702	0.953429	0.955820	0.997383	0.953075	0.959672	0.992840	0.968817	0.980486	0.987865	0.970312	0.988460	0.981430
thin2	00786	0.5003	7957229	z	V	0.646460	0.646460	1.000000	0.848264	0.848264	1.000000	0.929143	0.929143	1.000000	0.963284	0.963284	1.000000	0.977175	0.979356	0.997726	0.984199	0.988198	0.995904	0.985508	0.994078	0.991327	0.961948	0.995495	0.966153	0.949451	0.996048	0.953041
thin2	00786	0.5003	7957229	z	g	0.643822	0.643822	1.000000	0.858226	0.858226	1.000000	0.939745	0.939745	1.000000	0.969956	0.969956	1.000000	0.981534	0.983039	0.998443	0.987402	0.990262	0.997084	0.988780	0.995215	0.993503	0.964923	0.996195	0.968492	0.951619	0.996552	0.954763
thin4	00786	0.5003	7957229	x	V	0.483172	0.483172	1.000000	0.749197	0.749197	1.000000	0.901464	0.901464	1.000000	0.942704	0.942704	1.000000	0.958995	0.959012	0.999981	0.973178	0.973480	0.999681	0.982514	0.985301	0.997129	0.985379	0.990842	0.994436	0.986361	0.993579	0.992688
thin4	00786	0.5003	7957229	x	g	0.468170	0.468170	1.000000	0.752552	0.752552	1.000000	0.911942	0.911942	1.000000	0.949691	0.949691	1.000000	0.963872	0.963891	0.999980	0.975472	0.975767	0.999690	0.983225	0.985275	0.997888	0.986185	0.990058	0.996048	0.987690	0.992735	0.994881
thin4	00786	0.5003	7957229	y	V	0.468966	0.468966	1.000000	0.727168	0.727168	1.000000	0.874959	0.874959	1.000000	0.914986	0.914986	1.000000	0.930815	0.930823	0.999990	0.943387	0.944247	0.999035	0.951832	0.955369	0.996126	0.953078	0.959916	0.992581	0.951631	0.961304	0.989537
thin4	00786	0.5003	7957229	y	g	0.453434	0.453434	1.000000	0.728865	0.728865	1.000000	0.883238	0.883238	1.000000	0.919798	0.919798	1.000000	0.933557	0.933563	0.999993	0.944221	0.944768	0.999387	0.951406	0.953783	0.997387	0.952041	0.957240	0.994328	0.950446	0.958237	0.991518
thin4	00786	0.5003	7957229	z	V	0.485082	0.485082	1.000000	0.752158	0.752158	1.000000	0.905027	0.905027	1.000000	0.946430	0.946430	1.000000	0.962802	0.962811	0.999990	0.975426	0.976519	0.998854	0.983869	0.987923	0.995846	0.984296	0.992247	0.991925	0.984315	0.994503	0.989699
thin4	00786	0.5003	7957229	z	g	0.470756	0.470756	1.000000	0.756709	0.756709	1.000000	0.916979	0.916979	1.000000	0.954936	0.954936	1.000000	0.969221	0.969227	0.999993	0.979891	0.980669	0.999192	0.986963	0.989869	0.997034	0.987071	0.993233	0.993753	0.987660	0.995459	0.992131
thin8	00786	0.5003	7957229	x	V	0.325993	0.325993	1.000000	0.614300	0.614300	1.000000	0.860245	0.860245	1.000000	0.926597	0.926597	1.000000	0.942880	0.942880	1.000000	0.956207	0.956210	0.999997	0.972205	0.972570	0.999615	0.980985	0.983376	0.997527	0.984270	0.988106	0.996072
thin8	00786	0.5003	7957229	x	g	0.302833	0.302833	1.000000	0.607284	0.607284	1.000000	0.869098	0.869098	1.000000	0.935409	0.935409	1.000000	0.950020	0.950020	1.000000	0.961722	0.961735	0.999986	0.974837	0.975170	0.999650	0.982001	0.983747	0.998197	0.984881	0.987684	0.997126
thin8	00786	0.5003	7957229	y	V	0.316060	0.316060	1.000000	0.595584	0.595584	1.000000	0.834035	0.834035	1.000000	0.898365	0.898365	1.000000	0.914152	0.914152	1.000000	0.927077	0.927077	0.999999	0.942892	0.943090	0.999777	0.949516	0.952566	0.996640	0.952176	0.956859	0.994887
thin8	00786	0.5003	7957229	y	g	0.292867	0.292867	1.000000	0.587298	0.587298	1.000000	0.840496	0.840496	1.000000	0.904624	0.904624	1.000000	0.918754	0.918754	1.000000	0.930096	0.930097	1.000000	0.943123	0.943261	0.999845	0.949045	0.951015	0.997822	0.950937	0.954347	0.996256
thin8	00786	0.5003	7957229	z	V	0.327088	0.327088	1.000000	0.616365	0.616365	1.000000	0.863136	0.863136	1.000000	0.929711	0.929711	1.000000	0.946049	0.946049	1.000000	0.959425	0.959426	1.000000	0.975339	0.975771	0.999546	0.981754	0.985406	0.996239	0.984947	0.990102	0.994742
thin8	00786	0.5003	7957229	z	g	0.304316	0.304316	1.000000	0.610256	0.610256	1.000000	0.873351	0.873351	1.000000	0.939987	0.939987	1.000000	0.954670	0.954670	1.000000	0.966455	0.966455	1.000000	0.979462	0.979870	0.999575	0.985138	0.987723	0.997350	0.987789	0.991561	0.996164
POS	00786	0.5003	8053339	x	V	0.304607	0.304607	1.000000	0.481658	0.481658	1.000000	0.828769	0.828769	1.000000	0.887646	0.887706	0.999924	0.921348	0.921655	0.999639	0.958898	0.960016	0.998786	0.969869	0.973913	0.995738	0.973203	0.982629	0.990240	0.972276	0.987664	0.984228	0.968689	0.990463	0.977810	0.966021	0.992135	0.973475	0.962619	0.993291	0.968919	0.959454	0.994116	0.964934	0.944370	0.995886	0.948068	0.940616	0.996652	0.943597
PSF	00786	0.5003	8053339	x	V	0.305631	0.306107	0.994940	0.482837	0.484027	0.994934	0.828574	0.832431	0.994439	0.885969	0.891002	0.993665	0.918175	0.924429	0.992687	0.952096	0.961232	0.990116	0.961312	0.974342	0.986279	0.963824	0.982693	0.980467	0.962555	0.987571	0.974358	0.958963	0.990362	0.967996	0.956351	0.992058	0.963729	0.952963	0.993209	0.959213	0.949857	0.994052	0.955286	0.934970	0.995856	0.938621	0.931255	0.996627	0.934199
POS	00786	0.5003	8053339	x	g	0.290825	0.290825	1.000000	0.473000	0.473000	1.000000	0.841452	0.841452	1.000000	0.895880	0.896011	0.999836	0.926715	0.927119	0.999530	0.965757	0.966763	0.998924	0.976471	0.979527	0.996815	0.980456	0.987579	0.992697	0.979985	0.991637	0.988152	0.976829	0.993721	0.982896	0.974576	0.994890	0.979478	0.971539	0.995680	0.975652	0.969162	0.996219	0.972740	0.954140	0.997367	0.956550	0.951170	0.997858	0.953116
PSF	00786	0.5003	8053339	x	g	0.291644	0.292234	0.993129	0.473731	0.475290	0.993124	0.839846	0.845111	0.992637	0.892781	0.899360	0.991872	0.922154	0.929995	0.990940	0.957642	0.968198	0.988743	0.966597	0.980189	0.985857	0.969376	0.987689	0.981232	0.968570	0.991594	0.976588	0.965389	0.993658	0.971374	0.963178	0.994843	0.968012	0.960147	0.995621	0.964219	0.957819	0.996175	0.961355	0.943007	0.997348	0.945378	0.940071	0.997841	0.941986
POS	00786	0.5003	8053339	y	V	0.300594	0.300594	1.000000	0.475313	0.475313	1.000000	0.817851	0.817851	1.000000	0.876019	0.876047	0.999964	0.909504	0.909665	0.999806	0.946653	0.947561	0.998989	0.958683	0.961871	0.996555	0.964380	0.971676	0.992274	0.963425	0.976598	0.986193	0.962236	0.980557	0.980953	0.960507	0.982669	0.977059	0.957665	0.984073	0.972742	0.955018	0.985135	0.968982	0.957000	0.995925	0.960762	0.954106	0.997173	0.956694
PSF	00786	0.5003	8053339	y	V	0.301848	0.302300	0.995068	0.476888	0.478015	0.995078	0.818208	0.821971	0.994436	0.874387	0.879533	0.993353	0.906335	0.912614	0.992467	0.939594	0.948817	0.989761	0.950494	0.962673	0.986865	0.955843	0.972379	0.982519	0.954723	0.977241	0.976433	0.953311	0.981101	0.971144	0.951568	0.983210	0.967285	0.948811	0.984656	0.963051	0.946229	0.985746	0.959356	0.946861	0.995880	0.950585	0.943982	0.997126	0.946558
POS	00786	0.5003	8053339	y	g	0.286179	0.286179	1.000000	0.465444	0.465444	1.000000	0.828010	0.828010	1.000000	0.881671	0.881751	0.999897	0.912080	0.912394	0.999623	0.950449	0.951372	0.998980	0.961846	0.964353	0.997305	0.967847	0.973309	0.994235	0.967675	0.977423	0.989799	0.967535	0.980974	0.986039	0.966277	0.982608	0.983091	0.963929	0.983707	0.979568	0.962111	0.984503	0.976905	0.968052	0.996563	0.971295	0.966051	0.997581	0.968319
PSF	00786	0.5003	8053339	y	g	0.287071	0.287627	0.993309	0.466340	0.467806	0.993324	0.826553	0.831645	0.992647	0.878268	0.884817	0.991643	0.907402	0.915077	0.990842	0.942329	0.952653	0.988630	0.952702	0.965239	0.986550	0.958284	0.974065	0.983375	0.957885	0.978087	0.978892	0.957406	0.981483	0.975018	0.956133	0.983113	0.972098	0.953812	0.984222	0.968623	0.952039	0.985038	0.966009	0.956869	0.996615	0.959989	0.954884	0.997635	0.957051
POS	00786	0.5003	8053339	z	V	0.303697	0.303697	1.000000	0.480219	0.480219	1.000000	0.826292	0.826292	1.000000	0.885114	0.885117	0.999996	0.919096	0.919161	0.999923	0.956747	0.957511	0.999166	0.969498	0.972284	0.997053	0.974976	0.982071	0.992645	0.975814	0.988002	0.987516	0.972067	0.990722	0.980997	0.969959	0.992689	0.976938	0.966922	0.994042	0.972558	0.964443	0.995236	0.968917	0.949496	0.997130	0.952098	0.945831	0.997958	0.947666
PSF	00786	0.5003	8053339	z	V	0.304600	0.305074	0.994926	0.481208	0.482394	0.994919	0.825716	0.829586	0.994382	0.882942	0.887972	0.993624	0.915040	0.921286	0.992646	0.949814	0.958462	0.990590	0.961282	0.972700	0.987936	0.965946	0.982140	0.983217	0.966587	0.988001	0.978069	0.962943	0.990770	0.971660	0.960732	0.992682	0.967585	0.957773	0.994068	0.963279	0.955232	0.995221	0.959633	0.940442	0.997133	0.942992	0.936780	0.997946	0.938589
POS	00786	0.5003	8053339	z	g	0.289882	0.289882	1.000000	0.471467	0.471467	1.000000	0.838725	0.838725	1.000000	0.893234	0.893243	0.999989	0.924296	0.924417	0.999858	0.963083	0.963860	0.999164	0.974755	0.977083	0.997561	0.980579	0.986045	0.994378	0.981633	0.990867	0.990596	0.978529	0.992974	0.985351	0.976887	0.994457	0.982236	0.974518	0.995594	0.978740	0.972884	0.996522	0.976199	0.958326	0.997947	0.960219	0.955788	0.998677	0.957000
PSF	00786	0.5003	8053339	z	g	0.290495	0.291082	0.993102	0.471864	0.473417	0.993097	0.836365	0.841686	0.992499	0.889082	0.895718	0.991736	0.918426	0.926277	0.990856	0.954657	0.964783	0.989126	0.965222	0.977568	0.987085	0.970220	0.986186	0.983587	0.971055	0.990928	0.979766	0.967969	0.993038	0.974582	0.966224	0.994466	0.971447	0.963918	0.995629	0.968014	0.962224	0.996521	0.965467	0.947832	0.997958	0.949674	0.945280	0.998670	0.946472
thin2	00786	0.5003	8053339	x	V	0.214778	0.214778	1.000000	0.373734	0.373734	1.000000	0.658798	0.658798	1.000000	0.904008	0.904068	0.999926	0.955803	0.956827	0.998882	0.973101	0.979770	0.993054	0.970864	0.989870	0.980607	0.961594	0.993573	0.967613	0.956577	0.994754	0.961427
thin2	00786	0.5003	8053339	x	g	0.202839	0.202839	1.000000	0.359225	0.359225	1.000000	0.661462	0.661462	1.000000	0.911043	0.911175	0.999840	0.962129	0.963011	0.999048	0.979795	0.984709	0.994933	0.978856	0.993120	0.985540	0.970690	0.995870	0.974613	0.967061	0.996636	0.970228
thin2	00786	0.5003	8053339	y	V	0.211917	0.211917	1.000000	0.368754	0.368754	1.000000	0.650021	0.650021	1.000000	0.891952	0.892016	0.999919	0.943753	0.944424	0.999247	0.962480	0.967874	0.994243	0.962834	0.979102	0.983036	0.957433	0.984685	0.971906	0.953323	0.986294	0.966122
thin2	00786	0.5003	8053339	y	g	0.199587	0.199587	1.000000	0.353466	0.353466	1.000000	0.650859	0.650859	1.000000	0.896371	0.896532	0.999799	0.946927	0.947681	0.999161	0.965657	0.969686	0.995716	0.967342	0.979239	0.987597	0.963908	0.984288	0.978971	0.961147	0.985458	0.974975
thin2	00786	0.5003	8053339	z	V	0.214090	0.214090	1.000000	0.372536	0.372536	1.000000	0.656687	0.656687	1.000000	0.901215	0.901225	0.999987	0.953209	0.953999	0.999132	0.973227	0.978275	0.994727	0.974488	0.990145	0.984033	0.966247	0.994401	0.971533	0.961278	0.995621	0.965360
thin2	00786	0.5003	8053339	z	g	0.202163	0.202163	1.000000	0.358028	0.358028	1.000000	0.659258	0.659258	1.000000	0.908208	0.908244	0.999956	0.959102	0.959892	0.999142	0.978424	0.982381	0.995900	0.980634	0.992368	0.988086	0.973976	0.995898	0.977899	0.970630	0.996816	0.973648
thin4	00786	0.5003	8053339	x	V	0.123230	0.123230	1.000000	0.281837	0.281837	1.000000	0.512327	0.512327	1.000000	0.834764	0.834772	0.999988	0.902912	0.902949	0.999954	0.940270	0.940901	0.999287	0.973996	0.979672	0.994087	0.972083	0.988963	0.982744	0.965317	0.991727	0.973153
thin4	00786	0.5003	8053339	x	g	0.111875	0.111875	1.000000	0.268207	0.268207	1.000000	0.506779	0.506779	1.000000	0.847314	0.847336	0.999969	0.909693	0.909782	0.999893	0.944599	0.945249	0.999272	0.980922	0.985033	0.995763	0.979762	0.992497	0.987073	0.973732	0.994593	0.978914
thin4	00786	0.5003	8053339	y	V	0.121545	0.121545	1.000000	0.277983	0.277983	1.000000	0.505321	0.505321	1.000000	0.823366	0.823366	1.000000	0.890537	0.890587	0.999937	0.927525	0.928089	0.999346	0.963809	0.967840	0.995697	0.963534	0.977781	0.985103	0.959866	0.982045	0.977013
thin4	00786	0.5003	8053339	y	g	0.110040	0.110040	1.000000	0.263810	0.263810	1.000000	0.498470	0.498470	1.000000	0.833469	0.833469	1.000000	0.894676	0.894810	0.999832	0.929053	0.929715	0.999233	0.966510	0.969702	0.996605	0.967541	0.978098	0.988968	0.965216	0.981985	0.982616
thin4	00786	0.5003	8053339	z	V	0.122833	0.122833	1.000000	0.280929	0.280929	1.000000	0.510678	0.510678	1.000000	0.832095	0.832095	1.000000	0.900072	0.900078	0.999993	0.937533	0.938021	0.999445	0.972262	0.977224	0.994805	0.975593	0.989171	0.986125	0.968722	0.991890	0.976456
thin4	00786	0.5003	8053339	z	g	0.111507	0.111507	1.000000	0.267326	0.267326	1.000000	0.505115	0.505115	1.000000	0.844579	0.844579	1.000000	0.906814	0.906850	0.999956	0.941746	0.942272	0.999407	0.977887	0.981886	0.995853	0.981385	0.991690	0.989522	0.975465	0.993841	0.981398
thin8	00786	0.5003	8053339	x	V	0.055851	0.055851	1.000000	0.192899	0.192899	1.000000	0.393707	0.393707	1.000000	0.719746	0.719746	1.000000	0.833336	0.833336	1.000000	0.891634	0.891672	0.999952	0.935670	0.936248	0.999341	0.972742	0.976378	0.996185	0.975763	0.983472	0.992031
thin8	00786	0.5003	8053339	x	g	0.048318	0.048318	1.000000	0.180249	0.180249	1.000000	0.378578	0.378578	1.000000	0.734396	0.734396	1.000000	0.845145	0.845145	1.000000	0.898233	0.898313	0.999901	0.939255	0.939894	0.999276	0.978758	0.981445	0.997211	0.981594	0.987307	0.994139
thin8	00786	0.5003	8053339	y	V	0.055046	0.055046	1.000000	0.190118	0.190118	1.000000	0.388032	0.388032	1.000000	0.709371	0.709371	1.000000	0.821324	0.821324	1.000000	0.878834	0.878846	0.999984	0.922187	0.922750	0.999339	0.960000	0.962933	0.996837	0.963106	0.969962	0.992714
thin8	00786	0.5003	8053339	y	g	0.047489	0.047489	1.000000	0.177158	0.177158	1.000000	0.372086	0.372086	1.000000	0.721803	0.721803	1.000000	0.830653	0.830653	1.000000	0.882938	0.882965	0.999965	0.923059	0.923724	0.999220	0.962576	0.964900	0.997504	0.965510	0.970711	0.994482
thin8	00786	0.5003	8053339	z	V	0.055623	0.055623	1.000000	0.192110	0.192110	1.000000	0.392098	0.392098	1.000000	0.716804	0.716804	1.000000	0.829929	0.829929	1.000000	0.888067	0.888068	0.999999	0.932024	0.932512	0.999439	0.969556	0.972782	0.996591	0.971987	0.979544	0.992125
thin8	00786	0.5003	8053339	z	g	0.048130	0.048130	1.000000	0.179547	0.179547	1.000000	0.377103	0.377103	1.000000	0.731534	0.731534	1.000000	0.841852	0.841852	1.000000	0.894896	0.894898	0.999997	0.935807	0.936340	0.999392	0.974976	0.977632	0.997222	0.977093	0.983105	0.993781
POS	00786	0.5003	8190687	x	V	0.455367	0.455367	1.000000	0.764833	0.764833	1.000000	0.937659	0.937659	1.000000	0.962214	0.962295	0.999912	0.974075	0.974860	0.999174	0.980598	0.983485	0.997015	0.982048	0.987163	0.994751	0.982616	0.989786	0.992682	0.982265	0.991164	0.990943	0.981645	0.992185	0.989295	0.980335	0.992692	0.987462	0.979238	0.993200	0.985847	0.978396	0.993561	0.984640	0.976404	0.994258	0.981941	0.975089	0.994591	0.980288
PSF	00786	0.5003	8190687	x	V	0.456100	0.457211	0.994700	0.764343	0.767669	0.994363	0.934470	0.940267	0.993445	0.957083	0.964097	0.992456	0.966845	0.975688	0.990712	0.972140	0.983754	0.988002	0.973412	0.987365	0.985691	0.973670	0.989843	0.983496	0.973267	0.991199	0.981751	0.972466	0.992128	0.980028	0.971213	0.992661	0.978237	0.970121	0.993169	0.976638	0.969305	0.993541	0.975452	0.967339	0.994245	0.972786	0.966038	0.994581	0.971150
POS	00786	0.5003	8190687	x	g	0.451343	0.451343	1.000000	0.777819	0.777819	1.000000	0.950214	0.950214	1.000000	0.971110	0.971224	0.999880	0.979456	0.980381	0.999038	0.984622	0.987273	0.997280	0.985450	0.989712	0.995649	0.985879	0.991656	0.994126	0.985534	0.992609	0.992820	0.985221	0.993445	0.991668	0.984253	0.993768	0.990366	0.983518	0.994143	0.989249	0.982935	0.994377	0.988428	0.981558	0.994819	0.986602	0.980662	0.995031	0.985489
PSF	00786	0.5003	8190687	x	g	0.451667	0.453148	0.992816	0.775925	0.780581	0.992372	0.944589	0.952521	0.991262	0.963501	0.972717	0.990263	0.970327	0.981187	0.988722	0.974484	0.987628	0.986526	0.975157	0.990007	0.984852	0.975243	0.991787	0.983183	0.974824	0.992706	0.981857	0.974293	0.993432	0.980610	0.973359	0.993769	0.979335	0.972602	0.994131	0.978219	0.972032	0.994370	0.977411	0.970681	0.994819	0.975613	0.969796	0.995032	0.974514
POS	00786	0.5003	8190687	y	V	0.456182	0.456182	1.000000	0.766201	0.766201	1.000000	0.939337	0.939337	1.000000	0.963851	0.963974	0.999867	0.975643	0.976516	0.999084	0.983014	0.985583	0.997356	0.985027	0.989553	0.995378	0.985884	0.992329	0.993455	0.986003	0.993952	0.991954	0.986023	0.995304	0.990632	0.984973	0.995951	0.988933	0.984314	0.996689	0.987543	0.983634	0.997138	0.986419	0.982103	0.998084	0.983958	0.981261	0.998668	0.982547
PSF	00786	0.5003	8190687	y	V	0.456847	0.457968	0.994669	0.765528	0.768908	0.994291	0.935699	0.941678	0.993260	0.958073	0.965408	0.992132	0.967792	0.976991	0.990364	0.974254	0.985667	0.988255	0.976108	0.989584	0.986241	0.976996	0.992393	0.984368	0.977047	0.993988	0.982855	0.976924	0.995273	0.981478	0.975903	0.995933	0.979808	0.975240	0.996669	0.978429	0.974584	0.997129	0.977326	0.973064	0.998078	0.974891	0.972215	0.998657	0.973488
POS	00786	0.5003	8190687	y	g	0.452244	0.452244	1.000000	0.779372	0.779372	1.000000	0.952111	0.952111	1.000000	0.973006	0.973141	0.999858	0.981607	0.982438	0.999140	0.987618	0.989767	0.997807	0.988873	0.992427	0.996391	0.989704	0.994580	0.995071	0.989917	0.995820	0.994047	0.990125	0.996924	0.993159	0.989338	0.997345	0.991950	0.988895	0.997874	0.990983	0.988422	0.998168	0.990219	0.987351	0.998773	0.988550	0.986764	0.999148	0.987595
PSF	00786	0.5003	8190687	y	g	0.452452	0.453943	0.992790	0.777229	0.781932	0.992322	0.946067	0.954119	0.991159	0.964900	0.974295	0.990105	0.971950	0.982890	0.988677	0.977303	0.989955	0.987092	0.978451	0.992582	0.985658	0.979226	0.994723	0.984340	0.979300	0.995900	0.983264	0.979303	0.996906	0.982289	0.978536	0.997335	0.981102	0.978082	0.997859	0.980140	0.977620	0.998157	0.979389	0.976560	0.998765	0.977741	0.975969	0.999137	0.976793
POS	00786	0.5003	8190687	z	V	0.463179	0.463179	1.000000	0.777953	0.777953	1.000000	0.953711	0.953727	0.999983	0.975795	0.977323	0.998400	0.982639	0.987478	0.995038	0.980751	0.991941	0.988628	0.979110	0.994093	0.984840	0.977094	0.995426	0.981501	0.975675	0.996272	0.979251	0.974429	0.996981	0.977312	0.973067	0.997467	0.975478	0.971684	0.997831	0.973741	0.970720	0.998132	0.972487	0.968472	0.998700	0.969694	0.966981	0.998942	0.967972
PSF	00786	0.5003	8190687	z	V	0.463950	0.465063	0.994869	0.777690	0.780951	0.994659	0.948384	0.955285	0.992441	0.967677	0.977642	0.989577	0.973282	0.987238	0.985683	0.971340	0.991684	0.979317	0.969885	0.993933	0.975661	0.968021	0.995341	0.972427	0.966668	0.996218	0.970228	0.965455	0.996943	0.968322	0.964122	0.997439	0.966515	0.962754	0.997806	0.964796	0.961809	0.998114	0.963561	0.959592	0.998690	0.960801	0.958114	0.998933	0.959095
POS	00786	0.5003	8190687	z	g	0.458096	0.458096	1.000000	0.789457	0.789457	1.000000	0.964314	0.964372	0.999938	0.982824	0.984336	0.998440	0.987813	0.991885	0.995861	0.985087	0.994859	0.990128	0.983766	0.996236	0.987437	0.982007	0.997085	0.984834	0.980815	0.997617	0.983119	0.979736	0.998069	0.981597	0.978733	0.998378	0.980292	0.977712	0.998610	0.979045	0.977043	0.998802	0.978190	0.975510	0.999166	0.976305	0.974499	0.999320	0.975146
PSF	00786	0.5003	8190687	z	g	0.458446	0.459928	0.993019	0.787804	0.792379	0.992724	0.956557	0.965620	0.990283	0.972760	0.984602	0.987788	0.976786	0.991726	0.984812	0.974038	0.994688	0.979131	0.972840	0.996128	0.976533	0.971182	0.997025	0.974005	0.970044	0.997580	0.972331	0.968991	0.998042	0.970836	0.968008	0.998358	0.969552	0.967000	0.998592	0.968320	0.966344	0.998788	0.967479	0.964835	0.999157	0.965621	0.963836	0.999313	0.964476
thin2	00786	0.5003	8190687	x	V	0.304181	0.304181	1.000000	0.601969	0.601969	1.000000	0.880236	0.880236	1.000000	0.967771	0.967899	0.999863	0.980228	0.983197	0.996929	0.982498	0.988952	0.993402	0.981897	0.992129	0.989606	0.978829	0.993242	0.985391	0.977549	0.993818	0.983530
thin2	00786	0.5003	8190687	x	g	0.301984	0.301984	1.000000	0.604282	0.604282	1.000000	0.893824	0.893824	1.000000	0.975210	0.975449	0.999749	0.984223	0.986948	0.997203	0.985754	0.991041	0.994617	0.985464	0.993388	0.991970	0.983199	0.994125	0.988946	0.982316	0.994495	0.987687
thin2	00786	0.5003	8190687	y	V	0.304760	0.304760	1.000000	0.603113	0.603113	1.000000	0.881909	0.881909	1.000000	0.969497	0.969681	0.999804	0.982932	0.985494	0.997362	0.985760	0.991545	0.994117	0.985805	0.995063	0.990650	0.984011	0.996843	0.987087	0.982826	0.997476	0.985277
thin2	00786	0.5003	8190687	y	g	0.302628	0.302628	1.000000	0.605571	0.605571	1.000000	0.895731	0.895731	1.000000	0.977326	0.977548	0.999768	0.987516	0.989658	0.997813	0.989610	0.994047	0.995510	0.989868	0.996682	0.993141	0.988652	0.997963	0.990651	0.987818	0.998365	0.989419
thin2	00786	0.5003	8190687	z	V	0.309377	0.309377	1.000000	0.612251	0.612251	1.000000	0.895272	0.895272	1.000000	0.979229	0.981870	0.997261	0.981134	0.991998	0.988961	0.977988	0.995064	0.982755	0.974798	0.996949	0.977714	0.971552	0.997982	0.973465	0.969936	0.998388	0.971458
thin2	00786	0.5003	8190687	z	g	0.306458	0.306458	1.000000	0.613233	0.613233	1.000000	0.907065	0.907065	1.000000	0.985225	0.987668	0.997495	0.985560	0.994901	0.990564	0.982793	0.996856	0.985849	0.980194	0.998049	0.982076	0.977761	0.998706	0.979001	0.976655	0.998966	0.977644
thin4	00786	0.5003	8190687	x	V	0.187138	0.187138	1.000000	0.404125	0.404125	1.000000	0.790480	0.790480	1.000000	0.936737	0.936737	1.000000	0.967287	0.967458	0.999817	0.977175	0.979117	0.997974	0.982322	0.988581	0.993596	0.981910	0.991658	0.990089	0.980622	0.992425	0.988017
thin4	00786	0.5003	8190687	x	g	0.183250	0.183250	1.000000	0.397676	0.397676	1.000000	0.803746	0.803746	1.000000	0.947791	0.947792	1.000000	0.974525	0.974767	0.999745	0.980959	0.982867	0.998025	0.985584	0.990661	0.994828	0.985230	0.992995	0.992125	0.984250	0.993484	0.990645
thin4	00786	0.5003	8190687	y	V	0.187491	0.187491	1.000000	0.404887	0.404887	1.000000	0.791971	0.791971	1.000000	0.938502	0.938503	0.999999	0.969038	0.969245	0.999779	0.978939	0.980925	0.997936	0.985531	0.991139	0.994292	0.986045	0.994698	0.991255	0.985678	0.995942	0.989652
thin4	00786	0.5003	8190687	y	g	0.183641	0.183641	1.000000	0.398526	0.398526	1.000000	0.805464	0.805464	1.000000	0.949817	0.949817	0.999999	0.976618	0.976856	0.999751	0.983491	0.985189	0.998250	0.989277	0.993585	0.995636	0.990124	0.996538	0.993542	0.989857	0.997394	0.992424
thin4	00786	0.5003	8190687	z	V	0.190448	0.190448	1.000000	0.411272	0.411272	1.000000	0.804460	0.804460	1.000000	0.953115	0.953207	0.999899	0.979353	0.982022	0.997232	0.983512	0.990922	0.992455	0.978039	0.995103	0.982770	0.974646	0.996685	0.977815	0.973257	0.997410	0.975724
thin4	00786	0.5003	8190687	z	g	0.186108	0.186108	1.000000	0.403880	0.403880	1.000000	0.816284	0.816284	1.000000	0.962219	0.962395	0.999811	0.985276	0.987732	0.997483	0.988207	0.994155	0.993982	0.982662	0.996879	0.985695	0.979656	0.997884	0.981696	0.978614	0.998346	0.980203
thin8	00786	0.5003	8190687	x	V	0.091349	0.091349	1.000000	0.276438	0.276438	1.000000	0.653029	0.653029	1.000000	0.880642	0.880642	1.000000	0.936263	0.936263	1.000000	0.961890	0.961957	0.999928	0.978331	0.980363	0.997886	0.981719	0.987102	0.994476	0.982487	0.989560	0.992777
thin8	00786	0.5003	8190687	x	g	0.086636	0.086636	1.000000	0.272936	0.272936	1.000000	0.658325	0.658325	1.000000	0.893234	0.893234	1.000000	0.947446	0.947446	1.000000	0.969723	0.969817	0.999900	0.982482	0.984446	0.997973	0.984864	0.989340	0.995427	0.985501	0.991150	0.994250
thin8	00786	0.5003	8190687	y	V	0.091519	0.091519	1.000000	0.276952	0.276952	1.000000	0.654242	0.654242	1.000000	0.882277	0.882277	1.000000	0.938001	0.938001	1.000000	0.963647	0.963728	0.999912	0.980427	0.982327	0.998031	0.984529	0.989440	0.994984	0.985309	0.991911	0.993291
thin8	00786	0.5003	8190687	y	g	0.086827	0.086827	1.000000	0.273536	0.273536	1.000000	0.659773	0.659773	1.000000	0.895199	0.895199	1.000000	0.949530	0.949530	1.000000	0.971809	0.971927	0.999875	0.985321	0.986956	0.998321	0.988391	0.992209	0.996122	0.989083	0.994051	0.994972
thin8	00786	0.5003	8190687	z	V	0.092922	0.092922	1.000000	0.281198	0.281198	1.000000	0.664272	0.664272	1.000000	0.895804	0.895804	1.000000	0.952095	0.952235	0.999845	0.974661	0.976600	0.997967	0.982410	0.990807	0.991447	0.979630	0.994498	0.984969	0.977907	0.995713	0.982042
thin8	00786	0.5003	8190687	z	g	0.087945	0.087945	1.000000	0.277060	0.277060	1.000000	0.668273	0.668273	1.000000	0.906732	0.906732	1.000000	0.961290	0.961522	0.999750	0.980893	0.982714	0.998115	0.986853	0.994055	0.992713	0.984300	0.996505	0.987710	0.982847	0.997271	0.985498
POS	00786	0.5003	8356466	x	V	0.883481	0.883481	1.000000	0.939153	0.939153	1.000000	0.972339	0.972340	0.999999	0.981211	0.981317	0.999889	0.986502	0.987597	0.998877	0.987911	0.991128	0.996725	0.987971	0.993205	0.994695	0.988013	0.995607	0.992339	0.986714	0.996836	0.989814	0.985049	0.997569	0.987419	0.983766	0.997996	0.985713	0.982389	0.998330	0.984006	0.981166	0.998574	0.982543	0.977292	0.999157	0.978099	0.975048	0.999331	0.975685
PSF	00786	0.5003	8356466	x	V	0.880521	0.884876	0.994442	0.935557	0.940553	0.994354	0.967620	0.973374	0.993929	0.975208	0.981756	0.993207	0.979557	0.987597	0.991758	0.980846	0.991084	0.989578	0.980917	0.993174	0.987576	0.980886	0.995548	0.985208	0.979634	0.996799	0.982725	0.977993	0.997542	0.980356	0.976724	0.997973	0.978666	0.975363	0.998311	0.976975	0.974146	0.998554	0.975522	0.970305	0.999143	0.971114	0.968097	0.999327	0.968728
POS	00786	0.5003	8356466	x	g	0.895580	0.895580	1.000000	0.950069	0.950069	1.000000	0.979390	0.979393	0.999997	0.986198	0.986469	0.999721	0.989391	0.990907	0.998457	0.989879	0.993357	0.996475	0.989834	0.994907	0.994876	0.989993	0.996894	0.993056	0.988981	0.997817	0.991126	0.987510	0.998343	0.989131	0.986535	0.998648	0.987855	0.985440	0.998873	0.986536	0.984517	0.999037	0.985453	0.981612	0.999435	0.982157	0.979945	0.999549	0.980379
PSF	00786	0.5003	8356466	x	g	0.890773	0.896894	0.992398	0.944350	0.951345	0.992275	0.972206	0.980162	0.991720	0.977811	0.986685	0.990885	0.980585	0.990944	0.989452	0.981062	0.993403	0.987496	0.980976	0.994937	0.985897	0.980987	0.996859	0.984029	0.980002	0.997795	0.982129	0.978561	0.998332	0.980163	0.977592	0.998636	0.978899	0.976508	0.998864	0.977594	0.975594	0.999028	0.976521	0.972717	0.999430	0.973257	0.971078	0.999550	0.971502
POS	00786	0.5003	8356466	y	V	0.887725	0.887725	1.000000	0.943665	0.943665	1.000000	0.977012	0.977012	1.000000	0.985772	0.985955	0.999811	0.989385	0.991410	0.997940	0.988723	0.993913	0.994747	0.987260	0.995228	0.991956	0.984635	0.996283	0.988265	0.982312	0.996990	0.985234	0.980164	0.997473	0.982604	0.978735	0.997823	0.980829	0.977260	0.998103	0.979079	0.976013	0.998331	0.977608	0.971928	0.998795	0.973069	0.969714	0.998978	0.970677
PSF	00786	0.5003	8356466	y	V	0.884621	0.888920	0.994562	0.939956	0.944872	0.994496	0.972266	0.977891	0.994119	0.979381	0.986054	0.993137	0.982152	0.991111	0.990880	0.981726	0.993740	0.987836	0.980422	0.995135	0.985143	0.977890	0.996233	0.981520	0.975644	0.996973	0.978542	0.973535	0.997471	0.975944	0.972112	0.997820	0.974182	0.970651	0.998103	0.972445	0.969402	0.998327	0.970980	0.965349	0.998794	0.966475	0.963154	0.998980	0.964102
POS	00786	0.5003	8356466	y	g	0.899461	0.899461	1.000000	0.954186	0.954186	1.000000	0.983638	0.983639	0.999999	0.990199	0.990607	0.999584	0.991951	0.994335	0.997589	0.990761	0.995951	0.994767	0.989313	0.996798	0.992467	0.986855	0.997464	0.989337	0.984909	0.997911	0.986943	0.983017	0.998221	0.984743	0.981881	0.998440	0.983389	0.980699	0.998620	0.982030	0.979740	0.998762	0.980931	0.976669	0.999068	0.977560	0.975030	0.999191	0.975800
PSF	00786	0.5003	8356466	y	g	0.894698	0.900742	0.992556	0.948551	0.955444	0.992452	0.976528	0.984383	0.991895	0.981488	0.990595	0.990721	0.982811	0.994128	0.988550	0.981820	0.995847	0.985856	0.980483	0.996748	0.983629	0.978110	0.997449	0.980563	0.976222	0.997920	0.978213	0.974357	0.998236	0.976038	0.973234	0.998458	0.974699	0.972064	0.998639	0.973354	0.971111	0.998781	0.972264	0.968068	0.999089	0.968924	0.966441	0.999211	0.967179
POS	00786	0.5003	8356466	z	V	0.886018	0.886018	1.000000	0.941850	0.941850	1.000000	0.975126	0.975130	0.999997	0.984014	0.984128	0.999882	0.988531	0.990030	0.998470	0.989207	0.993202	0.995951	0.988588	0.994942	0.993582	0.986433	0.996237	0.990123	0.984490	0.997138	0.987279	0.982497	0.997703	0.984724	0.981128	0.998086	0.982978	0.979652	0.998367	0.981225	0.978398	0.998593	0.979748	0.974425	0.999121	0.975262	0.972263	0.999334	0.972894
PSF	00786	0.5003	8356466	z	V	0.883020	0.887388	0.994457	0.938188	0.943211	0.994356	0.970259	0.976082	0.993889	0.977737	0.984423	0.993102	0.981140	0.989794	0.991167	0.981955	0.993050	0.988750	0.981452	0.994853	0.986461	0.979342	0.996167	0.983046	0.977464	0.997099	0.980252	0.975512	0.997680	0.977731	0.974165	0.998069	0.976004	0.972699	0.998351	0.974264	0.971459	0.998581	0.972802	0.967515	0.999110	0.968349	0.965373	0.999327	0.966001
POS	00786	0.5003	8356466	z	g	0.897936	0.897936	1.000000	0.952568	0.952568	1.000000	0.981957	0.981964	0.999992	0.988813	0.989075	0.999733	0.991517	0.993275	0.998218	0.991486	0.995472	0.995977	0.990714	0.996659	0.994014	0.988638	0.997520	0.991074	0.986979	0.998115	0.988822	0.985194	0.998481	0.986673	0.984128	0.998738	0.985353	0.982958	0.998925	0.983999	0.982009	0.999073	0.982904	0.979008	0.999420	0.979565	0.977397	0.999560	0.977818
PSF	00786	0.5003	8356466	z	g	0.893214	0.899327	0.992447	0.946896	0.953904	0.992301	0.974715	0.982742	0.991689	0.980176	0.989203	0.990776	0.982130	0.993053	0.988925	0.982290	0.995357	0.986812	0.981617	0.996596	0.984918	0.979585	0.997474	0.982021	0.977972	0.998088	0.979808	0.976225	0.998466	0.977691	0.975169	0.998724	0.976385	0.974007	0.998911	0.975042	0.973070	0.999062	0.973960	0.970098	0.999411	0.970654	0.968507	0.999554	0.968925
thin2	00786	0.5003	8356466	x	V	0.841578	0.841578	1.000000	0.912854	0.912854	1.000000	0.958629	0.958629	1.000000	0.983660	0.984005	0.999644	0.987979	0.990948	0.996976	0.987792	0.994281	0.993437	0.985197	0.997498	0.987638	0.981982	0.998403	0.983527	0.980009	0.998696	0.981264
thin2	00786	0.5003	8356466	x	g	0.854616	0.854616	1.000000	0.924773	0.924773	1.000000	0.966908	0.966908	1.000000	0.987747	0.988367	0.999366	0.989999	0.993240	0.996715	0.989691	0.995766	0.993874	0.987633	0.998288	0.989309	0.985129	0.998918	0.986181	0.983650	0.999114	0.984509
thin2	00786	0.5003	8356466	y	V	0.845829	0.845829	1.000000	0.917465	0.917465	1.000000	0.963471	0.963471	1.000000	0.988124	0.988723	0.999388	0.988945	0.993932	0.994952	0.986062	0.995914	0.990067	0.980316	0.997528	0.982704	0.976747	0.998244	0.978429	0.974701	0.998494	0.976136
thin2	00786	0.5003	8356466	y	g	0.858575	0.858575	1.000000	0.929057	0.929057	1.000000	0.971388	0.971388	1.000000	0.991527	0.992547	0.998965	0.990993	0.996038	0.994915	0.988158	0.997297	0.990812	0.983146	0.998318	0.984777	0.980290	0.998763	0.981482	0.978751	0.998925	0.979784
thin2	00786	0.5003	8356466	z	V	0.844068	0.844068	1.000000	0.915555	0.915555	1.000000	0.961466	0.961466	1.000000	0.986433	0.986848	0.999573	0.989201	0.993027	0.996120	0.987597	0.995654	0.991873	0.982653	0.997680	0.984904	0.979251	0.998486	0.980707	0.977412	0.998846	0.978517
thin2	00786	0.5003	8356466	z	g	0.856965	0.856965	1.000000	0.927315	0.927315	1.000000	0.969567	0.969567	1.000000	0.990330	0.991018	0.999299	0.991502	0.995361	0.996106	0.989672	0.997126	0.992503	0.985284	0.998468	0.986775	0.982600	0.999005	0.983563	0.981189	0.999234	0.981928
thin4	00786	0.5003	8356466	x	V	0.776034	0.776034	1.000000	0.876566	0.876566	1.000000	0.944158	0.944158	1.000000	0.973159	0.973159	0.999999	0.983545	0.983922	0.999610	0.987271	0.989734	0.997486	0.987476	0.994244	0.993154	0.986016	0.997255	0.988699	0.983819	0.997913	0.985847
thin4	00786	0.5003	8356466	x	g	0.787603	0.787603	1.000000	0.889160	0.889160	1.000000	0.954505	0.954505	1.000000	0.979893	0.979900	0.999993	0.987553	0.988252	0.999285	0.989557	0.992426	0.997087	0.989342	0.995701	0.993585	0.988290	0.998108	0.990145	0.986327	0.998572	0.987720
thin4	00786	0.5003	8356466	y	V	0.779873	0.779873	1.000000	0.880902	0.880902	1.000000	0.948829	0.948829	1.000000	0.977970	0.977972	0.999998	0.987802	0.988485	0.999301	0.989225	0.993160	0.996011	0.985946	0.995927	0.989938	0.981121	0.997227	0.983805	0.978609	0.997719	0.980804
thin4	00786	0.5003	8356466	y	g	0.791099	0.791099	1.000000	0.893107	0.893107	1.000000	0.958742	0.958742	1.000000	0.984231	0.984244	0.999987	0.991230	0.992285	0.998929	0.991351	0.995529	0.995784	0.988083	0.997275	0.990758	0.983904	0.998094	0.985756	0.981657	0.998409	0.983195
thin4	00786	0.5003	8356466	z	V	0.778153	0.778153	1.000000	0.878959	0.878959	1.000000	0.946736	0.946736	1.000000	0.975817	0.975817	1.000000	0.986007	0.986497	0.999497	0.988936	0.991920	0.996967	0.987678	0.995704	0.991905	0.983715	0.997447	0.986197	0.981318	0.998001	0.983250
thin4	00786	0.5003	8356466	z	g	0.789484	0.789484	1.000000	0.891284	0.891284	1.000000	0.956785	0.956785	1.000000	0.982238	0.982243	0.999995	0.989820	0.990567	0.999238	0.991437	0.994556	0.996846	0.989857	0.997153	0.992662	0.986353	0.998319	0.987995	0.984187	0.998678	0.985471
thin8	00786	0.5003	8356466	x	V	0.674211	0.674211	1.000000	0.830758	0.830758	1.000000	0.921914	0.921914	1.000000	0.959575	0.959575	1.000000	0.973563	0.973564	0.999998	0.981806	0.981942	0.999859	0.987058	0.989386	0.997621	0.987405	0.993406	0.993920	0.987134	0.995510	0.991549
thin8	00786	0.5003	8356466	x	g	0.682808	0.682808	1.000000	0.842389	0.842389	1.000000	0.933909	0.933909	1.000000	0.967622	0.967622	1.000000	0.980308	0.980334	0.999972	0.986438	0.986791	0.999637	0.989448	0.992119	0.997286	0.989329	0.995019	0.994253	0.989141	0.996740	0.992352
thin8	00786	0.5003	8356466	y	V	0.677662	0.677662	1.000000	0.835010	0.835010	1.000000	0.926633	0.926633	1.000000	0.964487	0.964487	1.000000	0.978546	0.978547	0.999998	0.986389	0.986746	0.999634	0.989194	0.992987	0.996153	0.986491	0.995483	0.990927	0.983966	0.996448	0.987429
thin8	00786	0.5003	8356466	y	g	0.685965	0.685965	1.000000	0.846283	0.846283	1.000000	0.938227	0.938227	1.000000	0.972095	0.972095	1.000000	0.984857	0.984875	0.999981	0.990508	0.991108	0.999389	0.991408	0.995395	0.995975	0.988554	0.996927	0.991575	0.986181	0.997544	0.988582
thin8	00786	0.5003	8356466	z	V	0.676234	0.676234	1.000000	0.833249	0.833249	1.000000	0.924679	0.924679	1.000000	0.962454	0.962454	1.000000	0.976484	0.976485	0.999999	0.984540	0.984781	0.999751	0.989136	0.991912	0.997178	0.988242	0.995319	0.992856	0.985934	0.996396	0.989463
thin8	00786	0.5003	8356466	z	g	0.684656	0.684656	1.000000	0.844669	0.844669	1.000000	0.936437	0.936437	1.000000	0.970241	0.970241	1.000000	0.982992	0.983004	0.999988	0.988980	0.989398	0.999572	0.991743	0.994615	0.997097	0.990452	0.996934	0.993478	0.988209	0.997619	0.990546
POS	00786	0.5003	8429237	x	V	0.589401	0.589401	1.000000	0.782048	0.782048	1.000000	0.917458	0.917459	1.000000	0.935937	0.935968	0.999965	0.945971	0.946113	0.999840	0.953252	0.953961	0.999221	0.963882	0.965203	0.998583	0.975990	0.978303	0.997583	0.981861	0.986138	0.995602	0.983978	0.990533	0.993320	0.984737	0.993562	0.991062	0.984564	0.995695	0.988773	0.983982	0.996921	0.986982	0.977549	0.998369	0.979113	0.975236	0.998632	0.976540
PSF	00786	0.5003	8429237	x	V	0.590314	0.592314	0.994312	0.782021	0.785702	0.994046	0.915188	0.920960	0.993198	0.932687	0.939115	0.992715	0.941643	0.948790	0.992064	0.948006	0.956233	0.991007	0.957724	0.967108	0.989971	0.967836	0.979306	0.988044	0.972291	0.986484	0.985418	0.973910	0.990658	0.982937	0.974338	0.993536	0.980554	0.974087	0.995640	0.978260	0.973505	0.996869	0.976491	0.967185	0.998347	0.968736	0.964903	0.998616	0.966196
POS	00786	0.5003	8429237	x	g	0.582933	0.582933	1.000000	0.781871	0.781871	1.000000	0.919920	0.919920	1.000000	0.936968	0.936992	0.999972	0.945845	0.945942	0.999891	0.951853	0.952362	0.999439	0.963258	0.964172	0.999016	0.976946	0.978461	0.998418	0.983972	0.986716	0.997182	0.986794	0.991253	0.995462	0.988298	0.994264	0.993965	0.988769	0.996383	0.992331	0.988616	0.997517	0.991054	0.982976	0.998753	0.984183	0.981379	0.998945	0.982397
PSF	00786	0.5003	8429237	x	g	0.582857	0.585440	0.992486	0.780244	0.785037	0.992237	0.915727	0.922967	0.991507	0.931925	0.939763	0.991129	0.939911	0.948340	0.990632	0.945204	0.954454	0.989851	0.955785	0.965963	0.989096	0.967612	0.979447	0.987666	0.973262	0.987084	0.985817	0.975620	0.991425	0.983922	0.976769	0.994281	0.982288	0.977107	0.996347	0.980620	0.976917	0.997468	0.979346	0.971393	0.998737	0.972588	0.969819	0.998932	0.970826
POS	00786	0.5003	8429237	y	V	0.591415	0.591415	1.000000	0.784720	0.784720	1.000000	0.920589	0.920592	0.999997	0.938988	0.939090	0.999884	0.948573	0.949023	0.999500	0.953129	0.955490	0.997414	0.962274	0.966002	0.996006	0.973379	0.978630	0.994518	0.977681	0.985688	0.991760	0.980100	0.990249	0.989652	0.978829	0.992244	0.986376	0.978142	0.994114	0.983840	0.976677	0.994882	0.981609	0.974355	0.998436	0.975844	0.972204	0.998781	0.973359
PSF	00786	0.5003	8429237	y	V	0.592664	0.594931	0.993611	0.784579	0.788923	0.993030	0.917460	0.924427	0.991852	0.934840	0.942578	0.991294	0.943416	0.952090	0.990436	0.947346	0.958297	0.988080	0.955589	0.968452	0.986291	0.964385	0.980023	0.983724	0.967023	0.986290	0.980199	0.968836	0.990580	0.977846	0.967393	0.992491	0.974526	0.966235	0.994123	0.971787	0.964729	0.994865	0.969557	0.962392	0.998418	0.963862	0.960283	0.998772	0.961418
POS	00786	0.5003	8429237	y	g	0.583792	0.583792	1.000000	0.783023	0.783023	1.000000	0.921269	0.921272	0.999996	0.938189	0.938290	0.999884	0.946688	0.947053	0.999593	0.951037	0.952628	0.998248	0.961490	0.963967	0.997335	0.974459	0.977912	0.996390	0.980154	0.985504	0.994492	0.983594	0.990360	0.993103	0.983057	0.992336	0.990578	0.983384	0.994380	0.988880	0.982467	0.995123	0.987221	0.981742	0.998862	0.982842	0.980305	0.999135	0.981138
PSF	00786	0.5003	8429237	y	g	0.583861	0.586766	0.991593	0.780983	0.786552	0.991015	0.915820	0.924424	0.989939	0.931903	0.941200	0.989512	0.939655	0.949675	0.988896	0.943538	0.955070	0.987364	0.953237	0.966153	0.986169	0.964246	0.979254	0.984355	0.968475	0.986177	0.981803	0.971323	0.990782	0.980181	0.970608	0.992677	0.977608	0.970374	0.994446	0.975661	0.969424	0.995170	0.974006	0.968563	0.998858	0.969637	0.967142	0.999132	0.967956
POS	00786	0.5003	8429237	z	V	0.605668	0.605668	1.000000	0.803632	0.803632	1.000000	0.942780	0.942780	1.000000	0.961833	0.961833	0.999999	0.972289	0.972334	0.999952	0.977652	0.979334	0.998247	0.974792	0.983903	0.990590	0.965427	0.986210	0.978637	0.967715	0.992361	0.974977	0.964632	0.994133	0.970154	0.961923	0.995395	0.966223	0.959389	0.996310	0.962810	0.957468	0.996833	0.960389	0.950764	0.998062	0.952523	0.949014	0.998598	0.950280
PSF	00786	0.5003	8429237	z	V	0.607538	0.609586	0.994501	0.804217	0.808267	0.993808	0.939922	0.946804	0.992326	0.957303	0.965180	0.991547	0.966016	0.974893	0.990662	0.969633	0.981068	0.988123	0.965728	0.985121	0.980023	0.956420	0.987436	0.968202	0.956014	0.992214	0.963240	0.952913	0.993966	0.958457	0.950127	0.995176	0.954524	0.947695	0.996134	0.951193	0.945846	0.996687	0.948830	0.939443	0.998042	0.941178	0.937704	0.998576	0.938959
POS	00786	0.5003	8429237	z	g	0.600215	0.600215	1.000000	0.805051	0.805051	1.000000	0.947194	0.947194	1.000000	0.964798	0.964798	1.000000	0.974030	0.974061	0.999967	0.978884	0.980004	0.998835	0.974530	0.984009	0.990212	0.963378	0.985796	0.976939	0.966934	0.992451	0.974098	0.965363	0.994800	0.970259	0.963029	0.995863	0.966897	0.961483	0.996957	0.964313	0.959931	0.997365	0.962372	0.954380	0.998579	0.955678	0.953193	0.998968	0.954132
PSF	00786	0.5003	8429237	z	g	0.601127	0.603806	0.992673	0.804048	0.809306	0.991984	0.942415	0.950895	0.990625	0.958537	0.967933	0.989975	0.966312	0.976555	0.989263	0.969743	0.981834	0.987460	0.964352	0.985318	0.978411	0.953280	0.987109	0.965297	0.955010	0.992864	0.961610	0.952761	0.994857	0.957476	0.950384	0.995888	0.954128	0.948718	0.996913	0.951513	0.947229	0.997347	0.949621	0.941720	0.998552	0.943008	0.940545	0.998942	0.941483
thin2	00786	0.5003	8429237	x	V	0.482878	0.482878	1.000000	0.665542	0.665542	1.000000	0.877107	0.877107	1.000000	0.938924	0.939005	0.999908	0.952177	0.952830	0.999280	0.973521	0.975445	0.997978	0.983268	0.990007	0.993124	0.984176	0.996412	0.987677	0.981262	0.997806	0.983384
thin2	00786	0.5003	8429237	x	g	0.473540	0.473540	1.000000	0.658298	0.658298	1.000000	0.879709	0.879709	1.000000	0.939097	0.939156	0.999933	0.950409	0.950883	0.999476	0.974240	0.975539	0.998635	0.985922	0.990627	0.995205	0.988678	0.997102	0.991528	0.986159	0.998327	0.987791
thin2	00786	0.5003	8429237	y	V	0.484752	0.484752	1.000000	0.668125	0.668125	1.000000	0.880511	0.880511	1.000000	0.942303	0.942514	0.999763	0.952337	0.954718	0.997388	0.971721	0.976400	0.995093	0.979652	0.990083	0.989360	0.977558	0.994959	0.982424	0.976293	0.997195	0.978982
thin2	00786	0.5003	8429237	y	g	0.474455	0.474455	1.000000	0.659571	0.659571	1.000000	0.881409	0.881409	1.000000	0.940642	0.940832	0.999785	0.949914	0.951525	0.998221	0.972501	0.975587	0.996757	0.983192	0.990198	0.992855	0.983298	0.995330	0.987856	0.983107	0.997738	0.985304
thin2	00786	0.5003	8429237	z	V	0.496823	0.496823	1.000000	0.684761	0.684761	1.000000	0.902436	0.902436	1.000000	0.966195	0.966203	0.999991	0.977263	0.979136	0.998046	0.965059	0.984992	0.979461	0.963680	0.994091	0.969232	0.956924	0.996559	0.960096	0.952852	0.997310	0.955308
thin2	00786	0.5003	8429237	z	g	0.488216	0.488216	1.000000	0.678700	0.678700	1.000000	0.906972	0.906972	1.000000	0.968316	0.968321	0.999994	0.978507	0.979673	0.998785	0.962594	0.984446	0.977460	0.963980	0.994543	0.969106	0.959155	0.997162	0.961781	0.955508	0.997764	0.957558
thin4	00786	0.5003	8429237	x	V	0.359869	0.359869	1.000000	0.563303	0.563303	1.000000	0.796051	0.796051	1.000000	0.915632	0.915634	0.999998	0.938750	0.938849	0.999887	0.949152	0.949594	0.999510	0.972287	0.974177	0.998008	0.982077	0.987260	0.994683	0.984010	0.992328	0.991553
thin4	00786	0.5003	8429237	x	g	0.346758	0.346758	1.000000	0.555436	0.555436	1.000000	0.794583	0.794583	1.000000	0.917123	0.917126	0.999995	0.938897	0.938968	0.999919	0.948157	0.948457	0.999666	0.972738	0.974002	0.998668	0.984287	0.987676	0.996526	0.987488	0.992982	0.994428
thin4	00786	0.5003	8429237	y	V	0.361330	0.361330	1.000000	0.565590	0.565590	1.000000	0.799283	0.799283	1.000000	0.919326	0.919339	0.999985	0.942290	0.942521	0.999740	0.951838	0.952852	0.998884	0.970438	0.975189	0.995005	0.977910	0.987134	0.990535	0.980454	0.992528	0.987744
thin4	00786	0.5003	8429237	y	g	0.347543	0.347543	1.000000	0.556693	0.556693	1.000000	0.796381	0.796381	1.000000	0.919175	0.919190	0.999982	0.940743	0.940950	0.999767	0.949408	0.950145	0.999184	0.971196	0.974306	0.996724	0.980883	0.987063	0.993658	0.984782	0.992732	0.991933
thin4	00786	0.5003	8429237	z	V	0.370315	0.370315	1.000000	0.579655	0.579655	1.000000	0.819160	0.819160	1.000000	0.942215	0.942215	1.000000	0.966174	0.966193	0.999980	0.976537	0.977081	0.999430	0.966708	0.985263	0.980891	0.966605	0.993513	0.972745	0.962052	0.995286	0.966455
thin4	00786	0.5003	8429237	z	g	0.357597	0.357597	1.000000	0.572798	0.572798	1.000000	0.819420	0.819420	1.000000	0.945799	0.945799	1.000000	0.968386	0.968391	0.999994	0.977880	0.978152	0.999715	0.964905	0.984981	0.979313	0.966122	0.993629	0.972144	0.963061	0.995782	0.967005
thin8	00786	0.5003	8429237	x	V	0.215260	0.215260	1.000000	0.456515	0.456515	1.000000	0.682180	0.682180	1.000000	0.881876	0.881876	1.000000	0.916973	0.916986	0.999986	0.938499	0.938543	0.999950	0.951171	0.951628	0.999495	0.959780	0.961239	0.998421	0.975612	0.978266	0.997228
thin8	00786	0.5003	8429237	x	g	0.199346	0.199346	1.000000	0.444594	0.444594	1.000000	0.672295	0.672295	1.000000	0.884737	0.884737	1.000000	0.918625	0.918634	0.999990	0.938977	0.939010	0.999963	0.950210	0.950524	0.999652	0.957412	0.958387	0.998938	0.976360	0.978091	0.998191
thin8	00786	0.5003	8429237	y	V	0.216144	0.216144	1.000000	0.458390	0.458390	1.000000	0.684982	0.684982	1.000000	0.885499	0.885499	1.000000	0.920722	0.920743	0.999975	0.942118	0.942277	0.999821	0.953914	0.954942	0.998873	0.958486	0.962513	0.995654	0.973340	0.979098	0.993994
thin8	00786	0.5003	8429237	y	g	0.199772	0.199772	1.000000	0.445544	0.445544	1.000000	0.673732	0.673732	1.000000	0.886628	0.886628	1.000000	0.920557	0.920581	0.999972	0.940783	0.940914	0.999852	0.951385	0.952118	0.999191	0.956074	0.958705	0.997137	0.974327	0.978093	0.996063
thin8	00786	0.5003	8429237	z	V	0.221056	0.221056	1.000000	0.468808	0.468808	1.000000	0.700549	0.700549	1.000000	0.905622	0.905622	1.000000	0.941690	0.941690	1.000000	0.963829	0.963846	0.999982	0.976856	0.977295	0.999540	0.978907	0.983743	0.995003	0.968002	0.987381	0.980128
thin8	00786	0.5003	8429237	z	g	0.204979	0.204979	1.000000	0.457157	0.457157	1.000000	0.691292	0.691292	1.000000	0.909737	0.909737	1.000000	0.944602	0.944602	1.000000	0.965558	0.965569	0.999988	0.977177	0.977448	0.999716	0.979113	0.982776	0.996208	0.965569	0.986193	0.978800
POS	00786	0.5003	8615165	x	V	0.811265	0.811265	1.000000	0.867420	0.867420	1.000000	0.934095	0.934099	0.999995	0.958680	0.958928	0.999730	0.972424	0.974716	0.997588	0.974177	0.983421	0.990443	0.971832	0.987333	0.984101	0.969363	0.990338	0.978617	0.966392	0.992612	0.973393	0.963325	0.994601	0.968389	0.960275	0.996351	0.963664	0.956199	0.997301	0.958680	0.952477	0.997902	0.954387	0.942276	0.998729	0.943407	0.936382	0.998962	0.937294
PSF	00786	0.5003	8615165	x	V	0.811285	0.814927	0.994521	0.866899	0.871188	0.994353	0.930841	0.936938	0.993057	0.952379	0.960401	0.991305	0.963065	0.974754	0.987702	0.963789	0.982977	0.980148	0.961853	0.987109	0.974089	0.959512	0.990182	0.968729	0.956635	0.992500	0.963601	0.953606	0.994502	0.958660	0.950585	0.996260	0.953990	0.946579	0.997230	0.949075	0.942916	0.997846	0.944839	0.932880	0.998710	0.934005	0.927050	0.998948	0.927956
POS	00786	0.5003	8615165	x	g	0.831200	0.831200	1.000000	0.878412	0.878412	1.000000	0.939966	0.940042	0.999914	0.964338	0.964978	0.999313	0.976829	0.980028	0.996670	0.977430	0.987589	0.989585	0.974702	0.990620	0.983781	0.972403	0.992894	0.979217	0.969844	0.994571	0.975006	0.967325	0.996056	0.971044	0.964834	0.997350	0.967314	0.961560	0.998038	0.963381	0.958613	0.998474	0.960019	0.950561	0.999067	0.951405	0.945923	0.999236	0.946607
PSF	00786	0.5003	8615165	x	g	0.830268	0.835487	0.992532	0.876712	0.882726	0.992289	0.934493	0.942990	0.990451	0.955526	0.966471	0.988287	0.965091	0.980178	0.984302	0.964594	0.987221	0.976790	0.962239	0.990446	0.971254	0.960022	0.992762	0.966789	0.957547	0.994476	0.962667	0.955063	0.995972	0.958766	0.952600	0.997272	0.955089	0.949388	0.997975	0.951221	0.946494	0.998422	0.947912	0.938589	0.999044	0.939433	0.934015	0.999217	0.934699
POS	00786	0.5003	8615165	y	V	0.812167	0.812167	1.000000	0.868384	0.868384	1.000000	0.931763	0.933393	0.998130	0.949725	0.954853	0.994377	0.959973	0.968880	0.990514	0.966968	0.980264	0.986167	0.968379	0.986100	0.981780	0.966502	0.989405	0.976609	0.963406	0.991606	0.971327	0.959473	0.993131	0.965884	0.955016	0.994121	0.960440	0.950825	0.994992	0.955398	0.947353	0.995711	0.951235	0.938226	0.997084	0.940807	0.933321	0.997845	0.935206
PSF	00786	0.5003	8615165	y	V	0.811520	0.815172	0.994509	0.867042	0.871392	0.994275	0.925870	0.934482	0.990144	0.942793	0.955573	0.986013	0.952356	0.969352	0.981922	0.958459	0.980355	0.977228	0.959555	0.986060	0.972751	0.957684	0.989374	0.967636	0.954539	0.991545	0.962373	0.950642	0.993076	0.956986	0.946274	0.994097	0.951622	0.942129	0.994975	0.946633	0.938693	0.995700	0.942513	0.929663	0.997087	0.932195	0.924787	0.997842	0.926640
POS	00786	0.5003	8615165	y	g	0.833364	0.833364	1.000000	0.880698	0.880698	1.000000	0.935626	0.938983	0.996194	0.953146	0.960471	0.992063	0.963397	0.974420	0.988394	0.970033	0.985075	0.984503	0.971301	0.990159	0.980770	0.969518	0.992698	0.976482	0.966744	0.994260	0.972170	0.963430	0.995324	0.967811	0.959791	0.996004	0.963501	0.956359	0.996597	0.959493	0.953490	0.997064	0.956175	0.946132	0.998004	0.947926	0.942190	0.998539	0.943491
PSF	00786	0.5003	8615165	y	g	0.831159	0.836525	0.992341	0.877338	0.883658	0.991913	0.927609	0.940043	0.985940	0.944405	0.961368	0.981660	0.953963	0.975092	0.977790	0.959503	0.985272	0.973465	0.960318	0.990155	0.969576	0.958499	0.992679	0.965322	0.955710	0.994225	0.961044	0.952431	0.995294	0.956740	0.948851	0.995988	0.952492	0.945455	0.996582	0.948531	0.942625	0.997055	0.945257	0.935355	0.998003	0.937109	0.931441	0.998531	0.932719
POS	00786	0.5003	8615165	z	V	0.809947	0.809947	1.000000	0.866010	0.866010	1.000000	0.929327	0.930896	0.998189	0.947498	0.952426	0.994568	0.957477	0.966285	0.990569	0.964191	0.977497	0.986079	0.966232	0.983639	0.982015	0.965683	0.987618	0.977518	0.963421	0.990245	0.972652	0.960420	0.992254	0.967676	0.956675	0.993620	0.962587	0.952705	0.994610	0.957649	0.949490	0.995470	0.953611	0.941769	0.997618	0.943892	0.936927	0.998425	0.938315
PSF	00786	0.5003	8615165	z	V	0.809582	0.813180	0.994565	0.865128	0.869344	0.994426	0.924473	0.932616	0.990644	0.941392	0.953666	0.986513	0.950173	0.967010	0.982005	0.955833	0.977756	0.977080	0.957418	0.983698	0.972853	0.956658	0.987583	0.968305	0.954407	0.990217	0.963493	0.951403	0.992218	0.958556	0.947671	0.993579	0.953511	0.943763	0.994587	0.948636	0.940576	0.995449	0.944638	0.932900	0.997592	0.935005	0.928107	0.998404	0.929486
POS	00786	0.5003	8615165	z	g	0.831126	0.831126	1.000000	0.878334	0.878334	1.000000	0.933411	0.936611	0.996353	0.950981	0.958085	0.992263	0.960982	0.971877	0.988469	0.967629	0.982513	0.984586	0.969554	0.987920	0.981186	0.969047	0.991109	0.977544	0.967158	0.993126	0.973676	0.964674	0.994622	0.969732	0.961578	0.995589	0.965692	0.958339	0.996286	0.961775	0.955734	0.996896	0.958587	0.949400	0.998396	0.950850	0.945479	0.998949	0.946420
PSF	00786	0.5003	8615165	z	g	0.829340	0.834645	0.992394	0.875661	0.881801	0.992111	0.926707	0.938514	0.986606	0.943309	0.959699	0.982217	0.951836	0.972859	0.977801	0.957139	0.982893	0.973354	0.958483	0.988039	0.969735	0.957725	0.991112	0.966021	0.955826	0.993124	0.962194	0.953331	0.994607	0.958284	0.950246	0.995566	0.954285	0.947051	0.996270	0.950421	0.944465	0.996877	0.947268	0.938187	0.998376	0.939621	0.934313	0.998933	0.935246
thin2	00786	0.5003	8615165	x	V	0.766085	0.766085	1.000000	0.839196	0.839196	1.000000	0.901844	0.901844	1.000000	0.964180	0.964791	0.999344	0.973610	0.982694	0.990596	0.970190	0.989226	0.980551	0.963487	0.994612	0.968543	0.954708	0.997556	0.956946	0.948615	0.998300	0.950150
thin2	00786	0.5003	8615165	x	g	0.794281	0.794281	1.000000	0.854141	0.854141	1.000000	0.908622	0.908624	0.999997	0.969156	0.970298	0.998787	0.976777	0.986738	0.989771	0.973123	0.992054	0.980768	0.967320	0.996055	0.971041	0.960216	0.998219	0.961865	0.955386	0.998755	0.956525
thin2	00786	0.5003	8615165	y	V	0.766755	0.766755	1.000000	0.839929	0.839929	1.000000	0.902586	0.902608	0.999973	0.952934	0.959441	0.992934	0.966266	0.979350	0.986363	0.966959	0.987985	0.978466	0.959659	0.993035	0.966163	0.949512	0.995215	0.953867	0.944175	0.996342	0.947459
thin2	00786	0.5003	8615165	y	g	0.796169	0.796169	1.000000	0.856171	0.856171	1.000000	0.910283	0.910523	0.999711	0.955953	0.964668	0.990638	0.969028	0.983928	0.984613	0.969860	0.991548	0.977944	0.963492	0.995243	0.967949	0.955116	0.996711	0.958135	0.950738	0.997473	0.953033
thin2	00786	0.5003	8615165	z	V	0.764684	0.764684	1.000000	0.837660	0.837660	1.000000	0.900186	0.900190	0.999996	0.950518	0.956921	0.993009	0.963635	0.976675	0.986334	0.966016	0.986155	0.979298	0.960181	0.991950	0.967721	0.951309	0.994806	0.956057	0.946201	0.996059	0.949756
thin2	00786	0.5003	8615165	z	g	0.794071	0.794071	1.000000	0.853915	0.853915	1.000000	0.908033	0.908201	0.999796	0.953658	0.962231	0.990745	0.966829	0.981498	0.984776	0.969235	0.989909	0.978906	0.964400	0.994391	0.969675	0.957034	0.996394	0.960361	0.952895	0.997287	0.955372
thin4	00786	0.5003	8615165	x	V	0.688539	0.688539	1.000000	0.804580	0.804580	1.000000	0.874725	0.874725	1.000000	0.935239	0.935255	0.999982	0.963283	0.963995	0.999233	0.974967	0.981219	0.993507	0.970639	0.989042	0.981191	0.964856	0.993358	0.971121	0.961211	0.995952	0.964981
thin4	00786	0.5003	8615165	x	g	0.725667	0.725667	1.000000	0.826538	0.826538	1.000000	0.884695	0.884695	1.000000	0.940341	0.940444	0.999884	0.967862	0.969110	0.998671	0.978624	0.985661	0.992757	0.973776	0.991952	0.981530	0.968762	0.995137	0.973370	0.965741	0.997055	0.968504
thin4	00786	0.5003	8615165	y	V	0.689183	0.689183	1.000000	0.805332	0.805332	1.000000	0.875542	0.875542	1.000000	0.932118	0.934062	0.997773	0.952136	0.958721	0.992838	0.964576	0.976350	0.987653	0.967980	0.988129	0.979369	0.962271	0.992471	0.969347	0.956804	0.994091	0.962278
thin4	00786	0.5003	8615165	y	g	0.727496	0.727496	1.000000	0.828621	0.828621	1.000000	0.886925	0.886925	1.000000	0.935157	0.938910	0.995743	0.954990	0.963712	0.990612	0.967717	0.981309	0.985889	0.970865	0.991703	0.978816	0.965819	0.994866	0.970657	0.961319	0.995999	0.965046
thin4	00786	0.5003	8615165	z	V	0.687371	0.687371	1.000000	0.803215	0.803215	1.000000	0.873240	0.873240	1.000000	0.929670	0.931605	0.997772	0.949918	0.956339	0.992982	0.962015	0.973754	0.987623	0.965952	0.985772	0.979609	0.962216	0.991122	0.970581	0.957222	0.992984	0.963740
thin4	00786	0.5003	8615165	z	g	0.725717	0.725717	1.000000	0.826594	0.826594	1.000000	0.884756	0.884756	1.000000	0.933041	0.936698	0.995833	0.952839	0.961440	0.990699	0.965418	0.978927	0.985907	0.969228	0.989634	0.979169	0.966125	0.993794	0.971989	0.961993	0.995117	0.966556
thin8	00786	0.5003	8615165	x	V	0.594551	0.594551	1.000000	0.751817	0.751817	1.000000	0.847275	0.847275	1.000000	0.902361	0.902361	1.000000	0.938127	0.938171	0.999950	0.960131	0.960570	0.999524	0.974870	0.980975	0.993657	0.971485	0.987711	0.983371	0.968335	0.990661	0.977256
thin8	00786	0.5003	8615165	x	g	0.639039	0.639039	1.000000	0.780693	0.780693	1.000000	0.860447	0.860447	1.000000	0.907942	0.907946	0.999996	0.944529	0.944699	0.999810	0.965227	0.966112	0.999052	0.978611	0.985557	0.992850	0.974140	0.990830	0.983003	0.971327	0.993117	0.977911
thin8	00786	0.5003	8615165	y	V	0.594903	0.594903	1.000000	0.752262	0.752262	1.000000	0.847776	0.847776	1.000000	0.902776	0.902832	0.999932	0.934659	0.936646	0.997735	0.949924	0.955610	0.993776	0.963888	0.975634	0.987664	0.967717	0.986056	0.981144	0.966183	0.989835	0.975865
thin8	00786	0.5003	8615165	y	g	0.640272	0.640272	1.000000	0.782199	0.782199	1.000000	0.862107	0.862107	1.000000	0.908872	0.909267	0.999523	0.938623	0.942534	0.995599	0.952658	0.960580	0.991418	0.967004	0.980555	0.985909	0.970748	0.990037	0.980324	0.969198	0.992976	0.975889
thin8	00786	0.5003	8615165	z	V	0.593356	0.593356	1.000000	0.750306	0.750306	1.000000	0.845572	0.845572	1.000000	0.900390	0.900464	0.999908	0.932034	0.934107	0.997624	0.947498	0.953140	0.993791	0.961300	0.973040	0.987605	0.965546	0.983648	0.981298	0.965095	0.987973	0.976568
thin8	00786	0.5003	8615165	z	g	0.638650	0.638650	1.000000	0.780218	0.780218	1.000000	0.859923	0.859923	1.000000	0.906731	0.907048	0.999615	0.936363	0.940202	0.995658	0.950519	0.958278	0.991554	0.964468	0.978010	0.985847	0.968789	0.987764	0.980557	0.968447	0.991317	0.976733
POS	00786	0.5003	9003659	x	V	0.212954	0.212954	1.000000	0.405322	0.405322	1.000000	0.654859	0.654867	0.999980	0.753301	0.756866	0.993786	0.827545	0.848475	0.971054	0.840534	0.895246	0.932220	0.836022	0.936863	0.885937	0.826002	0.954246	0.860066	0.808659	0.965984	0.832362	0.791770	0.974571	0.808472	0.776218	0.979974	0.788729	0.757869	0.983318	0.767740	0.742445	0.985563	0.750608	0.700811	0.989126	0.706252	0.675497	0.990729	0.679794
PSF	00786	0.5003	9003659	x	V	0.215835	0.216087	0.994633	0.410250	0.411197	0.994422	0.658065	0.662048	0.990942	0.746766	0.759679	0.977744	0.812926	0.848116	0.951438	0.824442	0.894611	0.913127	0.818947	0.935953	0.867566	0.809010	0.953409	0.842310	0.791941	0.965192	0.815224	0.775639	0.974018	0.792026	0.760483	0.979523	0.772768	0.742645	0.983000	0.752307	0.727583	0.985306	0.735565	0.686871	0.988973	0.692172	0.662040	0.990571	0.666238
POS	00786	0.5003	9003659	x	g	0.201776	0.201776	1.000000	0.392563	0.392563	1.000000	0.648912	0.649292	0.999100	0.732601	0.743885	0.979713	0.809159	0.846724	0.948020	0.810382	0.892145	0.898399	0.810654	0.943959	0.851641	0.800770	0.961613	0.827213	0.782630	0.971861	0.800776	0.764003	0.978989	0.776740	0.747518	0.983366	0.757091	0.726951	0.986041	0.734510	0.711448	0.987851	0.717728	0.667238	0.990746	0.671423	0.641214	0.992209	0.644458
PSF	00786	0.5003	9003659	x	g	0.205932	0.206253	0.992494	0.399722	0.401032	0.991894	0.648681	0.656802	0.981296	0.722491	0.747455	0.955815	0.789982	0.847308	0.921113	0.789474	0.892391	0.872539	0.787061	0.943193	0.826227	0.776950	0.960724	0.802438	0.759095	0.970917	0.776757	0.741363	0.978384	0.753708	0.725487	0.982910	0.734756	0.705635	0.985707	0.712930	0.690660	0.987601	0.696700	0.647816	0.990602	0.651822	0.622486	0.992022	0.625617
POS	00786	0.5003	9003659	y	V	0.212681	0.212681	1.000000	0.404802	0.404802	1.000000	0.654017	0.654027	0.999978	0.730657	0.743308	0.977237	0.785201	0.823663	0.943867	0.797022	0.868910	0.905958	0.794525	0.910349	0.861970	0.782548	0.925459	0.835190	0.765028	0.935810	0.807397	0.750181	0.944660	0.784665	0.738401	0.951833	0.767063	0.730991	0.962478	0.752433	0.721689	0.968855	0.738830	0.686168	0.976138	0.697873	0.671129	0.986145	0.677518
PSF	00786	0.5003	9003659	y	V	0.216344	0.216590	0.994778	0.411270	0.412184	0.994639	0.659648	0.663586	0.991083	0.727462	0.749025	0.961932	0.777053	0.827906	0.926744	0.786020	0.872208	0.888323	0.778951	0.911289	0.842864	0.766670	0.926238	0.816523	0.749027	0.936395	0.789179	0.733773	0.944830	0.766619	0.721703	0.951671	0.749160	0.714498	0.962458	0.734982	0.705087	0.968647	0.721554	0.670392	0.976020	0.681619	0.655473	0.985921	0.661667
POS	00786	0.5003	9003659	y	g	0.195222	0.195222	1.000000	0.379812	0.379812	1.000000	0.624737	0.626287	0.996054	0.680878	0.702650	0.956472	0.736948	0.790913	0.915260	0.751604	0.841362	0.875704	0.763545	0.897267	0.836690	0.753713	0.913163	0.811905	0.738394	0.923518	0.786488	0.726697	0.934075	0.765984	0.717692	0.942896	0.750304	0.715347	0.958682	0.738104	0.708029	0.966540	0.725820	0.669286	0.973352	0.681779	0.657415	0.987500	0.662932
PSF	00786	0.5003	9003659	y	g	0.200374	0.200666	0.992790	0.389004	0.390190	0.992246	0.628074	0.636917	0.978373	0.676815	0.710633	0.934308	0.729302	0.799051	0.893105	0.739497	0.848010	0.852486	0.743213	0.899725	0.810335	0.732556	0.915180	0.785915	0.716931	0.925217	0.761031	0.704283	0.934985	0.740550	0.694454	0.943086	0.724831	0.692327	0.959236	0.713313	0.684485	0.966589	0.701072	0.646964	0.973467	0.658577	0.634778	0.987148	0.640068
POS	00786	0.5003	9003659	z	V	0.229187	0.229187	1.000000	0.436219	0.436219	1.000000	0.703918	0.704283	0.999265	0.770631	0.791967	0.966220	0.807958	0.867133	0.922115	0.812119	0.911352	0.881775	0.801526	0.951270	0.835845	0.788332	0.967194	0.809991	0.765626	0.975232	0.780809	0.744746	0.980621	0.755871	0.727255	0.984064	0.735922	0.709162	0.986853	0.715926	0.694528	0.989050	0.699910	0.655221	0.992514	0.658476	0.630996	0.993692	0.633534
PSF	00786	0.5003	9003659	z	V	0.232005	0.232297	0.994623	0.440848	0.441974	0.994256	0.701459	0.708371	0.986281	0.760103	0.792562	0.948874	0.796246	0.868075	0.905864	0.796047	0.910035	0.864044	0.785750	0.950322	0.819407	0.772818	0.966371	0.794176	0.750545	0.974456	0.765607	0.730066	0.979875	0.741180	0.713247	0.983603	0.721830	0.695586	0.986481	0.702281	0.681261	0.988718	0.686598	0.642792	0.992285	0.646020	0.619108	0.993552	0.621606
POS	00786	0.5003	9003659	z	g	0.224391	0.224391	1.000000	0.436561	0.436561	1.000000	0.706859	0.713424	0.987147	0.737043	0.782591	0.926814	0.779331	0.873027	0.878958	0.755306	0.905493	0.819943	0.754081	0.959809	0.778668	0.740910	0.975771	0.754796	0.717804	0.981838	0.727464	0.696179	0.985730	0.703267	0.678723	0.988313	0.684215	0.659137	0.990374	0.663387	0.644744	0.992009	0.648110	0.604101	0.994585	0.606094	0.579819	0.995405	0.581375
PSF	00786	0.5003	9003659	z	g	0.227324	0.227725	0.992331	0.440637	0.442422	0.990930	0.693781	0.712352	0.963784	0.721676	0.781148	0.904570	0.760933	0.871066	0.857517	0.737128	0.903586	0.800055	0.736686	0.958930	0.760687	0.723980	0.975162	0.737581	0.701489	0.981354	0.710965	0.680468	0.985376	0.687410	0.663449	0.988020	0.668829	0.644328	0.990122	0.648496	0.630288	0.991800	0.633590	0.590583	0.994424	0.592545	0.566873	0.995284	0.568400
thin2	00786	0.5003	9003659	x	V	0.140339	0.140339	1.000000	0.289816	0.289816	1.000000	0.546482	0.546482	1.000000	0.795527	0.804866	0.985624	0.843945	0.890424	0.941751	0.829618	0.948228	0.868979	0.792678	0.974281	0.809620	0.753352	0.984365	0.762475	0.731065	0.987103	0.738115
thin2	00786	0.5003	9003659	x	g	0.131642	0.131642	1.000000	0.278637	0.278637	1.000000	0.543471	0.543471	1.000000	0.783096	0.804225	0.967539	0.817655	0.885034	0.914821	0.803402	0.955465	0.834657	0.763524	0.978706	0.776422	0.721513	0.987015	0.728428	0.700066	0.989230	0.705442
thin2	00786	0.5003	9003659	y	V	0.139989	0.139989	1.000000	0.289094	0.289094	1.000000	0.545120	0.545120	1.000000	0.765041	0.786509	0.965551	0.785003	0.854549	0.906065	0.786960	0.919746	0.844982	0.752221	0.944615	0.786928	0.727383	0.963367	0.748075	0.711397	0.970201	0.727288
thin2	00786	0.5003	9003659	y	g	0.126965	0.126965	1.000000	0.268737	0.268737	1.000000	0.524161	0.524161	1.000000	0.720686	0.754607	0.941289	0.730538	0.816034	0.874573	0.755951	0.905818	0.820437	0.727716	0.933275	0.767656	0.711280	0.958825	0.733691	0.697175	0.966356	0.714518
thin2	00786	0.5003	9003659	z	V	0.151054	0.151054	1.000000	0.311945	0.311945	1.000000	0.588209	0.588209	1.000000	0.797597	0.833697	0.948507	0.798410	0.895761	0.880188	0.793287	0.961930	0.819000	0.745807	0.980535	0.757015	0.704507	0.987665	0.710761	0.683658	0.990548	0.688147
thin2	00786	0.5003	9003659	z	g	0.146229	0.146229	1.000000	0.309513	0.309513	1.000000	0.603687	0.603689	0.999995	0.772114	0.837991	0.907593	0.761769	0.897051	0.834745	0.745612	0.970275	0.763042	0.696533	0.985437	0.703777	0.654556	0.991054	0.658447	0.634764	0.993120	0.637568
thin4	00786	0.5003	9003659	x	V	0.097600	0.097600	1.000000	0.195008	0.195008	1.000000	0.429779	0.429779	1.000000	0.663389	0.663399	0.999977	0.780324	0.788743	0.986506	0.835580	0.874960	0.948889	0.828867	0.948107	0.868257	0.801610	0.970348	0.821740	0.779591	0.978906	0.792911
thin4	00786	0.5003	9003659	x	g	0.090176	0.090176	1.000000	0.184529	0.184529	1.000000	0.414633	0.414633	1.000000	0.656683	0.657443	0.998242	0.758182	0.777642	0.968049	0.810685	0.870224	0.922173	0.802260	0.955788	0.833179	0.773608	0.975523	0.788921	0.748789	0.982626	0.758836
thin4	00786	0.5003	9003659	y	V	0.097804	0.097804	1.000000	0.195416	0.195416	1.000000	0.430678	0.430678	1.000000	0.664463	0.664598	0.999695	0.753630	0.774075	0.966141	0.793692	0.851359	0.921368	0.791434	0.925213	0.845524	0.761651	0.943957	0.797723	0.748265	0.957511	0.773963
thin4	00786	0.5003	9003659	y	g	0.087695	0.087695	1.000000	0.179452	0.179452	1.000000	0.403226	0.403226	1.000000	0.635151	0.637222	0.994909	0.702785	0.735153	0.941045	0.745088	0.818790	0.892214	0.763924	0.916228	0.821288	0.737897	0.935168	0.777680	0.730216	0.953505	0.757177
thin4	00786	0.5003	9003659	z	V	0.104886	0.104886	1.000000	0.209565	0.209565	1.000000	0.461862	0.461862	1.000000	0.710632	0.711589	0.998110	0.782472	0.816161	0.949891	0.803567	0.887042	0.895169	0.793143	0.961373	0.819251	0.757836	0.978206	0.770852	0.732433	0.983688	0.741438
thin4	00786	0.5003	9003659	z	g	0.100652	0.100652	1.000000	0.205967	0.205967	1.000000	0.462803	0.462803	1.000000	0.712698	0.722026	0.982195	0.751716	0.813905	0.907734	0.776660	0.897591	0.852172	0.739380	0.969371	0.757067	0.704877	0.984080	0.713008	0.677758	0.987839	0.683461
thin8	00786	0.5003	9003659	x	V	0.066226	0.066226	1.000000	0.131290	0.131290	1.000000	0.315432	0.315432	1.000000	0.552183	0.552183	1.000000	0.659343	0.659359	0.999964	0.749408	0.754439	0.991181	0.838229	0.874149	0.953269	0.836030	0.941742	0.881626	0.825173	0.957579	0.856482
thin8	00786	0.5003	9003659	x	g	0.061136	0.061136	1.000000	0.123403	0.123403	1.000000	0.301558	0.301558	1.000000	0.544693	0.544696	0.999991	0.649239	0.650002	0.998196	0.718994	0.732217	0.975499	0.815369	0.870198	0.928267	0.810615	0.949509	0.847130	0.799471	0.964687	0.823573
thin8	00786	0.5003	9003659	y	V	0.066399	0.066399	1.000000	0.131633	0.131633	1.000000	0.316256	0.316256	1.000000	0.553625	0.553625	1.000000	0.660927	0.660997	0.999839	0.726833	0.742114	0.972450	0.790519	0.847418	0.921712	0.792144	0.915391	0.854725	0.778695	0.928534	0.828340
thin8	00786	0.5003	9003659	y	g	0.059536	0.059536	1.000000	0.120174	0.120174	1.000000	0.293666	0.293666	1.000000	0.530433	0.530438	0.999984	0.627931	0.630324	0.993991	0.670539	0.694793	0.950515	0.739065	0.812945	0.890499	0.759342	0.902712	0.827023	0.747823	0.915915	0.802948
thin8	00786	0.5003	9003659	z	V	0.071394	0.071394	1.000000	0.141535	0.141535	1.000000	0.340045	0.340045	1.000000	0.595269	0.595269	1.000000	0.708985	0.709752	0.998478	0.763716	0.788323	0.960733	0.805067	0.886903	0.897172	0.798940	0.955535	0.829790	0.782220	0.967901	0.803052
thin8	00786	0.5003	9003659	z	g	0.068359	0.068359	1.000000	0.137985	0.137985	1.000000	0.337191	0.337191	1.000000	0.608901	0.608963	0.999834	0.707996	0.716338	0.983818	0.720375	0.770173	0.917636	0.774803	0.894162	0.853035	0.748162	0.964344	0.769447	0.731062	0.975455	0.744763
POS	00786	0.5003	9647853	x	V	0.854247	0.854247	1.000000	0.904391	0.904391	1.000000	0.949501	0.949501	1.000000	0.965458	0.965531	0.999922	0.974435	0.975641	0.998733	0.979530	0.983715	0.995676	0.978741	0.989255	0.989257	0.977624	0.992456	0.984943	0.975532	0.994222	0.981094	0.973828	0.995471	0.978161	0.971761	0.996367	0.975216	0.969017	0.996979	0.971871	0.967026	0.997590	0.969290	0.961311	0.998271	0.962915	0.956434	0.998509	0.957802
PSF	00786	0.5003	9647853	x	V	0.852570	0.856374	0.994817	0.902318	0.906610	0.994781	0.946305	0.951420	0.994352	0.960825	0.966817	0.993591	0.968216	0.976183	0.991641	0.972545	0.983916	0.988257	0.971297	0.989239	0.981670	0.970025	0.992367	0.977317	0.968033	0.994183	0.973548	0.966385	0.995460	0.970663	0.964365	0.996375	0.967760	0.961643	0.996990	0.964443	0.959627	0.997582	0.961864	0.953967	0.998272	0.955546	0.949132	0.998513	0.950476
POS	00786	0.5003	9647853	x	g	0.888769	0.888769	1.000000	0.928432	0.928432	1.000000	0.961853	0.961862	0.999991	0.973699	0.974000	0.999682	0.979790	0.981595	0.998127	0.982801	0.987359	0.995325	0.981766	0.991431	0.990167	0.981504	0.994146	0.987210	0.980578	0.995817	0.984634	0.979252	0.996638	0.982498	0.977665	0.997212	0.980345	0.975083	0.997601	0.977374	0.973598	0.998122	0.975385	0.969419	0.998544	0.970791	0.965448	0.998686	0.966676
PSF	00786	0.5003	9647853	x	g	0.885475	0.891064	0.992967	0.924657	0.930790	0.992924	0.956675	0.963769	0.992364	0.967057	0.975261	0.991376	0.972034	0.982348	0.989313	0.974559	0.987907	0.986326	0.973140	0.991798	0.981035	0.972415	0.994286	0.977880	0.971198	0.995810	0.975184	0.969930	0.996658	0.973095	0.968388	0.997250	0.970981	0.965833	0.997643	0.968042	0.964278	0.998122	0.966031	0.960147	0.998550	0.961487	0.956220	0.998696	0.957416
POS	00786	0.5003	9647853	y	V	0.847190	0.847190	1.000000	0.896920	0.896920	1.000000	0.941658	0.941658	1.000000	0.957627	0.957628	0.999999	0.968609	0.968707	0.999896	0.976704	0.978246	0.998389	0.981013	0.986324	0.994541	0.981423	0.990280	0.990970	0.980729	0.992751	0.987803	0.979350	0.994164	0.985013	0.977888	0.995371	0.982356	0.975967	0.996412	0.979409	0.974611	0.997356	0.977135	0.969603	0.998426	0.971087	0.964791	0.998720	0.965985
PSF	00786	0.5003	9647853	y	V	0.844929	0.848678	0.994799	0.894270	0.898482	0.994785	0.938413	0.943172	0.994652	0.953835	0.958957	0.994432	0.963863	0.969615	0.993883	0.970770	0.978606	0.991819	0.974481	0.986420	0.987732	0.974866	0.990379	0.984187	0.973869	0.992701	0.980893	0.972477	0.994106	0.978116	0.971041	0.995326	0.975490	0.969157	0.996383	0.972579	0.967822	0.997336	0.970330	0.962849	0.998410	0.964327	0.958084	0.998712	0.959269
POS	00786	0.5003	9647853	y	g	0.882784	0.882784	1.000000	0.922180	0.922180	1.000000	0.955393	0.955393	1.000000	0.967701	0.967725	0.999974	0.976152	0.976479	0.999656	0.981697	0.983491	0.998146	0.984851	0.989656	0.995095	0.985401	0.992768	0.992525	0.985102	0.994752	0.990249	0.984138	0.995756	0.988283	0.983121	0.996622	0.986408	0.981531	0.997526	0.983926	0.980645	0.998358	0.982229	0.976965	0.999053	0.977870	0.973033	0.999231	0.973762
PSF	00786	0.5003	9647853	y	g	0.879000	0.884553	0.992909	0.917935	0.924009	0.992890	0.950387	0.957090	0.992684	0.961942	0.969135	0.992343	0.969498	0.977504	0.991623	0.974054	0.984065	0.989664	0.976634	0.989979	0.986385	0.976876	0.992951	0.983698	0.976181	0.994738	0.981248	0.975184	0.995726	0.979284	0.974183	0.996599	0.977432	0.972620	0.997513	0.974984	0.971745	0.998350	0.973308	0.968085	0.999041	0.968985	0.964193	0.999223	0.964916
POS	00786	0.5003	9647853	z	V	0.854887	0.854887	1.000000	0.905068	0.905068	1.000000	0.950207	0.950210	0.999997	0.965657	0.965987	0.999646	0.972420	0.974978	0.997309	0.975365	0.981962	0.993159	0.976210	0.988331	0.987593	0.974850	0.991403	0.983162	0.973519	0.993557	0.979704	0.971543	0.994662	0.976635	0.969297	0.995461	0.973600	0.967721	0.996679	0.970852	0.965466	0.997150	0.968138	0.959967	0.997939	0.961874	0.955811	0.998557	0.957132
PSF	00786	0.5003	9647853	z	V	0.853365	0.857187	0.994801	0.903149	0.907466	0.994760	0.947077	0.952268	0.994277	0.960703	0.967215	0.993040	0.966763	0.975906	0.990402	0.969222	0.982682	0.986065	0.969476	0.988776	0.980263	0.967881	0.991735	0.975752	0.966228	0.993725	0.972160	0.964223	0.994812	0.969096	0.962024	0.995630	0.966103	0.960135	0.996681	0.963214	0.957905	0.997158	0.960527	0.952463	0.997958	0.954323	0.948324	0.998570	0.949613
POS	00786	0.5003	9647853	z	g	0.889130	0.889130	1.000000	0.928809	0.928809	1.000000	0.962189	0.962224	0.999962	0.973081	0.973882	0.999155	0.977288	0.980524	0.996634	0.979112	0.985686	0.993235	0.980088	0.990777	0.989112	0.979334	0.993238	0.985908	0.978548	0.994978	0.983405	0.977178	0.995773	0.981248	0.975513	0.996304	0.979056	0.974514	0.997511	0.976889	0.972608	0.997812	0.974687	0.968576	0.998309	0.970168	0.965465	0.998901	0.966492
PSF	00786	0.5003	9647853	z	g	0.885889	0.891525	0.992914	0.925069	0.931263	0.992862	0.956936	0.964174	0.992216	0.966245	0.975121	0.990668	0.970165	0.981669	0.988065	0.971389	0.986558	0.984417	0.971793	0.991387	0.980068	0.970726	0.993696	0.976742	0.969565	0.995246	0.974076	0.968173	0.996028	0.971925	0.966550	0.996576	0.969770	0.965091	0.997542	0.967392	0.963215	0.997851	0.965218	0.959234	0.998356	0.960751	0.956122	0.998935	0.957098
thin2	00786	0.5003	9647853	x	V	0.809130	0.809130	1.000000	0.878094	0.878094	1.000000	0.930320	0.930320	1.000000	0.969411	0.969653	0.999743	0.979469	0.983212	0.996129	0.978477	0.991174	0.987077	0.973624	0.995260	0.978160	0.968886	0.997054	0.971667	0.965970	0.997605	0.968215
thin2	00786	0.5003	9647853	x	g	0.849301	0.849301	1.000000	0.907711	0.907711	1.000000	0.947430	0.947430	1.000000	0.976799	0.977428	0.999342	0.982669	0.986926	0.995630	0.981546	0.992807	0.988577	0.979062	0.996433	0.982505	0.975298	0.997587	0.977605	0.973071	0.997935	0.975034
thin2	00786	0.5003	9647853	y	V	0.802529	0.802529	1.000000	0.870930	0.870930	1.000000	0.922731	0.922731	1.000000	0.961958	0.961973	0.999983	0.976344	0.977647	0.998637	0.981215	0.988517	0.992528	0.979264	0.994066	0.985023	0.975926	0.996587	0.979200	0.974085	0.997703	0.976275
thin2	00786	0.5003	9647853	y	g	0.843687	0.843687	1.000000	0.901712	0.901712	1.000000	0.941168	0.941168	1.000000	0.971441	0.971523	0.999914	0.981500	0.983088	0.998357	0.984970	0.991257	0.993601	0.984018	0.995651	0.988266	0.981892	0.997648	0.984170	0.980785	0.998579	0.982155
thin2	00786	0.5003	9647853	z	V	0.809965	0.809965	1.000000	0.879000	0.879000	1.000000	0.931280	0.931280	1.000000	0.969045	0.969959	0.999028	0.975555	0.981726	0.993598	0.975564	0.990192	0.985083	0.971561	0.994708	0.976610	0.966416	0.996282	0.969914	0.963557	0.996858	0.966493
thin2	00786	0.5003	9647853	z	g	0.849932	0.849932	1.000000	0.908386	0.908386	1.000000	0.948134	0.948134	1.000000	0.975692	0.977226	0.998394	0.979303	0.985583	0.993536	0.979725	0.992246	0.987284	0.977226	0.995861	0.981212	0.973243	0.996895	0.976201	0.971031	0.997249	0.973640
thin4	00786	0.5003	9647853	x	V	0.755783	0.755783	1.000000	0.846199	0.846199	1.000000	0.909685	0.909685	1.000000	0.950947	0.950947	0.999999	0.968702	0.969001	0.999681	0.977240	0.980171	0.996949	0.977728	0.990756	0.986729	0.974115	0.994513	0.979379	0.971231	0.995872	0.975157
thin4	00786	0.5003	9647853	x	g	0.797754	0.797754	1.000000	0.882051	0.882051	1.000000	0.931620	0.931620	1.000000	0.962517	0.962533	0.999984	0.975019	0.975835	0.999143	0.980731	0.984234	0.996384	0.980531	0.992027	0.988320	0.979554	0.995841	0.983578	0.977166	0.996720	0.980318
thin4	00786	0.5003	9647853	y	V	0.749636	0.749636	1.000000	0.839317	0.839317	1.000000	0.902287	0.902287	1.000000	0.943214	0.943214	1.000000	0.961374	0.961400	0.999971	0.974127	0.974645	0.999456	0.980903	0.988337	0.992391	0.980374	0.993651	0.986554	0.978431	0.995496	0.982781
thin4	00786	0.5003	9647853	y	g	0.792643	0.792643	1.000000	0.876400	0.876400	1.000000	0.925652	0.925652	1.000000	0.956379	0.956380	0.999999	0.970188	0.970300	0.999881	0.979835	0.980647	0.999155	0.984579	0.990900	0.993563	0.985012	0.995417	0.989499	0.983811	0.996906	0.986824
thin4	00786	0.5003	9647853	z	V	0.756728	0.756728	1.000000	0.847257	0.847257	1.000000	0.910823	0.910823	1.000000	0.952102	0.952119	0.999981	0.968419	0.969454	0.998899	0.974858	0.979569	0.995091	0.975373	0.990168	0.984912	0.972853	0.994486	0.978129	0.969528	0.995614	0.973686
thin4	00786	0.5003	9647853	z	g	0.798792	0.798792	1.000000	0.883198	0.883198	1.000000	0.932832	0.932832	1.000000	0.963604	0.963700	0.999896	0.974535	0.976217	0.998235	0.978714	0.983846	0.994698	0.979454	0.992122	0.987131	0.978215	0.995804	0.982264	0.975627	0.996579	0.978906
thin8	00786	0.5003	9647853	x	V	0.707349	0.707349	1.000000	0.796686	0.796686	1.000000	0.883551	0.883551	1.000000	0.931521	0.931521	1.000000	0.950006	0.950007	0.999999	0.966858	0.967034	0.999812	0.977171	0.980185	0.996863	0.978522	0.989995	0.988295	0.976228	0.992563	0.983422
thin8	00786	0.5003	9647853	x	g	0.748786	0.748786	1.000000	0.836655	0.836655	1.000000	0.910918	0.910918	1.000000	0.947522	0.947522	1.000000	0.961395	0.961427	0.999965	0.974393	0.974943	0.999421	0.980648	0.984112	0.996424	0.981158	0.991498	0.989483	0.980902	0.994290	0.986458
thin8	00786	0.5003	9647853	y	V	0.701548	0.701548	1.000000	0.790152	0.790152	1.000000	0.876305	0.876305	1.000000	0.923882	0.923882	1.000000	0.942217	0.942217	1.000000	0.959272	0.959278	0.999993	0.974089	0.974641	0.999420	0.980605	0.986992	0.993444	0.981546	0.991191	0.990184
thin8	00786	0.5003	9647853	y	g	0.743958	0.743958	1.000000	0.831260	0.831260	1.000000	0.905045	0.905045	1.000000	0.941413	0.941413	1.000000	0.955261	0.955261	1.000000	0.969141	0.969179	0.999959	0.979426	0.980341	0.999048	0.984604	0.990047	0.994447	0.985565	0.993445	0.992016
thin8	00786	0.5003	9647853	z	V	0.708210	0.708210	1.000000	0.797655	0.797655	1.000000	0.884626	0.884626	1.000000	0.932655	0.932655	1.000000	0.951123	0.951143	0.999978	0.967132	0.967752	0.999338	0.974696	0.979519	0.994974	0.975805	0.989206	0.986307	0.975541	0.992816	0.982477
thin8	00786	0.5003	9647853	z	g	0.749845	0.749845	1.000000	0.837839	0.837839	1.000000	0.912207	0.912207	1.000000	0.948863	0.948863	1.000000	0.962626	0.962722	0.999897	0.974489	0.975673	0.998756	0.978614	0.983772	0.994672	0.979734	0.991473	0.988059	0.980066	0.994569	0.985340
POS	00967	0.2274	11019776	x	V	0.228104	0.228104	1.000000	0.369288	0.369288	1.000000	0.570963	0.570963	1.000000	0.645263	0.645263	1.000000	0.708784	0.708789	0.999990	0.774267	0.774525	0.999569	0.827393	0.829218	0.997347	0.863528	0.872965	0.987636	0.875762	0.901160	0.968822	0.877061	0.917382	0.952278	0.874606	0.929348	0.936900	0.865121	0.937581	0.917993	0.851400	0.945029	0.895762	0.813127	0.964310	0.838357	0.797764	0.974414	0.814833
PSF	00967	0.2274	11019776	x	V	0.228285	0.228495	0.995989	0.369367	0.369918	0.995981	0.570603	0.571926	0.995961	0.644646	0.646342	0.995946	0.707831	0.709920	0.995860	0.772344	0.775381	0.994954	0.824079	0.829556	0.992051	0.858675	0.872673	0.981663	0.870631	0.900826	0.962927	0.871993	0.917130	0.946575	0.869519	0.929109	0.931306	0.860067	0.937352	0.912522	0.846467	0.944844	0.890468	0.808440	0.964193	0.833464	0.793141	0.974305	0.810086
POS	00967	0.2274	11019776	x	g	0.226888	0.226888	1.000000	0.370537	0.370537	1.000000	0.579226	0.579226	1.000000	0.658998	0.658998	1.000000	0.727374	0.727576	0.999618	0.796797	0.800234	0.994639	0.841545	0.853290	0.983907	0.864836	0.893066	0.964738	0.865491	0.916853	0.939209	0.859096	0.929711	0.918770	0.851623	0.939519	0.901020	0.838361	0.945965	0.880528	0.821962	0.952021	0.857484	0.778449	0.968536	0.798645	0.760979	0.977481	0.774557
PSF	00967	0.2274	11019776	x	g	0.227118	0.227418	0.994231	0.370602	0.371401	0.994227	0.578605	0.580564	0.994204	0.657929	0.660485	0.994151	0.725344	0.728894	0.993330	0.793065	0.801045	0.987594	0.836069	0.853486	0.976174	0.857670	0.892568	0.956401	0.858153	0.916346	0.931097	0.851910	0.929307	0.910944	0.844501	0.939151	0.893383	0.831435	0.945675	0.873139	0.815222	0.951786	0.850338	0.772080	0.968373	0.792053	0.754751	0.977348	0.768188
POS	00967	0.2274	11019776	y	V	0.245698	0.245698	1.000000	0.397771	0.397771	1.000000	0.615003	0.615003	1.000000	0.695034	0.695034	1.000000	0.763467	0.763467	1.000000	0.832299	0.833356	0.998479	0.872675	0.883336	0.986359	0.887834	0.918043	0.964261	0.878702	0.936327	0.934545	0.869350	0.947624	0.913231	0.859905	0.956323	0.895057	0.846948	0.963042	0.875401	0.829925	0.968908	0.852632	0.778191	0.979837	0.790856	0.755423	0.984646	0.764428
PSF	00967	0.2274	11019776	y	V	0.245797	0.246039	0.996025	0.397682	0.398317	0.996011	0.614293	0.615822	0.995973	0.693985	0.695947	0.995954	0.762050	0.764440	0.995915	0.829588	0.833909	0.993793	0.868547	0.883340	0.981083	0.882855	0.917711	0.958753	0.873835	0.936073	0.929291	0.864553	0.947409	0.908136	0.855147	0.956121	0.890078	0.842289	0.962873	0.870562	0.825306	0.968720	0.847903	0.773926	0.979718	0.786527	0.751306	0.984555	0.760266
POS	00967	0.2274	11019776	y	g	0.245927	0.245927	1.000000	0.401631	0.401631	1.000000	0.627832	0.627832	1.000000	0.714299	0.714299	1.000000	0.788272	0.788563	0.999532	0.851993	0.861226	0.987574	0.868737	0.901877	0.959419	0.868674	0.931299	0.928151	0.850705	0.946045	0.894084	0.837067	0.955426	0.871085	0.824862	0.962892	0.851943	0.809954	0.968599	0.831795	0.791353	0.973388	0.808853	0.737876	0.982698	0.747588	0.714664	0.986925	0.721495
PSF	00967	0.2274	11019776	y	g	0.246087	0.246439	0.994228	0.401518	0.402459	0.994207	0.626785	0.629100	0.994164	0.712662	0.715692	0.994096	0.785028	0.789487	0.992857	0.846101	0.861157	0.979754	0.862545	0.901865	0.951886	0.861656	0.930927	0.920507	0.843795	0.945703	0.886754	0.830241	0.955101	0.863961	0.818133	0.962590	0.845000	0.803385	0.968342	0.825055	0.784952	0.973158	0.802322	0.731981	0.982555	0.741620	0.708965	0.986803	0.715751
POS	00967	0.2274	11019776	z	V	0.255444	0.255444	1.000000	0.413549	0.413549	1.000000	0.639396	0.639396	1.000000	0.722602	0.722602	1.000000	0.792705	0.793166	0.999266	0.855921	0.861367	0.992668	0.879281	0.903514	0.970400	0.882776	0.932971	0.942555	0.870675	0.950251	0.912259	0.859554	0.960906	0.890702	0.846773	0.967846	0.871283	0.830989	0.972935	0.850653	0.810413	0.976503	0.826531	0.754960	0.984310	0.764156	0.730063	0.987099	0.737096
PSF	00967	0.2274	11019776	z	V	0.255491	0.255755	0.995975	0.413352	0.414047	0.995959	0.638466	0.640141	0.995919	0.721275	0.723426	0.995895	0.790414	0.793732	0.994740	0.851599	0.861120	0.987183	0.874582	0.903226	0.965008	0.878043	0.932745	0.937390	0.866038	0.950085	0.907321	0.854948	0.960749	0.885891	0.842250	0.967715	0.866601	0.826559	0.972821	0.846097	0.806094	0.976398	0.822113	0.750974	0.984251	0.760108	0.726218	0.987055	0.733201
POS	00967	0.2274	11019776	z	g	0.259575	0.259575	1.000000	0.423920	0.423920	1.000000	0.662674	0.662674	1.000000	0.753872	0.753901	0.999949	0.819956	0.825704	0.991581	0.857864	0.886767	0.963398	0.856646	0.919185	0.926421	0.848720	0.945291	0.892563	0.829337	0.959676	0.859280	0.814059	0.968264	0.836375	0.799116	0.974047	0.816501	0.781400	0.977777	0.795528	0.760364	0.980581	0.771989	0.704771	0.986994	0.711378	0.680149	0.989286	0.685196
PSF	00967	0.2274	11019776	z	g	0.259596	0.259997	0.994104	0.423529	0.424599	0.994084	0.661074	0.663706	0.994038	0.751242	0.754846	0.993685	0.814252	0.825365	0.983732	0.851430	0.886376	0.955744	0.850208	0.918901	0.919181	0.842314	0.945081	0.885665	0.822956	0.959440	0.852619	0.807704	0.967996	0.829865	0.792900	0.973812	0.810175	0.775381	0.977595	0.789409	0.754532	0.980427	0.766072	0.699418	0.986902	0.705972	0.675003	0.989219	0.680006
thin2	00967	0.2274	11019776	x	V	0.160781	0.160781	1.000000	0.290030	0.290030	1.000000	0.482029	0.482029	1.000000	0.671171	0.671171	1.000000	0.769735	0.770002	0.999549	0.851073	0.856668	0.992385	0.877034	0.917189	0.952455	0.864071	0.940077	0.914437	0.840080	0.952092	0.877158
thin2	00967	0.2274	11019776	x	g	0.158981	0.158981	1.000000	0.290170	0.290170	1.000000	0.487244	0.487244	1.000000	0.687580	0.687584	0.999992	0.787969	0.791259	0.994750	0.856824	0.877762	0.972915	0.858973	0.929441	0.918893	0.835914	0.947731	0.876315	0.808004	0.957617	0.837970
thin2	00967	0.2274	11019776	y	V	0.173140	0.173140	1.000000	0.312322	0.312322	1.000000	0.519079	0.519079	1.000000	0.722759	0.722759	1.000000	0.826476	0.827872	0.997964	0.885330	0.906115	0.974745	0.870134	0.947769	0.913961	0.845669	0.965435	0.872073	0.814358	0.973472	0.832841
thin2	00967	0.2274	11019776	y	g	0.172272	0.172272	1.000000	0.314429	0.314429	1.000000	0.527979	0.527979	1.000000	0.745059	0.745066	0.999989	0.841492	0.850834	0.987120	0.871113	0.920700	0.941773	0.837664	0.955441	0.871719	0.807992	0.970627	0.828243	0.775050	0.977331	0.789238
thin2	00967	0.2274	11019776	z	V	0.179985	0.179985	1.000000	0.324671	0.324671	1.000000	0.539603	0.539603	1.000000	0.751335	0.751336	0.999999	0.849008	0.855139	0.991625	0.884639	0.922992	0.955135	0.859916	0.960741	0.891233	0.828620	0.974625	0.846890	0.793361	0.979921	0.806472
thin2	00967	0.2274	11019776	z	g	0.181875	0.181875	1.000000	0.331957	0.331957	1.000000	0.557411	0.557411	1.000000	0.785523	0.786001	0.999228	0.845722	0.875168	0.961739	0.853860	0.935965	0.906835	0.814415	0.968251	0.836761	0.778178	0.979076	0.791339	0.742744	0.983376	0.752189
thin4	00967	0.2274	11019776	x	V	0.111872	0.111872	1.000000	0.213646	0.213646	1.000000	0.391078	0.391078	1.000000	0.578417	0.578417	1.000000	0.669938	0.669938	1.000000	0.748937	0.748997	0.999894	0.846122	0.851677	0.992351	0.877122	0.910355	0.960044	0.875956	0.926874	0.940986
thin4	00967	0.2274	11019776	x	g	0.109087	0.109087	1.000000	0.212085	0.212085	1.000000	0.392731	0.392731	1.000000	0.586470	0.586470	1.000000	0.685822	0.685844	0.999954	0.770077	0.771137	0.998217	0.853096	0.872881	0.974118	0.863162	0.924483	0.928638	0.854677	0.937750	0.906084
thin4	00967	0.2274	11019776	y	V	0.120416	0.120416	1.000000	0.229964	0.229964	1.000000	0.420947	0.420947	1.000000	0.622595	0.622595	1.000000	0.721106	0.721106	1.000000	0.805222	0.805698	0.999267	0.881075	0.901083	0.975418	0.875795	0.943435	0.924331	0.863096	0.954422	0.900199
thin4	00967	0.2274	11019776	y	g	0.118134	0.118134	1.000000	0.229675	0.229675	1.000000	0.425302	0.425302	1.000000	0.635108	0.635108	1.000000	0.742728	0.742741	0.999976	0.826615	0.831126	0.993477	0.867724	0.915421	0.943355	0.845451	0.952029	0.883070	0.828901	0.961188	0.857605
thin4	00967	0.2274	11019776	z	V	0.125194	0.125194	1.000000	0.239089	0.239089	1.000000	0.437651	0.437651	1.000000	0.647299	0.647299	1.000000	0.749715	0.749717	0.999997	0.832846	0.835316	0.996462	0.881032	0.918229	0.956042	0.866091	0.956630	0.901488	0.850317	0.966119	0.876454
thin4	00967	0.2274	11019776	z	g	0.124750	0.124750	1.000000	0.242538	0.242538	1.000000	0.449121	0.449121	1.000000	0.670678	0.670678	1.000000	0.782896	0.783537	0.998955	0.843332	0.861680	0.975373	0.850037	0.930305	0.907850	0.822486	0.965089	0.847707	0.803094	0.972549	0.821721
thin8	00967	0.2274	11019776	x	V	0.080509	0.080509	1.000000	0.147575	0.147575	1.000000	0.310531	0.310531	1.000000	0.486518	0.486518	1.000000	0.582316	0.582316	1.000000	0.652469	0.652469	1.000000	0.747990	0.748112	0.999782	0.832275	0.835159	0.995867	0.868323	0.878955	0.986262
thin8	00967	0.2274	11019776	x	g	0.078174	0.078174	1.000000	0.144951	0.144951	1.000000	0.310739	0.310739	1.000000	0.491189	0.491189	1.000000	0.593235	0.593235	1.000000	0.667061	0.667061	1.000000	0.768142	0.769400	0.997876	0.845679	0.859476	0.981372	0.867275	0.898086	0.961948
thin8	00967	0.2274	11019776	y	V	0.086696	0.086696	1.000000	0.158914	0.158914	1.000000	0.334392	0.334392	1.000000	0.523902	0.523902	1.000000	0.627062	0.627062	1.000000	0.702605	0.702605	1.000000	0.804604	0.805125	0.999196	0.877679	0.889545	0.985028	0.888471	0.921972	0.960710
thin8	00967	0.2274	11019776	y	g	0.084648	0.084648	1.000000	0.156954	0.156954	1.000000	0.336471	0.336471	1.000000	0.531862	0.531862	1.000000	0.642358	0.642358	1.000000	0.722298	0.722298	1.000000	0.823528	0.828656	0.992541	0.871731	0.907397	0.956856	0.867982	0.934401	0.924306
thin8	00967	0.2274	11019776	z	V	0.090170	0.090170	1.000000	0.165283	0.165283	1.000000	0.347793	0.347793	1.000000	0.544899	0.544899	1.000000	0.652193	0.652193	1.000000	0.730759	0.730761	0.999997	0.832281	0.834908	0.996233	0.882588	0.909156	0.967951	0.880374	0.935510	0.937255
thin8	00967	0.2274	11019776	z	g	0.089437	0.089437	1.000000	0.165835	0.165835	1.000000	0.355509	0.355509	1.000000	0.561956	0.561956	1.000000	0.678704	0.678704	1.000000	0.762520	0.762800	0.999520	0.840501	0.859508	0.974363	0.858416	0.924724	0.922908	0.846093	0.947852	0.887401
POS	00967	0.2274	15139628	x	V	0.437005	0.437005	1.000000	0.590052	0.590052	1.000000	0.789688	0.789688	1.000000	0.856762	0.856766	0.999995	0.899901	0.900138	0.999707	0.925634	0.929358	0.995690	0.934968	0.946811	0.986799	0.936677	0.958879	0.975877	0.933035	0.966433	0.964285	0.928844	0.971545	0.954819	0.923930	0.974932	0.946414	0.918732	0.977880	0.938230	0.914356	0.980268	0.931501	0.899558	0.985463	0.911655	0.760774	0.988137	0.767787
PSF	00967	0.2274	15139628	x	V	0.436746	0.437650	0.995295	0.589277	0.590923	0.995296	0.787736	0.790756	0.995174	0.854120	0.857791	0.995014	0.895677	0.900550	0.993994	0.919479	0.928914	0.989073	0.928581	0.946325	0.980206	0.930437	0.958510	0.969482	0.927030	0.966199	0.958102	0.922946	0.971369	0.948756	0.918125	0.974799	0.940447	0.913007	0.977783	0.932349	0.908676	0.980188	0.925677	0.893990	0.985411	0.905981	0.756072	0.988099	0.763020
POS	00967	0.2274	15139628	x	g	0.440044	0.440044	1.000000	0.596388	0.596388	1.000000	0.808116	0.808123	0.999991	0.878653	0.878857	0.999735	0.917046	0.920972	0.995373	0.926757	0.942710	0.982068	0.925339	0.955245	0.967273	0.920664	0.964510	0.952947	0.913475	0.970587	0.939482	0.907124	0.974847	0.928864	0.900802	0.977707	0.919692	0.894525	0.980316	0.910886	0.889248	0.982407	0.903639	0.872168	0.986917	0.882369	0.719081	0.989345	0.724693
PSF	00967	0.2274	15139628	x	g	0.439660	0.440954	0.993366	0.595257	0.597628	0.993377	0.804926	0.809512	0.993011	0.873336	0.879609	0.991900	0.908453	0.920309	0.986018	0.917979	0.942080	0.972887	0.916912	0.954846	0.958471	0.912437	0.964234	0.944400	0.905423	0.970397	0.931141	0.899147	0.974686	0.920646	0.892909	0.977575	0.911581	0.886670	0.980184	0.902854	0.881426	0.982276	0.895671	0.864521	0.986819	0.874620	0.712790	0.989270	0.718344
POS	00967	0.2274	15139628	y	V	0.437413	0.437413	1.000000	0.590603	0.590603	1.000000	0.790424	0.790424	1.000000	0.857513	0.857539	0.999965	0.900393	0.900795	0.999505	0.927265	0.930627	0.996119	0.937094	0.948355	0.987487	0.937442	0.959727	0.975829	0.933097	0.966918	0.963868	0.927953	0.971519	0.953903	0.922661	0.974696	0.945304	0.917047	0.977410	0.936905	0.911395	0.979075	0.929500	0.894613	0.983080	0.908602	0.755466	0.984726	0.764423
PSF	00967	0.2274	15139628	y	V	0.437145	0.438055	0.995273	0.589813	0.591470	0.995274	0.788319	0.791415	0.995061	0.854633	0.858446	0.994831	0.895849	0.901048	0.993601	0.920824	0.930049	0.989344	0.930480	0.947769	0.980772	0.931042	0.959285	0.969347	0.926966	0.966624	0.957616	0.921959	0.971294	0.947784	0.916724	0.974493	0.939261	0.911156	0.977220	0.930929	0.905577	0.978911	0.923596	0.888932	0.982945	0.902858	0.750722	0.984632	0.759623
POS	00967	0.2274	15139628	y	g	0.438972	0.438972	1.000000	0.594935	0.594935	1.000000	0.806062	0.806107	0.999932	0.876013	0.876450	0.999431	0.913844	0.918215	0.994817	0.927840	0.942156	0.983887	0.928521	0.955790	0.970189	0.923368	0.964799	0.955560	0.915653	0.970592	0.941781	0.908387	0.974341	0.930650	0.901722	0.977004	0.921275	0.895061	0.979387	0.912246	0.888675	0.980826	0.904387	0.870012	0.984345	0.882219	0.716431	0.985833	0.723883
PSF	00967	0.2274	15139628	y	g	0.438611	0.439898	0.993375	0.593837	0.596195	0.993384	0.802692	0.807393	0.992799	0.870253	0.876956	0.991293	0.905271	0.917550	0.985433	0.918878	0.941445	0.974576	0.919890	0.955313	0.961253	0.914815	0.964373	0.946814	0.907353	0.970290	0.933283	0.900228	0.974096	0.922307	0.893648	0.976785	0.913041	0.887054	0.979182	0.904105	0.880749	0.980639	0.896335	0.862291	0.984196	0.874398	0.710115	0.985723	0.717495
POS	00967	0.2274	15139628	z	V	0.454798	0.454798	1.000000	0.614076	0.614076	1.000000	0.821839	0.821839	1.000000	0.891162	0.891393	0.999709	0.924465	0.930515	0.993016	0.930402	0.950154	0.978145	0.927007	0.961420	0.962824	0.919466	0.968863	0.947463	0.911905	0.974448	0.934245	0.905093	0.978186	0.923737	0.899438	0.981186	0.915223	0.893528	0.983737	0.906925	0.888270	0.985613	0.899939	0.871044	0.989257	0.879362	0.735049	0.991078	0.739946
PSF	00967	0.2274	15139628	z	V	0.454432	0.455390	0.995390	0.613123	0.614872	0.995383	0.819708	0.822867	0.995338	0.886823	0.891582	0.994017	0.918069	0.929823	0.986418	0.924288	0.949681	0.971885	0.921265	0.961164	0.956883	0.913794	0.968641	0.941651	0.906296	0.974249	0.928538	0.899564	0.978020	0.918126	0.893959	0.981036	0.909679	0.888090	0.983596	0.901441	0.882884	0.985489	0.894513	0.865798	0.989165	0.874087	0.730653	0.991011	0.735527
POS	00967	0.2274	15139628	z	g	0.459742	0.459742	1.000000	0.623084	0.623084	1.000000	0.844254	0.844277	0.999967	0.906616	0.912239	0.993247	0.920754	0.942765	0.975270	0.916246	0.957676	0.954913	0.907968	0.966884	0.937110	0.896758	0.972726	0.919887	0.886935	0.977379	0.905523	0.878701	0.980561	0.894279	0.871990	0.983168	0.885205	0.864938	0.985272	0.876267	0.859031	0.986937	0.868910	0.840127	0.990072	0.847264	0.691283	0.991710	0.695301
PSF	00967	0.2274	15139628	z	g	0.459209	0.460601	0.993462	0.621705	0.624255	0.993472	0.840233	0.845354	0.992842	0.898053	0.911377	0.983982	0.912283	0.942132	0.966437	0.908227	0.957323	0.946551	0.900034	0.966573	0.928948	0.889062	0.972519	0.911974	0.879341	0.977200	0.897760	0.871208	0.980413	0.886640	0.864538	0.983020	0.877644	0.857559	0.985140	0.868797	0.851685	0.986800	0.861499	0.833019	0.989996	0.840090	0.685461	0.991663	0.689434
thin2	00967	0.2274	15139628	x	V	0.342453	0.342453	1.000000	0.506193	0.506193	1.000000	0.692798	0.692798	1.000000	0.875262	0.875273	0.999985	0.924959	0.928578	0.995805	0.936116	0.954185	0.980172	0.928758	0.971457	0.954813	0.917820	0.978889	0.936354	0.910182	0.981995	0.925629
thin2	00967	0.2274	15139628	x	g	0.344353	0.344353	1.000000	0.510197	0.510197	1.000000	0.707066	0.707066	1.000000	0.897418	0.898195	0.999037	0.926621	0.942273	0.982389	0.922905	0.961148	0.958670	0.907004	0.974805	0.928777	0.893213	0.981234	0.908737	0.884317	0.983947	0.897262
thin2	00967	0.2274	15139628	y	V	0.342836	0.342836	1.000000	0.506760	0.506760	1.000000	0.693573	0.693573	1.000000	0.876120	0.876188	0.999911	0.926306	0.929781	0.995981	0.937499	0.955440	0.980364	0.926964	0.971031	0.953327	0.915159	0.977966	0.934426	0.906652	0.980562	0.923245
thin2	00967	0.2274	15139628	y	g	0.343585	0.343585	1.000000	0.509059	0.509059	1.000000	0.705489	0.705489	1.000000	0.894263	0.895581	0.998356	0.927908	0.941923	0.984219	0.924853	0.961128	0.960792	0.907465	0.973951	0.930037	0.892709	0.979806	0.909442	0.883032	0.982041	0.897525
thin2	00967	0.2274	15139628	z	V	0.356558	0.356558	1.000000	0.527041	0.527041	1.000000	0.721332	0.721332	1.000000	0.907989	0.909582	0.998075	0.929893	0.949650	0.978117	0.922976	0.966464	0.953514	0.905223	0.978447	0.923641	0.891227	0.984183	0.904178	0.883004	0.986913	0.893466
thin2	00967	0.2274	15139628	z	g	0.359893	0.359893	1.000000	0.533221	0.533221	1.000000	0.738975	0.738975	1.000000	0.915274	0.926915	0.986464	0.915856	0.957252	0.954912	0.901355	0.970793	0.926479	0.878828	0.980842	0.894176	0.862509	0.985690	0.873446	0.853210	0.988055	0.862103
thin4	00967	0.2274	15139628	x	V	0.248355	0.248355	1.000000	0.417396	0.417396	1.000000	0.609852	0.609852	1.000000	0.797065	0.797067	0.999998	0.873796	0.873839	0.999945	0.917972	0.920118	0.997465	0.935817	0.954467	0.979547	0.930466	0.969003	0.959010	0.923657	0.973775	0.947219
thin4	00967	0.2274	15139628	x	g	0.249541	0.249541	1.000000	0.420098	0.420098	1.000000	0.616666	0.616666	1.000000	0.816039	0.816052	0.999981	0.895566	0.896402	0.998959	0.924229	0.936099	0.986465	0.922183	0.961378	0.957661	0.909441	0.972739	0.933226	0.900927	0.976914	0.920526
thin4	00967	0.2274	15139628	y	V	0.248605	0.248605	1.000000	0.417816	0.417816	1.000000	0.610467	0.610467	1.000000	0.797846	0.797857	0.999982	0.874630	0.874694	0.999916	0.919114	0.921160	0.997589	0.937458	0.955806	0.979934	0.930302	0.969406	0.958442	0.923473	0.974172	0.946651
thin4	00967	0.2274	15139628	y	g	0.248872	0.248872	1.000000	0.418972	0.418972	1.000000	0.615014	0.615014	1.000000	0.813579	0.813714	0.999795	0.892017	0.893392	0.998278	0.925035	0.935302	0.988272	0.925280	0.961763	0.960618	0.911327	0.972463	0.935467	0.902774	0.976618	0.922718
thin4	00967	0.2274	15139628	z	V	0.258534	0.258534	1.000000	0.434502	0.434502	1.000000	0.634846	0.634846	1.000000	0.829735	0.829735	1.000000	0.905894	0.907704	0.997803	0.928891	0.943999	0.983063	0.921722	0.966140	0.952491	0.908026	0.976463	0.928346	0.899856	0.980523	0.916233
thin4	00967	0.2274	15139628	z	g	0.260637	0.260637	1.000000	0.438779	0.438779	1.000000	0.644088	0.644088	1.000000	0.852108	0.852222	0.999843	0.912270	0.924182	0.986068	0.918021	0.953018	0.961537	0.900438	0.970601	0.925685	0.882376	0.979088	0.899326	0.872977	0.982728	0.886580
thin8	00967	0.2274	15139628	x	V	0.159468	0.159468	1.000000	0.323585	0.323585	1.000000	0.526938	0.526938	1.000000	0.697517	0.697517	1.000000	0.795765	0.795765	1.000000	0.861285	0.861309	0.999968	0.918801	0.921491	0.996833	0.934253	0.949051	0.983584	0.934396	0.960779	0.971451
thin8	00967	0.2274	15139628	x	g	0.160088	0.160088	1.000000	0.325219	0.325219	1.000000	0.531557	0.531557	1.000000	0.710105	0.710105	1.000000	0.814770	0.814803	0.999950	0.881973	0.882579	0.999223	0.924435	0.937392	0.985268	0.923856	0.957633	0.963225	0.917554	0.966513	0.947681
thin8	00967	0.2274	15139628	y	V	0.159588	0.159588	1.000000	0.323829	0.323829	1.000000	0.527334	0.527334	1.000000	0.698041	0.698041	1.000000	0.796341	0.796351	0.999984	0.861855	0.861915	0.999919	0.918495	0.921664	0.996271	0.936217	0.950432	0.984276	0.935137	0.961532	0.971482
thin8	00967	0.2274	15139628	y	g	0.159590	0.159590	1.000000	0.324208	0.324208	1.000000	0.529906	0.529906	1.000000	0.707899	0.707899	1.000000	0.811960	0.812118	0.999761	0.877936	0.879145	0.998437	0.922986	0.935209	0.986037	0.926576	0.957611	0.966205	0.919858	0.966260	0.950385
thin8	00967	0.2274	15139628	z	V	0.165938	0.165938	1.000000	0.336715	0.336715	1.000000	0.548319	0.548319	1.000000	0.725818	0.725818	1.000000	0.828053	0.828053	1.000000	0.894277	0.895225	0.998817	0.928550	0.944620	0.982008	0.924772	0.962857	0.958982	0.915811	0.969987	0.942519
thin8	00967	0.2274	15139628	z	g	0.167068	0.167068	1.000000	0.339399	0.339399	1.000000	0.554734	0.554734	1.000000	0.741067	0.741067	1.000000	0.849845	0.850087	0.999665	0.905393	0.913178	0.990671	0.917089	0.953351	0.960177	0.904499	0.967685	0.932670	0.892875	0.973755	0.914891
POS	00967	0.2274	17494810	x	V	0.000000	0.000000	0.000000	0.000000	0.000000	0.000000	0.000000	0.000000	0.000000	0.000000	0.000000	0.000000	0.000000	0.000000	0.000000	0.000000	0.000000	0.000000	0.000000	0.000000	0.000000	0.000000	0.000000	0.000000	0.000000	0.000000	0.000000	0.000000	0.000000	0.000000	0.000000	0.000000	0.000000	0.000000	0.000000	0.000000	0.000005	0.871768	0.000005	0.000005	0.895887	0.000005	0.000005	0.939040	0.000005
PSF	00967	0.2274	17494810	x	V	0.000000	0.011878	0.000000	0.000000	0.015656	0.000000	0.000000	0.017850	0.000000	0.000000	0.018214	0.000000	0.000000	0.018449	0.000000	0.000000	0.018678	0.000000	0.000000	0.018801	0.000000	0.000000	0.018914	0.000000	0.000000	0.018999	0.000000	0.000000	0.019071	0.000000	0.000000	0.019140	0.000000	0.000000	0.019298	0.000000	0.000001	0.655277	0.000001	0.000001	0.707268	0.000001	0.000002	0.814926	0.000002
POS	00967	0.2274	17494810	x	g	0.000000	0.000000	0.000000	0.000000	0.000000	0.000000	0.000000	0.000000	0.000000	0.000000	0.000000	0.000000	0.000000	0.000000	0.000000	0.000000	0.000000	0.000000	0.000000	0.000000	0.000000	0.000000	0.000000	0.000000	0.000000	0.000000	0.000000	0.000000	0.000000	0.000000	0.000000	0.000000	0.000000	0.000000	0.000000	0.000000	0.000099	0.289652	0.000099	0.000108	0.318845	0.000108	0.000120	0.355984	0.000120
PSF	00967	0.2274	17494810	x	g	0.000005	0.012523	0.000005	0.000005	0.016428	0.000005	0.000005	0.018546	0.000005	0.000005	0.018875	0.000005	0.000005	0.019088	0.000005	0.000005	0.019333	0.000005	0.000005	0.019449	0.000005	0.000005	0.019559	0.000005	0.000005	0.019637	0.000005	0.000005	0.019702	0.000005	0.000005	0.019772	0.000005	0.000005	0.020136	0.000005	0.000065	0.265045	0.000065	0.000074	0.307708	0.000074	0.000084	0.350681	0.000084
POS	00967	0.2274	17494810	y	V	0.000000	0.000000	0.000000	0.000000	0.000000	0.000000	0.000000	0.000000	0.000000	0.000000	0.000000	0.000000	0.000000	0.000000	0.000000	0.000000	0.000000	0.000000	0.000000	0.000000	0.000000	0.000000	0.000000	0.000000	0.000000	0.000000	0.000000	0.000000	0.000000	0.000000	0.000000	0.000000	0.000000	0.000000	0.000000	0.000000	0.000000	0.000000	0.000000	0.000091	0.901143	0.000091	0.000095	0.947530	0.000095
PSF	00967	0.2274	17494810	y	V	0.000000	0.004340	0.000000	0.000000	0.005695	0.000000	0.000000	0.006492	0.000000	0.000000	0.006646	0.000000	0.000000	0.006746	0.000000	0.000000	0.006854	0.000000	0.000000	0.006923	0.000000	0.000000	0.006977	0.000000	0.000000	0.007021	0.000000	0.000000	0.007065	0.000000	0.000000	0.007103	0.000000	0.000000	0.007171	0.000000	0.000000	0.007208	0.000000	0.000048	0.815144	0.000048	0.000054	0.912224	0.000054
POS	00967	0.2274	17494810	y	g	0.000000	0.000000	0.000000	0.000000	0.000000	0.000000	0.000000	0.000000	0.000000	0.000000	0.000000	0.000000	0.000000	0.000000	0.000000	0.000000	0.000000	0.000000	0.000000	0.000000	0.000000	0.000000	0.000000	0.000000	0.000000	0.000000	0.000000	0.000000	0.000000	0.000000	0.000000	0.000000	0.000000	0.000000	0.000000	0.000000	0.000000	0.000000	0.000000	0.000136	0.928183	0.000136	0.000140	0.962697	0.000140
PSF	00967	0.2274	17494810	y	g	0.000001	0.005102	0.000001	0.000001	0.006654	0.000001	0.000001	0.007522	0.000001	0.000001	0.007678	0.000001	0.000001	0.007779	0.000001	0.000001	0.007899	0.000001	0.000001	0.007969	0.000001	0.000001	0.008027	0.000001	0.000001	0.008072	0.000001	0.000001	0.008116	0.000001	0.000001	0.008153	0.000001	0.000001	0.008211	0.000001	0.000001	0.008249	0.000001	0.000077	0.857172	0.000077	0.000084	0.935425	0.000084
POS	00967	0.2274	17494810	z	V	0.632546	0.632546	1.000000	0.821981	0.821981	1.000000	0.938394	0.938395	1.000000	0.958768	0.958784	0.999982	0.969853	0.970700	0.999101	0.975980	0.978602	0.997262	0.978712	0.983128	0.995432	0.980601	0.987029	0.993402	0.980420	0.989297	0.990930	0.979930	0.990977	0.988752	0.978835	0.992434	0.986194	0.977988	0.993581	0.984207	0.976376	0.994446	0.981729	0.972819	0.996178	0.976463	0.969230	0.997370	0.971714
PSF	00967	0.2274	17494810	z	V	0.631458	0.632946	0.996291	0.819938	0.822472	0.996257	0.935440	0.938844	0.996139	0.955373	0.959089	0.995961	0.965952	0.970794	0.994863	0.971913	0.978642	0.992976	0.974523	0.983121	0.991106	0.976365	0.987010	0.989074	0.976193	0.989288	0.986622	0.975705	0.990971	0.984457	0.974618	0.992433	0.981915	0.973768	0.993578	0.979935	0.972127	0.994427	0.977452	0.968587	0.996164	0.972213	0.965013	0.997358	0.967487
POS	00967	0.2274	17494810	z	g	0.646873	0.646873	1.000000	0.838582	0.838582	1.000000	0.949986	0.949989	0.999997	0.967801	0.967953	0.999838	0.974564	0.976848	0.997607	0.978548	0.983235	0.995153	0.979837	0.986628	0.993024	0.981131	0.989975	0.990977	0.980614	0.991771	0.988658	0.979884	0.993052	0.986649	0.978748	0.994175	0.984393	0.977874	0.995058	0.982646	0.976131	0.995746	0.980218	0.972807	0.997104	0.975563	0.969604	0.998069	0.971427
PSF	00967	0.2274	17494810	z	g	0.645176	0.647363	0.994792	0.835474	0.839177	0.994745	0.945494	0.950448	0.994518	0.962599	0.968149	0.994080	0.969034	0.976923	0.991736	0.972865	0.983261	0.989249	0.974090	0.986636	0.987114	0.975321	0.989965	0.985060	0.974791	0.991758	0.982752	0.974062	0.993041	0.980757	0.972928	0.994165	0.978516	0.972056	0.995049	0.976781	0.970295	0.995724	0.974355	0.966985	0.997083	0.969729	0.963799	0.998049	0.965618
thin2	00967	0.2274	17494810	x	V	0.000000	0.000000	0.000000	0.000000	0.000000	0.000000	0.000000	0.000000	0.000000	0.000000	0.000000	0.000000	0.000000	0.000000	0.000000	0.000000	0.000000	0.000000	0.000000	0.000000	0.000000	0.000000	0.000000	0.000000	0.000000	0.076951	0.000000
thin2	00967	0.2274	17494810	x	g	0.000000	0.000000	0.000000	0.000000	0.000000	0.000000	0.000000	0.000000	0.000000	0.000000	0.000000	0.000000	0.000000	0.000000	0.000000	0.000000	0.000000	0.000000	0.000000	0.000000	0.000000	0.000067	0.186836	0.000067	0.000083	0.231825	0.000083
thin2	00967	0.2274	17494810	y	V	0.000000	0.000000	0.000000	0.000000	0.000000	0.000000	0.000000	0.000000	0.000000	0.000000	0.000000	0.000000	0.000000	0.000000	0.000000	0.000000	0.000000	0.000000	0.000000	0.000000	0.000000	0.000000	0.000619	0.000000	0.000000	0.001735	0.000000
thin2	00967	0.2274	17494810	y	g	0.000000	0.000000	0.000000	0.000000	0.000000	0.000000	0.000000	0.000000	0.000000	0.000000	0.000000	0.000000	0.000000	0.000000	0.000000	0.000000	0.000000	0.000000	0.000000	0.000000	0.000000	0.000000	0.000830	0.000000	0.000000	0.001491	0.000000
thin2	00967	0.2274	17494810	z	V	0.475592	0.475592	1.000000	0.740604	0.740604	1.000000	0.886771	0.886771	1.000000	0.963869	0.963983	0.999877	0.975755	0.978481	0.997153	0.980512	0.985924	0.994432	0.979779	0.990962	0.988614	0.977075	0.993917	0.982953	0.975411	0.995100	0.980119
thin2	00967	0.2274	17494810	z	g	0.488774	0.488774	1.000000	0.758776	0.758776	1.000000	0.901266	0.901266	1.000000	0.971383	0.972025	0.999321	0.978137	0.982963	0.995006	0.981207	0.989077	0.991956	0.979766	0.993042	0.986539	0.976834	0.995348	0.981315	0.975276	0.996271	0.978850
thin4	00967	0.2274	17494810	x	V	0.000000	0.000000	0.000000	0.000000	0.000000	0.000000	0.000000	0.000000	0.000000	0.000000	0.000000	0.000000	0.000000	0.000000	0.000000	0.000000	0.000000	0.000000	0.000000	0.000000	0.000000	0.000000	0.000000	0.000000	0.000000	0.000000	0.000000
thin4	00967	0.2274	17494810	x	g	0.000000	0.000000	0.000000	0.000000	0.000000	0.000000	0.000000	0.000000	0.000000	0.000000	0.000000	0.000000	0.000000	0.000000	0.000000	0.000000	0.000000	0.000000	0.000000	0.000000	0.000000	0.000000	0.000000	0.000000	0.000000	0.000000	0.000000
thin4	00967	0.2274	17494810	y	V	0.000000	0.000000	0.000000	0.000000	0.000000	0.000000	0.000000	0.000000	0.000000	0.000000	0.000000	0.000000	0.000000	0.000000	0.000000	0.000000	0.000000	0.000000	0.000000	0.000000	0.000000	0.000000	0.000000	0.000000	0.000000	0.000000	0.000000
thin4	00967	0.2274	17494810	y	g	0.000000	0.000000	0.000000	0.000000	0.000000	0.000000	0.000000	0.000000	0.000000	0.000000	0.000000	0.000000	0.000000	0.000000	0.000000	0.000000	0.000000	0.000000	0.000000	0.000000	0.000000	0.000000	0.000000	0.000000	0.000000	0.000000	0.000000
thin4	00967	0.2274	17494810	z	V	0.359885	0.359885	1.000000	0.602788	0.602788	1.000000	0.837462	0.837462	1.000000	0.940945	0.940945	1.000000	0.963900	0.964080	0.999807	0.973995	0.975847	0.998055	0.979670	0.985246	0.994257	0.980140	0.990214	0.989726	0.979129	0.992080	0.986843
thin4	00967	0.2274	17494810	z	g	0.368983	0.368983	1.000000	0.616752	0.616752	1.000000	0.853414	0.853414	1.000000	0.952111	0.952127	0.999983	0.971456	0.972142	0.999274	0.976844	0.980647	0.996046	0.980244	0.988267	0.991786	0.980195	0.992472	0.987537	0.978978	0.993874	0.984921
thin8	00967	0.2274	17494810	x	V	0.000000	0.000000	0.000000	0.000000	0.000000	0.000000	0.000000	0.000000	0.000000	0.000000	0.000000	0.000000	0.000000	0.000000	0.000000	0.000000	0.000000	0.000000	0.000000	0.000000	0.000000	0.000000	0.000000	0.000000	0.000000	0.000000	0.000000
thin8	00967	0.2274	17494810	x	g	0.000000	0.000000	0.000000	0.000000	0.000000	0.000000	0.000000	0.000000	0.000000	0.000000	0.000000	0.000000	0.000000	0.000000	0.000000	0.000000	0.000000	0.000000	0.000000	0.000000	0.000000	0.000000	0.000000	0.000000	0.000000	0.000000	0.000000
thin8	00967	0.2274	17494810	y	V	0.000000	0.000000	0.000000	0.000000	0.000000	0.000000	0.000000	0.000000	0.000000	0.000000	0.000000	0.000000	0.000000	0.000000	0.000000	0.000000	0.000000	0.000000	0.000000	0.000000	0.000000	0.000000	0.000000	0.000000	0.000000	0.000000	0.000000
thin8	00967	0.2274	17494810	y	g	0.000000	0.000000	0.000000	0.000000	0.000000	0.000000	0.000000	0.000000	0.000000	0.000000	0.000000	0.000000	0.000000	0.000000	0.000000	0.000000	0.000000	0.000000	0.000000	0.000000	0.000000	0.000000	0.000000	0.000000	0.000000	0.000000	0.000000
thin8	00967	0.2274	17494810	z	V	0.245115	0.245115	1.000000	0.448675	0.448675	1.000000	0.762538	0.762538	1.000000	0.893024	0.893024	1.000000	0.941068	0.941069	0.999999	0.960032	0.960094	0.999933	0.974516	0.976324	0.998104	0.979284	0.984161	0.994966	0.980309	0.987276	0.992853
thin8	00967	0.2274	17494810	z	g	0.245997	0.245997	1.000000	0.461325	0.461325	1.000000	0.779246	0.779246	1.000000	0.907507	0.907507	1.000000	0.952428	0.952436	0.999992	0.968781	0.969031	0.999734	0.977584	0.981310	0.996132	0.980016	0.987349	0.992479	0.980520	0.989937	0.990392
POS	00967	0.2274	20038340	x	V	0.807756	0.807756	1.000000	0.867959	0.867959	1.000000	0.929501	0.929501	1.000000	0.948704	0.948704	1.000000	0.963778	0.963969	0.999795	0.972129	0.975532	0.996424	0.971964	0.982482	0.989106	0.969143	0.986802	0.981870	0.965678	0.989456	0.975718	0.960410	0.991202	0.968668	0.955794	0.992594	0.962659	0.951899	0.993796	0.957589	0.947957	0.994816	0.952663	0.936727	0.996242	0.940048	0.930049	0.996852	0.932789
PSF	00967	0.2274	20038340	x	V	0.805040	0.808003	0.995466	0.864799	0.868221	0.995463	0.925852	0.929779	0.995459	0.944862	0.948970	0.995440	0.959317	0.963987	0.994976	0.967193	0.975355	0.991422	0.967107	0.982360	0.984198	0.964414	0.986750	0.977067	0.960982	0.989419	0.970961	0.955761	0.991179	0.963960	0.951168	0.992575	0.957983	0.947274	0.993771	0.952932	0.943354	0.994795	0.948033	0.932183	0.996227	0.935486	0.925536	0.996837	0.928262
POS	00967	0.2274	20038340	x	g	0.836369	0.836369	1.000000	0.890990	0.890990	1.000000	0.947406	0.947406	1.000000	0.965033	0.965116	0.999910	0.973987	0.976760	0.997094	0.973893	0.983551	0.990017	0.969392	0.987786	0.981153	0.964556	0.990653	0.973415	0.960017	0.992424	0.967105	0.954400	0.993658	0.960249	0.949348	0.994545	0.954317	0.945170	0.995366	0.949347	0.941020	0.996057	0.944538	0.929931	0.997066	0.932483	0.923062	0.997495	0.925206
PSF	00967	0.2274	20038340	x	g	0.832101	0.836672	0.993476	0.886131	0.891315	0.993479	0.941865	0.947737	0.993464	0.958753	0.965185	0.993098	0.967035	0.976553	0.990021	0.967023	0.983409	0.983061	0.962646	0.987706	0.974321	0.957863	0.990593	0.966656	0.953369	0.992377	0.960402	0.947778	0.993608	0.953592	0.942777	0.994507	0.947712	0.938630	0.995332	0.942780	0.934512	0.996027	0.938009	0.923504	0.997042	0.926042	0.916688	0.997475	0.918820
POS	00967	0.2274	20038340	y	V	0.801230	0.801230	1.000000	0.860947	0.860947	1.000000	0.921992	0.921992	1.000000	0.941040	0.941040	1.000000	0.956373	0.956375	0.999997	0.969685	0.970393	0.999247	0.974302	0.979719	0.994357	0.974018	0.985310	0.988370	0.971500	0.988445	0.982660	0.966735	0.990457	0.975824	0.962176	0.991887	0.969809	0.958174	0.993039	0.964653	0.954023	0.993955	0.959590	0.944583	0.996380	0.947836	0.938411	0.997295	0.940805
PSF	00967	0.2274	20038340	y	V	0.798505	0.801486	0.995364	0.857778	0.861220	0.995363	0.918336	0.922283	0.995361	0.937218	0.941333	0.995357	0.952323	0.956623	0.995302	0.964889	0.970325	0.994228	0.969250	0.979554	0.989265	0.969034	0.985193	0.983357	0.966570	0.988356	0.977704	0.961873	0.990395	0.970930	0.957353	0.991837	0.964956	0.953382	0.992998	0.959835	0.949254	0.993917	0.954801	0.939875	0.996355	0.943118	0.933731	0.997272	0.936122
POS	00967	0.2274	20038340	y	g	0.828332	0.828332	1.000000	0.882428	0.882428	1.000000	0.938302	0.938302	1.000000	0.955927	0.955927	0.999999	0.969573	0.969878	0.999676	0.976386	0.980109	0.996125	0.975149	0.985979	0.988862	0.971744	0.989577	0.981792	0.967703	0.991612	0.975690	0.962312	0.992979	0.968904	0.957371	0.993941	0.962992	0.953186	0.994771	0.957986	0.949042	0.995479	0.953150	0.939362	0.997303	0.941754	0.932875	0.997981	0.934639
PSF	00967	0.2274	20038340	y	g	0.824100	0.828650	0.993382	0.877611	0.882769	0.993385	0.932836	0.938666	0.993386	0.950137	0.956241	0.993327	0.962898	0.969831	0.992631	0.969293	0.979907	0.988949	0.968163	0.985847	0.981809	0.964838	0.989486	0.974831	0.960864	0.991548	0.968799	0.955513	0.992921	0.962067	0.950624	0.993895	0.956208	0.946470	0.994729	0.951241	0.942354	0.995439	0.946440	0.932735	0.997265	0.935128	0.926297	0.997946	0.928066
POS	00967	0.2274	20038340	z	V	0.801036	0.801036	1.000000	0.860737	0.860737	1.000000	0.921768	0.921768	1.000000	0.940811	0.940811	1.000000	0.956130	0.956137	0.999992	0.969511	0.970189	0.999280	0.973180	0.979029	0.993898	0.972333	0.984327	0.987623	0.970328	0.987719	0.982177	0.967041	0.990495	0.976099	0.963769	0.992601	0.970742	0.960348	0.994066	0.965885	0.956934	0.995382	0.961201	0.946724	0.997416	0.949052	0.940466	0.998296	0.941978
PSF	00967	0.2274	20038340	z	V	0.798347	0.801327	0.995365	0.857610	0.861050	0.995364	0.918157	0.922101	0.995363	0.937035	0.941147	0.995358	0.952090	0.956410	0.995279	0.964686	0.970126	0.994221	0.968136	0.978884	0.988785	0.967354	0.984226	0.982588	0.965393	0.987644	0.977195	0.962171	0.990452	0.971179	0.958940	0.992576	0.965868	0.955548	0.994051	0.961044	0.952150	0.995369	0.956386	0.941978	0.997401	0.944296	0.935754	0.998285	0.937260
POS	00967	0.2274	20038340	z	g	0.828593	0.828593	1.000000	0.882706	0.882706	1.000000	0.938597	0.938597	1.000000	0.956228	0.956229	0.999999	0.969562	0.970023	0.999510	0.976273	0.980205	0.995908	0.974177	0.985636	0.988206	0.970345	0.989011	0.980921	0.966703	0.991248	0.975025	0.962430	0.993200	0.968814	0.958356	0.994622	0.963348	0.954589	0.995680	0.958559	0.950871	0.996623	0.953945	0.940438	0.998053	0.942166	0.933930	0.998727	0.935043
PSF	00967	0.2274	20038340	z	g	0.824414	0.828948	0.993409	0.877944	0.883087	0.993411	0.933188	0.939001	0.993410	0.950482	0.956575	0.993343	0.962810	0.969945	0.992418	0.969130	0.979986	0.988699	0.967195	0.985511	0.981147	0.963474	0.988940	0.973969	0.959870	0.991191	0.968128	0.955635	0.993154	0.961972	0.951598	0.994585	0.956554	0.947861	0.995649	0.951803	0.944171	0.996596	0.947225	0.933823	0.998038	0.935540	0.927357	0.998712	0.928468
thin2	00967	0.2274	20038340	x	V	0.762557	0.762557	1.000000	0.837587	0.837587	1.000000	0.903756	0.903756	1.000000	0.955303	0.955308	0.999995	0.971948	0.975079	0.996707	0.970385	0.985229	0.984711	0.959987	0.991201	0.968239	0.950816	0.994357	0.955975	0.944992	0.995451	0.949091
thin2	00967	0.2274	20038340	x	g	0.795607	0.795607	1.000000	0.863476	0.863476	1.000000	0.923765	0.923765	1.000000	0.970124	0.970729	0.999359	0.974062	0.983284	0.990463	0.966482	0.989573	0.976426	0.953979	0.993614	0.959864	0.943949	0.995750	0.947768	0.938047	0.996512	0.941136
thin2	00967	0.2274	20038340	y	V	0.756397	0.756397	1.000000	0.830821	0.830821	1.000000	0.896456	0.896456	1.000000	0.947596	0.947596	1.000000	0.969057	0.969717	0.999298	0.974757	0.983488	0.990976	0.966193	0.990396	0.975331	0.956667	0.993376	0.962809	0.951312	0.994732	0.956129
thin2	00967	0.2274	20038340	y	g	0.787961	0.787961	1.000000	0.855179	0.855179	1.000000	0.914888	0.914888	1.000000	0.961932	0.961974	0.999955	0.976368	0.979749	0.996478	0.973511	0.988416	0.984747	0.961824	0.992902	0.968483	0.951676	0.995003	0.956246	0.946235	0.996035	0.949813
thin2	00967	0.2274	20038340	z	V	0.756251	0.756251	1.000000	0.830660	0.830660	1.000000	0.896282	0.896282	1.000000	0.947413	0.947413	1.000000	0.968942	0.969566	0.999336	0.972987	0.982488	0.990160	0.966801	0.990616	0.975737	0.959030	0.994531	0.964115	0.954410	0.996291	0.957813
thin2	00967	0.2274	20038340	z	g	0.788257	0.788257	1.000000	0.855499	0.855499	1.000000	0.915231	0.915231	1.000000	0.962292	0.962334	0.999955	0.975977	0.979733	0.996088	0.971903	0.987773	0.983738	0.962113	0.993242	0.968452	0.953150	0.995983	0.956829	0.948097	0.997232	0.950598
thin4	00967	0.2274	20038340	x	V	0.708314	0.708314	1.000000	0.800454	0.800454	1.000000	0.876752	0.876752	1.000000	0.931562	0.931562	1.000000	0.954717	0.954719	0.999998	0.970451	0.972094	0.998261	0.970385	0.985010	0.984930	0.963594	0.990475	0.972606	0.956744	0.992489	0.963721
thin4	00967	0.2274	20038340	x	g	0.746301	0.746301	1.000000	0.829773	0.829773	1.000000	0.898982	0.898982	1.000000	0.949259	0.949259	1.000000	0.969534	0.970119	0.999379	0.974983	0.981645	0.993087	0.966674	0.989434	0.976757	0.957711	0.993118	0.964109	0.950286	0.994424	0.955377
thin4	00967	0.2274	20038340	y	V	0.702619	0.702619	1.000000	0.794017	0.794017	1.000000	0.869702	0.869702	1.000000	0.924071	0.924071	1.000000	0.947044	0.947044	1.000000	0.965264	0.965605	0.999635	0.974800	0.983310	0.991200	0.969251	0.989398	0.979424	0.963141	0.991807	0.970866
thin4	00967	0.2274	20038340	y	g	0.739218	0.739218	1.000000	0.821898	0.821898	1.000000	0.890450	0.890450	1.000000	0.940250	0.940250	1.000000	0.961410	0.961458	0.999947	0.974393	0.976715	0.997567	0.973551	0.988258	0.984944	0.965086	0.992209	0.972455	0.958298	0.993871	0.963995
thin4	00967	0.2274	20038340	z	V	0.702465	0.702465	1.000000	0.793844	0.793844	1.000000	0.869512	0.869512	1.000000	0.923869	0.923869	1.000000	0.946838	0.946838	1.000000	0.965142	0.965439	0.999682	0.972833	0.982197	0.990295	0.969390	0.989361	0.979602	0.964592	0.992458	0.971715
thin4	00967	0.2274	20038340	z	g	0.739471	0.739471	1.000000	0.822180	0.822180	1.000000	0.890755	0.890755	1.000000	0.940572	0.940572	1.000000	0.961783	0.961810	0.999971	0.974412	0.976890	0.997404	0.971849	0.987551	0.983902	0.965147	0.992412	0.972321	0.959194	0.994518	0.964292
thin8	00967	0.2274	20038340	x	V	0.640260	0.640260	1.000000	0.753933	0.753933	1.000000	0.846987	0.846987	1.000000	0.907054	0.907054	1.000000	0.930949	0.930949	1.000000	0.951112	0.951112	1.000000	0.969975	0.971560	0.998321	0.970932	0.983207	0.987304	0.967957	0.987187	0.980272
thin8	00967	0.2274	20038340	x	g	0.683920	0.683920	1.000000	0.787390	0.787390	1.000000	0.871832	0.871832	1.000000	0.926581	0.926581	1.000000	0.948553	0.948553	1.000000	0.966707	0.966979	0.999710	0.974878	0.981285	0.993348	0.968264	0.988286	0.979505	0.963252	0.990817	0.971930
thin8	00967	0.2274	20038340	y	V	0.635095	0.635095	1.000000	0.747852	0.747852	1.000000	0.840154	0.840154	1.000000	0.899738	0.899738	1.000000	0.923439	0.923439	1.000000	0.943437	0.943439	0.999999	0.964824	0.965080	0.999726	0.975000	0.981328	0.993430	0.972948	0.985761	0.986816
thin8	00967	0.2274	20038340	y	g	0.677509	0.677509	1.000000	0.780008	0.780008	1.000000	0.863659	0.863659	1.000000	0.917895	0.917895	1.000000	0.939661	0.939661	1.000000	0.958118	0.958155	0.999961	0.974731	0.976639	0.998000	0.975145	0.987172	0.987660	0.970526	0.989907	0.980226
thin8	00967	0.2274	20038340	z	V	0.635004	0.635004	1.000000	0.747745	0.747745	1.000000	0.840034	0.840034	1.000000	0.899609	0.899609	1.000000	0.923307	0.923307	1.000000	0.943305	0.943305	1.000000	0.964609	0.964902	0.999685	0.972709	0.980089	0.992318	0.972111	0.985260	0.986456
thin8	00967	0.2274	20038340	z	g	0.677846	0.677846	1.000000	0.780396	0.780396	1.000000	0.864089	0.864089	1.000000	0.918351	0.918351	1.000000	0.940129	0.940129	1.000000	0.958647	0.958658	0.999988	0.974378	0.976700	0.997566	0.972855	0.986242	0.986239	0.969496	0.989621	0.979456
POS	00967	0.2274	21128177	x	V	0.798291	0.798291	1.000000	0.855981	0.855981	1.000000	0.912332	0.912332	1.000000	0.929103	0.929103	1.000000	0.943127	0.943127	1.000000	0.955963	0.955969	0.999993	0.964758	0.964964	0.999778	0.971140	0.972082	0.999003	0.974557	0.977439	0.996983	0.975941	0.981535	0.994194	0.976177	0.984646	0.991267	0.974734	0.986961	0.987450	0.973021	0.989639	0.983035	0.954970	0.994654	0.959896	0.938573	0.996565	0.941619
PSF	00967	0.2274	21128177	x	V	0.795921	0.798502	0.995955	0.853235	0.856205	0.995951	0.909187	0.912565	0.995945	0.925831	0.929337	0.995942	0.939744	0.943360	0.995937	0.952386	0.956155	0.995878	0.960884	0.965035	0.995543	0.967016	0.972053	0.994669	0.970326	0.977375	0.992622	0.971705	0.981480	0.989854	0.971954	0.984604	0.986954	0.970528	0.986930	0.983165	0.968805	0.989605	0.978765	0.950833	0.994632	0.955738	0.934506	0.996545	0.937543
POS	00967	0.2274	21128177	x	g	0.819169	0.819169	1.000000	0.873431	0.873431	1.000000	0.927738	0.927738	1.000000	0.943490	0.943490	1.000000	0.956598	0.956599	0.999999	0.968071	0.968316	0.999738	0.974071	0.975566	0.998429	0.977008	0.980685	0.996177	0.977018	0.984071	0.992717	0.976168	0.986817	0.989066	0.974964	0.989008	0.985645	0.972568	0.990629	0.981598	0.969766	0.992517	0.976909	0.949691	0.996074	0.953259	0.931289	0.997420	0.933537
PSF	00967	0.2274	21128177	x	g	0.815452	0.819362	0.994182	0.869186	0.873633	0.994178	0.922924	0.927946	0.994171	0.938501	0.943698	0.994167	0.951416	0.956783	0.994138	0.962413	0.968325	0.993696	0.968152	0.975480	0.992300	0.971003	0.980580	0.990042	0.971032	0.983986	0.986624	0.970213	0.986753	0.983017	0.969016	0.988950	0.979623	0.966635	0.990577	0.975606	0.963839	0.992464	0.970945	0.943907	0.996042	0.947460	0.925626	0.997398	0.927867
POS	00967	0.2274	21128177	y	V	0.810976	0.810976	1.000000	0.869583	0.869583	1.000000	0.926830	0.926830	1.000000	0.943867	0.943867	1.000000	0.958095	0.958104	0.999990	0.970133	0.970642	0.999460	0.976171	0.978317	0.997758	0.977726	0.983059	0.994482	0.976407	0.986075	0.990058	0.973173	0.987862	0.984951	0.970191	0.989353	0.980427	0.966572	0.990565	0.975553	0.961761	0.991644	0.969619	0.939775	0.994473	0.944709	0.922505	0.995761	0.926142
PSF	00967	0.2274	21128177	y	V	0.808565	0.811220	0.995969	0.866784	0.869840	0.995963	0.923617	0.927096	0.995955	0.940523	0.944134	0.995950	0.954556	0.958329	0.995893	0.966072	0.970651	0.995141	0.971862	0.978229	0.993348	0.973435	0.982994	0.990109	0.972178	0.986045	0.985741	0.968975	0.987845	0.980668	0.966007	0.989340	0.976167	0.962406	0.990555	0.971319	0.957630	0.991644	0.965420	0.935732	0.994476	0.940621	0.918548	0.995774	0.922143
POS	00967	0.2274	21128177	y	g	0.830821	0.830821	1.000000	0.885855	0.885855	1.000000	0.940934	0.940934	1.000000	0.956911	0.956911	1.000000	0.969667	0.969933	0.999717	0.977671	0.979983	0.997593	0.979677	0.985280	0.994229	0.978247	0.988238	0.989771	0.975155	0.990083	0.984774	0.971158	0.991240	0.979566	0.967697	0.992280	0.975038	0.963832	0.993144	0.970288	0.958915	0.993921	0.964571	0.936074	0.995883	0.939710	0.917212	0.996828	0.919897
PSF	00967	0.2274	21128177	y	g	0.827074	0.831080	0.994205	0.881566	0.886125	0.994198	0.936062	0.941212	0.994189	0.951841	0.957180	0.994174	0.964128	0.970037	0.993721	0.971603	0.979872	0.991390	0.973580	0.985175	0.988055	0.972207	0.988168	0.983658	0.969139	0.990021	0.978700	0.965190	0.991193	0.973539	0.961760	0.992242	0.969047	0.957924	0.993110	0.964332	0.953028	0.993886	0.958649	0.930341	0.995861	0.933952	0.911602	0.996812	0.914268
POS	00967	0.2274	21128177	z	V	0.804410	0.804410	1.000000	0.862543	0.862543	1.000000	0.919326	0.919326	1.000000	0.936225	0.936225	1.000000	0.950356	0.950356	1.000000	0.963293	0.963298	0.999994	0.971868	0.972217	0.999630	0.977918	0.979199	0.998663	0.980715	0.984279	0.996322	0.981634	0.988173	0.993304	0.980674	0.990705	0.989780	0.978954	0.992910	0.985845	0.974647	0.994286	0.980137	0.951153	0.996489	0.954351	0.932639	0.997220	0.935070
PSF	00967	0.2274	21128177	z	V	0.801910	0.804599	0.995849	0.859648	0.862742	0.995845	0.916013	0.919532	0.995839	0.932780	0.936433	0.995836	0.946792	0.950561	0.995830	0.959549	0.963465	0.995782	0.967834	0.972273	0.995304	0.973620	0.979149	0.994233	0.976335	0.984204	0.991877	0.977245	0.988104	0.988879	0.976290	0.990642	0.985377	0.974599	0.992862	0.981475	0.970319	0.994245	0.975800	0.946951	0.996465	0.950143	0.928534	0.997206	0.930956
POS	00967	0.2274	21128177	z	g	0.824026	0.824026	1.000000	0.878610	0.878610	1.000000	0.933239	0.933239	1.000000	0.949084	0.949084	1.000000	0.962264	0.962268	0.999995	0.973884	0.974095	0.999777	0.979477	0.981167	0.998244	0.981845	0.986026	0.995700	0.981596	0.989310	0.992120	0.980056	0.991730	0.988131	0.977705	0.993355	0.984142	0.975170	0.994925	0.980045	0.970467	0.995847	0.974410	0.946469	0.997350	0.948855	0.926609	0.997865	0.928449
PSF	00967	0.2274	21128177	z	g	0.820227	0.824288	0.994029	0.874267	0.878886	0.994025	0.928312	0.933526	0.994019	0.943974	0.949372	0.994014	0.956931	0.962520	0.993969	0.968045	0.974160	0.993557	0.973376	0.981138	0.991938	0.975593	0.985942	0.989355	0.975349	0.989238	0.985810	0.973819	0.991665	0.981855	0.971502	0.993304	0.977906	0.968975	0.994876	0.973835	0.964310	0.995805	0.968243	0.940488	0.997325	0.942866	0.920765	0.997849	0.922596
thin2	00967	0.2274	21128177	x	V	0.760208	0.760208	1.000000	0.824852	0.824852	1.000000	0.889116	0.889116	1.000000	0.934604	0.934604	1.000000	0.955334	0.955346	0.999986	0.968324	0.969001	0.999280	0.976114	0.981361	0.994553	0.974309	0.987912	0.986065	0.969509	0.991594	0.977544
thin2	00967	0.2274	21128177	x	g	0.783369	0.783369	1.000000	0.844006	0.844006	1.000000	0.905646	0.905646	1.000000	0.948704	0.948704	1.000000	0.967530	0.967774	0.999739	0.975697	0.978492	0.997081	0.976518	0.986777	0.989466	0.971768	0.991343	0.980086	0.965506	0.993881	0.971280
thin2	00967	0.2274	21128177	y	V	0.772375	0.772375	1.000000	0.838053	0.838053	1.000000	0.903345	0.903345	1.000000	0.949562	0.949562	1.000000	0.969594	0.970113	0.999448	0.977364	0.981246	0.995968	0.973696	0.987920	0.985429	0.964799	0.990877	0.973446	0.956064	0.992498	0.963024
thin2	00967	0.2274	21128177	y	g	0.794622	0.794622	1.000000	0.856130	0.856130	1.000000	0.918655	0.918655	1.000000	0.962322	0.962327	0.999995	0.977392	0.979636	0.997662	0.979023	0.987151	0.991660	0.971485	0.991256	0.979882	0.962011	0.993394	0.968206	0.953139	0.994536	0.958157
thin2	00967	0.2274	21128177	z	V	0.766166	0.766166	1.000000	0.831316	0.831316	1.000000	0.896083	0.896083	1.000000	0.941928	0.941928	1.000000	0.962826	0.962836	0.999989	0.975660	0.976469	0.999151	0.981717	0.988034	0.993529	0.977667	0.993514	0.983946	0.968886	0.995182	0.973453
thin2	00967	0.2274	21128177	z	g	0.788090	0.788090	1.000000	0.849092	0.849092	1.000000	0.911104	0.911104	1.000000	0.954421	0.954421	1.000000	0.973371	0.973612	0.999746	0.981149	0.984181	0.996870	0.980237	0.991650	0.988396	0.973698	0.995347	0.978150	0.964610	0.996439	0.967947
thin4	00967	0.2274	21128177	x	V	0.719180	0.719180	1.000000	0.791081	0.791081	1.000000	0.863246	0.863246	1.000000	0.914072	0.914072	1.000000	0.934069	0.934069	1.000000	0.951918	0.951927	0.999990	0.968587	0.969188	0.999361	0.975396	0.979227	0.996005	0.975905	0.983731	0.991914
thin4	00967	0.2274	21128177	x	g	0.744402	0.744402	1.000000	0.812280	0.812280	1.000000	0.880414	0.880414	1.000000	0.929373	0.929373	1.000000	0.948219	0.948219	1.000000	0.964612	0.964739	0.999864	0.976112	0.978756	0.997241	0.976733	0.985217	0.991261	0.975010	0.988304	0.986391
thin4	00967	0.2274	21128177	y	V	0.730647	0.730647	1.000000	0.803694	0.803694	1.000000	0.877009	0.877009	1.000000	0.928646	0.928646	1.000000	0.948961	0.948961	1.000000	0.966609	0.966857	0.999735	0.977606	0.981395	0.996067	0.975117	0.986824	0.987980	0.970734	0.988875	0.981452
thin4	00967	0.2274	21128177	y	g	0.755097	0.755097	1.000000	0.823950	0.823950	1.000000	0.893063	0.893063	1.000000	0.942725	0.942725	1.000000	0.961822	0.961832	0.999989	0.975832	0.977264	0.998500	0.979251	0.987322	0.991721	0.973522	0.990620	0.982580	0.968469	0.992018	0.976075
thin4	00967	0.2274	21128177	z	V	0.724730	0.724730	1.000000	0.797185	0.797185	1.000000	0.869907	0.869907	1.000000	0.921125	0.921125	1.000000	0.941276	0.941276	1.000000	0.959270	0.959276	0.999994	0.975510	0.976389	0.999078	0.981524	0.986090	0.995305	0.981302	0.990267	0.990858
thin4	00967	0.2274	21128177	z	g	0.748863	0.748863	1.000000	0.817148	0.817148	1.000000	0.885690	0.885690	1.000000	0.934943	0.934943	1.000000	0.953902	0.953902	1.000000	0.970430	0.970540	0.999883	0.981028	0.984157	0.996770	0.981430	0.990559	0.990698	0.978657	0.993143	0.985315
thin8	00967	0.2274	21128177	x	V	0.667950	0.667950	1.000000	0.752737	0.752737	1.000000	0.833773	0.833773	1.000000	0.891361	0.891361	1.000000	0.914030	0.914030	1.000000	0.930758	0.930758	1.000000	0.951459	0.951463	0.999996	0.965243	0.965545	0.999676	0.971835	0.973458	0.998288
thin8	00967	0.2274	21128177	x	g	0.694974	0.694974	1.000000	0.776654	0.776654	1.000000	0.852628	0.852628	1.000000	0.908060	0.908060	1.000000	0.929435	0.929435	1.000000	0.945184	0.945184	1.000000	0.964235	0.964364	0.999861	0.974204	0.975998	0.998117	0.976814	0.981592	0.995041
thin8	00967	0.2274	21128177	y	V	0.678636	0.678636	1.000000	0.764780	0.764780	1.000000	0.847112	0.847112	1.000000	0.905622	0.905622	1.000000	0.928653	0.928653	1.000000	0.945649	0.945649	1.000000	0.966221	0.966451	0.999754	0.976255	0.978752	0.997394	0.977044	0.983806	0.993013
thin8	00967	0.2274	21128177	y	g	0.704977	0.704977	1.000000	0.787832	0.787832	1.000000	0.864899	0.864899	1.000000	0.921129	0.921129	1.000000	0.942812	0.942812	1.000000	0.958783	0.958786	0.999997	0.975613	0.976979	0.998569	0.979497	0.985640	0.993677	0.977422	0.988919	0.988245
thin8	00967	0.2274	21128177	z	V	0.673021	0.673021	1.000000	0.758452	0.758452	1.000000	0.840102	0.840102	1.000000	0.898128	0.898128	1.000000	0.920969	0.920969	1.000000	0.937824	0.937824	1.000000	0.958683	0.958686	0.999997	0.972177	0.972676	0.999472	0.978951	0.980722	0.998159
thin8	00967	0.2274	21128177	z	g	0.699001	0.699001	1.000000	0.781153	0.781153	1.000000	0.857568	0.857568	1.000000	0.913321	0.913321	1.000000	0.934820	0.934820	1.000000	0.950661	0.950661	1.000000	0.969829	0.969955	0.999865	0.979619	0.981542	0.998005	0.982076	0.987092	0.994852
POS	00967	0.2274	24184037	x	V	0.644307	0.644307	1.000000	0.767032	0.767032	1.000000	0.872676	0.872676	1.000000	0.904832	0.904832	1.000000	0.942679	0.942680	1.000000	0.958427	0.958428	0.999998	0.970018	0.970178	0.999829	0.977100	0.977560	0.999519	0.981851	0.982882	0.998932	0.985352	0.987594	0.997701	0.986922	0.990429	0.996425	0.987281	0.992292	0.994911	0.987110	0.993535	0.993491	0.985558	0.995642	0.989828	0.983764	0.996560	0.987117
PSF	00967	0.2274	24184037	x	V	0.643185	0.644688	0.996389	0.765340	0.767476	0.996376	0.870379	0.873161	0.996353	0.902330	0.905327	0.996345	0.939868	0.943157	0.996304	0.955414	0.958862	0.996250	0.966700	0.970503	0.995964	0.973517	0.977778	0.995544	0.977969	0.982969	0.994825	0.981323	0.987624	0.993541	0.982790	0.990416	0.992226	0.983135	0.992276	0.990717	0.982965	0.993522	0.989305	0.981419	0.995633	0.985662	0.979624	0.996548	0.982960
POS	00967	0.2274	24184037	x	g	0.621680	0.621680	1.000000	0.757045	0.757045	1.000000	0.872179	0.872179	1.000000	0.906626	0.906626	1.000000	0.949970	0.949973	0.999997	0.965316	0.965323	0.999992	0.975808	0.976133	0.999658	0.981514	0.982322	0.999163	0.984970	0.986603	0.998322	0.987718	0.990565	0.997099	0.988799	0.992792	0.995949	0.988912	0.994219	0.994631	0.988659	0.995158	0.993438	0.987249	0.996738	0.990449	0.985719	0.997442	0.988217
PSF	00967	0.2274	24184037	x	g	0.620145	0.622086	0.994996	0.754635	0.757523	0.994973	0.868839	0.872697	0.994937	0.902975	0.907154	0.994925	0.945823	0.950467	0.994861	0.960874	0.965748	0.994776	0.970984	0.976420	0.994298	0.976409	0.982498	0.993693	0.979637	0.986686	0.992760	0.982250	0.990598	0.991494	0.983212	0.992774	0.990300	0.983315	0.994200	0.988988	0.983070	0.995145	0.987808	0.981673	0.996732	0.984843	0.980137	0.997430	0.982619
POS	00967	0.2274	24184037	y	V	0.645156	0.645156	1.000000	0.768043	0.768043	1.000000	0.873827	0.873827	1.000000	0.906024	0.906024	1.000000	0.943923	0.943923	1.000000	0.959693	0.959693	1.000000	0.971591	0.971607	0.999984	0.978906	0.979110	0.999787	0.983361	0.984287	0.999043	0.985884	0.988511	0.997312	0.986376	0.990804	0.995490	0.986392	0.992495	0.993805	0.985805	0.993528	0.992176	0.984220	0.995619	0.988502	0.982572	0.996610	0.985867
PSF	00967	0.2274	24184037	y	V	0.643919	0.645474	0.996274	0.766208	0.768415	0.996265	0.871363	0.874233	0.996246	0.903346	0.906438	0.996238	0.940963	0.944335	0.996219	0.956594	0.960096	0.996202	0.968303	0.971960	0.996129	0.975346	0.979355	0.995820	0.979588	0.984444	0.994989	0.981869	0.988559	0.993155	0.982236	0.990794	0.991283	0.982222	0.992473	0.989593	0.981643	0.993512	0.987976	0.980059	0.995604	0.984319	0.978410	0.996593	0.981694
POS	00967	0.2274	24184037	y	g	0.622204	0.622204	1.000000	0.757684	0.757684	1.000000	0.872915	0.872915	1.000000	0.907391	0.907391	1.000000	0.950777	0.950777	1.000000	0.966143	0.966144	0.999999	0.977122	0.977206	0.999913	0.983057	0.983512	0.999530	0.986483	0.987781	0.998670	0.988539	0.991396	0.997093	0.988746	0.993183	0.995502	0.988578	0.994470	0.994043	0.987973	0.995231	0.992673	0.986508	0.996783	0.989659	0.985030	0.997513	0.987455
PSF	00967	0.2274	24184037	y	g	0.620551	0.622553	0.994844	0.755121	0.758097	0.994828	0.869395	0.873365	0.994799	0.903549	0.907848	0.994787	0.946479	0.951226	0.994756	0.961629	0.966564	0.994718	0.972344	0.977551	0.994551	0.977989	0.983744	0.994054	0.981225	0.987938	0.993123	0.983010	0.991432	0.991433	0.983105	0.993168	0.989799	0.982916	0.994447	0.988340	0.982324	0.995215	0.986986	0.980863	0.996769	0.983991	0.979390	0.997500	0.981800
POS	00967	0.2274	24184037	z	V	0.649055	0.649055	1.000000	0.772685	0.772685	1.000000	0.879108	0.879108	1.000000	0.911500	0.911500	1.000000	0.949624	0.949626	0.999998	0.965420	0.965456	0.999961	0.976603	0.977044	0.999539	0.982449	0.983831	0.998572	0.985449	0.988296	0.997086	0.985950	0.991518	0.994336	0.985440	0.993316	0.992018	0.984791	0.994678	0.990007	0.983931	0.995578	0.988250	0.981051	0.997015	0.983941	0.978649	0.997621	0.980939
PSF	00967	0.2274	24184037	z	V	0.647767	0.649369	0.996206	0.770775	0.773050	0.996196	0.876553	0.879509	0.996180	0.908726	0.911910	0.996173	0.946498	0.950002	0.996118	0.962042	0.965767	0.996007	0.972897	0.977234	0.995459	0.978537	0.983943	0.994417	0.981347	0.988327	0.992855	0.981768	0.991517	0.990085	0.981228	0.993302	0.987763	0.980576	0.994664	0.985762	0.979722	0.995567	0.984015	0.976847	0.997003	0.979724	0.974455	0.997610	0.976735
POS	00967	0.2274	24184037	z	g	0.625407	0.625407	1.000000	0.761585	0.761585	1.000000	0.877408	0.877408	1.000000	0.912062	0.912062	1.000000	0.955648	0.955660	0.999988	0.970806	0.970960	0.999837	0.980640	0.981473	0.999135	0.985131	0.987070	0.998010	0.987387	0.990766	0.996558	0.987548	0.993439	0.994031	0.987139	0.994922	0.992137	0.986547	0.995999	0.990472	0.985783	0.996682	0.989029	0.983352	0.997746	0.985541	0.981350	0.998208	0.983082
PSF	00967	0.2274	24184037	z	g	0.623665	0.625738	0.994718	0.758893	0.761973	0.994701	0.873732	0.877836	0.994678	0.908051	0.912495	0.994665	0.951092	0.956046	0.994582	0.965903	0.971252	0.994330	0.975400	0.981651	0.993514	0.979713	0.987187	0.992331	0.981756	0.990792	0.990797	0.981849	0.993439	0.988258	0.981382	0.994895	0.986349	0.980794	0.995975	0.984697	0.980042	0.996664	0.983268	0.977631	0.997734	0.979807	0.975637	0.998196	0.977361
thin2	00967	0.2274	24184037	x	V	0.554648	0.554648	1.000000	0.703863	0.703863	1.000000	0.824342	0.824342	1.000000	0.924507	0.924507	1.000000	0.957813	0.957813	1.000000	0.974012	0.974276	0.999722	0.985134	0.987255	0.997824	0.987106	0.992730	0.994294	0.986805	0.994388	0.992332
thin2	00967	0.2274	24184037	x	g	0.523883	0.523883	1.000000	0.687675	0.687675	1.000000	0.818822	0.818822	1.000000	0.930307	0.930307	1.000000	0.964624	0.964633	0.999990	0.979035	0.979560	0.999453	0.987593	0.990315	0.997224	0.988724	0.994540	0.994120	0.988356	0.995802	0.992492
thin2	00967	0.2274	24184037	y	V	0.555390	0.555390	1.000000	0.704804	0.704804	1.000000	0.825444	0.825444	1.000000	0.925743	0.925743	1.000000	0.959094	0.959094	1.000000	0.975693	0.975771	0.999918	0.986021	0.988360	0.997606	0.986091	0.992879	0.993115	0.985287	0.994283	0.990901
thin2	00967	0.2274	24184037	y	g	0.524326	0.524326	1.000000	0.688256	0.688256	1.000000	0.819513	0.819513	1.000000	0.931093	0.931093	1.000000	0.965450	0.965454	0.999996	0.980442	0.980680	0.999752	0.988685	0.991283	0.997356	0.988314	0.994753	0.993493	0.987510	0.995794	0.991646
thin2	00967	0.2274	24184037	z	V	0.558752	0.558752	1.000000	0.709071	0.709071	1.000000	0.830441	0.830441	1.000000	0.931347	0.931347	1.000000	0.964809	0.964854	0.999952	0.979974	0.980857	0.999082	0.986368	0.991513	0.994767	0.984465	0.995056	0.989304	0.983186	0.996225	0.986863
thin2	00967	0.2274	24184037	z	g	0.527028	0.527028	1.000000	0.691803	0.691803	1.000000	0.823737	0.823737	1.000000	0.935890	0.935891	0.999999	0.970114	0.970272	0.999833	0.983203	0.984579	0.998580	0.988001	0.993484	0.994445	0.986305	0.996297	0.989934	0.985170	0.997174	0.987928
thin4	00967	0.2274	24184037	x	V	0.480055	0.480055	1.000000	0.625211	0.625211	1.000000	0.772679	0.772679	1.000000	0.873380	0.873380	1.000000	0.913090	0.913090	1.000000	0.946618	0.946618	1.000000	0.972686	0.972903	0.999771	0.983932	0.985491	0.998394	0.986781	0.989819	0.996900
thin4	00967	0.2274	24184037	x	g	0.446758	0.446758	1.000000	0.600425	0.600425	1.000000	0.761625	0.761625	1.000000	0.872610	0.872610	1.000000	0.915167	0.915167	1.000000	0.952006	0.952010	0.999996	0.977867	0.978230	0.999621	0.986649	0.988828	0.997771	0.988773	0.992333	0.996386
thin4	00967	0.2274	24184037	y	V	0.480688	0.480688	1.000000	0.626035	0.626035	1.000000	0.773697	0.773697	1.000000	0.874531	0.874531	1.000000	0.914293	0.914293	1.000000	0.947866	0.947866	1.000000	0.974165	0.974285	0.999873	0.985136	0.986745	0.998348	0.986244	0.990197	0.995969
thin4	00967	0.2274	24184037	y	g	0.447138	0.447138	1.000000	0.600936	0.600936	1.000000	0.762274	0.762274	1.000000	0.873353	0.873353	1.000000	0.915946	0.915946	1.000000	0.952824	0.952825	1.000000	0.978837	0.979133	0.999692	0.988004	0.989931	0.998033	0.988689	0.992712	0.995918
thin4	00967	0.2274	24184037	z	V	0.483504	0.483504	1.000000	0.629702	0.629702	1.000000	0.778230	0.778230	1.000000	0.879655	0.879655	1.000000	0.919650	0.919650	1.000000	0.953375	0.953396	0.999976	0.978262	0.979180	0.999043	0.986664	0.990391	0.996201	0.986264	0.993099	0.993070
thin4	00967	0.2274	24184037	z	g	0.449352	0.449352	1.000000	0.603911	0.603911	1.000000	0.766047	0.766047	1.000000	0.877677	0.877677	1.000000	0.920479	0.920480	0.999999	0.957386	0.957462	0.999917	0.981427	0.982841	0.998536	0.988410	0.992576	0.995771	0.987895	0.994763	0.993060
thin8	00967	0.2274	24184037	x	V	0.385703	0.385703	1.000000	0.538973	0.538973	1.000000	0.714755	0.714755	1.000000	0.825953	0.825953	1.000000	0.878016	0.878016	1.000000	0.905673	0.905673	1.000000	0.951771	0.951771	1.000000	0.970196	0.970370	0.999815	0.978272	0.978834	0.999414
thin8	00967	0.2274	24184037	x	g	0.348995	0.348995	1.000000	0.506953	0.506953	1.000000	0.698774	0.698774	1.000000	0.819986	0.819986	1.000000	0.878073	0.878073	1.000000	0.907057	0.907057	1.000000	0.958696	0.958698	0.999998	0.975707	0.975982	0.999711	0.982556	0.983470	0.999055
thin8	00967	0.2274	24184037	y	V	0.386208	0.386208	1.000000	0.539679	0.539679	1.000000	0.715691	0.715691	1.000000	0.827036	0.827036	1.000000	0.879167	0.879167	1.000000	0.906860	0.906860	1.000000	0.953018	0.953018	1.000000	0.971691	0.971756	0.999932	0.979961	0.980323	0.999623
thin8	00967	0.2274	24184037	y	g	0.349310	0.349310	1.000000	0.507411	0.507411	1.000000	0.699405	0.699405	1.000000	0.820727	0.820727	1.000000	0.878866	0.878866	1.000000	0.907876	0.907876	1.000000	0.959564	0.959565	0.999999	0.976758	0.976950	0.999799	0.983957	0.984618	0.999318
thin8	00967	0.2274	24184037	z	V	0.388435	0.388435	1.000000	0.542791	0.542791	1.000000	0.719818	0.719818	1.000000	0.831804	0.831804	1.000000	0.884236	0.884236	1.000000	0.912089	0.912089	1.000000	0.958445	0.958478	0.999963	0.976135	0.976773	0.999332	0.982975	0.984646	0.998276
thin8	00967	0.2274	24184037	z	g	0.350981	0.350981	1.000000	0.509839	0.509839	1.000000	0.702751	0.702751	1.000000	0.824654	0.824654	1.000000	0.883071	0.883071	1.000000	0.912220	0.912220	1.000000	0.963965	0.964059	0.999899	0.979721	0.980761	0.998920	0.985574	0.987773	0.997746
POS	00967	0.2274	31777648	x	V	0.654759	0.654759	1.000000	0.717445	0.717445	1.000000	0.805417	0.805417	1.000000	0.841804	0.841804	1.000000	0.874986	0.875045	0.999922	0.909651	0.910304	0.999211	0.932109	0.939598	0.991521	0.936178	0.953975	0.980462	0.933179	0.963815	0.967060	0.924690	0.970288	0.951636	0.915666	0.975508	0.937212	0.905881	0.979454	0.923429	0.896670	0.982428	0.911285	0.877432	0.988260	0.886675	0.868244	0.990440	0.875582
PSF	00967	0.2274	31777648	x	V	0.653713	0.655033	0.996927	0.716153	0.717740	0.996921	0.803719	0.805732	0.996901	0.839915	0.842123	0.996888	0.872833	0.875324	0.996750	0.906838	0.910346	0.995769	0.928688	0.939408	0.987862	0.932768	0.953821	0.976883	0.929806	0.963691	0.963562	0.921392	0.970199	0.948228	0.912401	0.975428	0.933865	0.902652	0.979381	0.920138	0.893487	0.982368	0.908049	0.874334	0.988219	0.883544	0.865182	0.990405	0.872495
POS	00967	0.2274	31777648	x	g	0.662729	0.662729	1.000000	0.729242	0.729242	1.000000	0.825905	0.825905	1.000000	0.866777	0.866783	0.999991	0.902554	0.903602	0.998717	0.929944	0.937607	0.991288	0.922320	0.953811	0.965441	0.915488	0.964092	0.947806	0.905204	0.971426	0.929965	0.891353	0.976336	0.911035	0.878488	0.980445	0.894155	0.865529	0.983443	0.878328	0.853302	0.985740	0.863967	0.828999	0.989961	0.836027	0.818111	0.991673	0.823770
PSF	00967	0.2274	31777648	x	g	0.661013	0.663025	0.995432	0.727118	0.729559	0.995420	0.823084	0.826236	0.995386	0.863558	0.867079	0.995319	0.898529	0.903637	0.993749	0.925040	0.937328	0.986026	0.917551	0.953621	0.960410	0.910788	0.963944	0.942910	0.900580	0.971308	0.925192	0.886805	0.976234	0.906373	0.874008	0.980354	0.889590	0.861138	0.983372	0.873863	0.848974	0.985675	0.859580	0.824812	0.989917	0.831800	0.813987	0.991638	0.819613
POS	00967	0.2274	31777648	y	V	0.608544	0.608544	1.000000	0.666806	0.666806	1.000000	0.748568	0.748568	1.000000	0.782387	0.782387	1.000000	0.813346	0.813346	1.000000	0.846720	0.846720	1.000000	0.880587	0.880662	0.999904	0.903198	0.903726	0.999354	0.921749	0.923931	0.997444	0.934629	0.940912	0.992906	0.940038	0.953294	0.985424	0.940257	0.962330	0.976186	0.938606	0.969288	0.967376	0.927551	0.979689	0.945737	0.920891	0.983428	0.935406
PSF	00967	0.2274	31777648	y	V	0.607610	0.608728	0.996985	0.665662	0.667006	0.996982	0.747088	0.748786	0.996974	0.780750	0.782609	0.996967	0.811555	0.813570	0.996958	0.844751	0.846943	0.996946	0.878334	0.880832	0.996781	0.900685	0.903828	0.996154	0.918881	0.923909	0.994113	0.931483	0.940793	0.989489	0.936860	0.953187	0.982046	0.937071	0.962233	0.972851	0.935420	0.969199	0.964080	0.924431	0.979632	0.942546	0.917796	0.983379	0.932258
POS	00967	0.2274	31777648	y	g	0.599737	0.599737	1.000000	0.659929	0.659929	1.000000	0.747404	0.747404	1.000000	0.784404	0.784404	1.000000	0.818767	0.818767	1.000000	0.855945	0.855945	1.000000	0.892299	0.893125	0.998965	0.912881	0.916518	0.995672	0.923886	0.934168	0.988227	0.927495	0.947860	0.977360	0.926720	0.958255	0.965707	0.922100	0.965829	0.953197	0.917961	0.972781	0.942160	0.900802	0.981733	0.916158	0.891883	0.984998	0.904165
PSF	00967	0.2274	31777648	y	g	0.598340	0.599948	0.995540	0.658209	0.660157	0.995536	0.745143	0.747651	0.995519	0.781882	0.784652	0.995506	0.815985	0.819013	0.995490	0.852856	0.856182	0.995466	0.888551	0.893171	0.994212	0.908640	0.916405	0.990762	0.919460	0.934024	0.983324	0.923034	0.947739	0.972535	0.922241	0.958146	0.960954	0.917662	0.965748	0.948534	0.913510	0.972698	0.937549	0.896410	0.981656	0.911681	0.887534	0.984928	0.899754
POS	00967	0.2274	31777648	z	V	0.627809	0.627809	1.000000	0.687915	0.687915	1.000000	0.772266	0.772266	1.000000	0.807155	0.807155	1.000000	0.839094	0.839094	1.000000	0.873498	0.873511	0.999984	0.906736	0.907636	0.998908	0.924828	0.928724	0.995484	0.933634	0.944251	0.988100	0.934816	0.955503	0.977364	0.932744	0.964246	0.966159	0.928947	0.971359	0.955109	0.925643	0.977583	0.945716	0.911474	0.986443	0.923036	0.903975	0.989742	0.912524
PSF	00967	0.2274	31777648	z	V	0.626803	0.628050	0.996844	0.686679	0.688176	0.996840	0.770658	0.772551	0.996830	0.805374	0.807447	0.996823	0.837144	0.839390	0.996813	0.871315	0.873788	0.996762	0.903933	0.907694	0.995437	0.921561	0.928606	0.991835	0.930291	0.944135	0.984483	0.931463	0.955403	0.973804	0.929398	0.964160	0.962655	0.925624	0.971290	0.951662	0.922334	0.977526	0.942315	0.908218	0.986402	0.919733	0.900750	0.989710	0.909266
POS	00967	0.2274	31777648	z	g	0.633695	0.633695	1.000000	0.697294	0.697294	1.000000	0.789723	0.789723	1.000000	0.828817	0.828817	1.000000	0.865126	0.865126	1.000000	0.903413	0.903886	0.999421	0.913961	0.928627	0.983014	0.917109	0.943665	0.970228	0.913754	0.954370	0.955498	0.907023	0.963006	0.939767	0.898873	0.969687	0.924861	0.890476	0.975331	0.910994	0.884787	0.981573	0.899732	0.864844	0.988857	0.873356	0.855200	0.991594	0.861445
PSF	00967	0.2274	31777648	z	g	0.632110	0.634010	0.995282	0.695334	0.697637	0.995276	0.787131	0.790095	0.995256	0.825924	0.829197	0.995243	0.861927	0.865506	0.995225	0.899356	0.903993	0.994329	0.909285	0.928495	0.977752	0.912409	0.943568	0.965072	0.909130	0.954333	0.950480	0.902462	0.963008	0.934870	0.894348	0.969704	0.920056	0.885992	0.975363	0.906275	0.880158	0.981518	0.894991	0.860313	0.988815	0.868767	0.850709	0.991553	0.856919
thin2	00967	0.2274	31777648	x	V	0.609991	0.609991	1.000000	0.684355	0.684355	1.000000	0.763096	0.763096	1.000000	0.854644	0.854677	0.999955	0.908248	0.909028	0.999055	0.935436	0.948103	0.985918	0.925581	0.970316	0.952553	0.902866	0.980577	0.919307	0.890121	0.984556	0.902725
thin2	00967	0.2274	31777648	x	g	0.616342	0.616342	1.000000	0.693983	0.693983	1.000000	0.779100	0.779100	1.000000	0.881096	0.881340	0.999686	0.928828	0.936393	0.991377	0.919089	0.959805	0.955881	0.892691	0.976401	0.912376	0.861735	0.984405	0.873662	0.845181	0.987386	0.854407
thin2	00967	0.2274	31777648	y	V	0.566883	0.566883	1.000000	0.635992	0.635992	1.000000	0.709168	0.709168	1.000000	0.794312	0.794312	1.000000	0.845586	0.845586	1.000000	0.893175	0.893416	0.999699	0.933605	0.939909	0.992868	0.939644	0.964653	0.973150	0.935104	0.973023	0.959993
thin2	00967	0.2274	31777648	y	g	0.557646	0.557646	1.000000	0.627893	0.627893	1.000000	0.704904	0.704904	1.000000	0.797658	0.797658	1.000000	0.854587	0.854587	1.000000	0.904235	0.906251	0.997546	0.927676	0.947206	0.978257	0.920309	0.967824	0.949356	0.911844	0.975631	0.933096
thin2	00967	0.2274	31777648	z	V	0.584828	0.584828	1.000000	0.656125	0.656125	1.000000	0.731618	0.731618	1.000000	0.819458	0.819458	1.000000	0.872339	0.872346	0.999990	0.917636	0.919713	0.997545	0.934182	0.954683	0.977529	0.927670	0.973377	0.951820	0.920809	0.980660	0.937839
thin2	00967	0.2274	31777648	z	g	0.589318	0.589318	1.000000	0.663555	0.663555	1.000000	0.744940	0.744940	1.000000	0.842962	0.842962	1.000000	0.902111	0.902591	0.999411	0.916824	0.937513	0.976496	0.905932	0.961697	0.939844	0.887913	0.977010	0.906861	0.877495	0.983811	0.890352
thin4	00967	0.2274	31777648	x	V	0.546059	0.546059	1.000000	0.646805	0.646805	1.000000	0.726042	0.726042	1.000000	0.808712	0.808712	1.000000	0.854275	0.854275	1.000000	0.899159	0.899514	0.999562	0.935446	0.947582	0.986493	0.929995	0.967002	0.960476	0.918758	0.974248	0.941625
thin4	00967	0.2274	31777648	x	g	0.550701	0.550701	1.000000	0.654505	0.654505	1.000000	0.738639	0.738639	1.000000	0.829698	0.829698	1.000000	0.880765	0.880874	0.999860	0.923636	0.928220	0.994682	0.919700	0.959570	0.956775	0.899302	0.973718	0.921675	0.882707	0.979401	0.899405
thin4	00967	0.2274	31777648	y	V	0.507489	0.507489	1.000000	0.601120	0.601120	1.000000	0.674760	0.674760	1.000000	0.751591	0.751591	1.000000	0.793936	0.793936	1.000000	0.836345	0.836345	1.000000	0.891998	0.892334	0.999578	0.927560	0.931468	0.995497	0.938083	0.949450	0.987399
thin4	00967	0.2274	31777648	y	g	0.497997	0.497997	1.000000	0.591866	0.591866	1.000000	0.667949	0.667949	1.000000	0.750293	0.750293	1.000000	0.796682	0.796682	1.000000	0.843874	0.843874	1.000000	0.902193	0.904444	0.997249	0.925965	0.940096	0.984025	0.926879	0.954706	0.969512
thin4	00967	0.2274	31777648	z	V	0.523588	0.523588	1.000000	0.620188	0.620188	1.000000	0.696165	0.696165	1.000000	0.775433	0.775433	1.000000	0.819121	0.819121	1.000000	0.862871	0.862873	0.999997	0.916708	0.918774	0.997552	0.933383	0.948822	0.982865	0.933151	0.961591	0.969279
thin4	00967	0.2274	31777648	z	g	0.526483	0.526483	1.000000	0.625721	0.625721	1.000000	0.706156	0.706156	1.000000	0.793210	0.793210	1.000000	0.842253	0.842253	1.000000	0.891720	0.891920	0.999749	0.915838	0.936383	0.976603	0.909323	0.957273	0.947790	0.900723	0.967224	0.929080
thin8	00967	0.2274	31777648	x	V	0.465613	0.465613	1.000000	0.598487	0.598487	1.000000	0.693317	0.693317	1.000000	0.766440	0.766440	1.000000	0.808392	0.808392	1.000000	0.845190	0.845190	1.000000	0.898146	0.898538	0.999514	0.933086	0.941398	0.990626	0.936745	0.955563	0.979409
thin8	00967	0.2274	31777648	x	g	0.468549	0.468549	1.000000	0.604478	0.604478	1.000000	0.703517	0.703517	1.000000	0.782810	0.782810	1.000000	0.829339	0.829339	1.000000	0.870714	0.870727	0.999983	0.922290	0.926965	0.994562	0.922209	0.955226	0.963874	0.915399	0.965504	0.946350
thin8	00967	0.2274	31777648	y	V	0.432667	0.432667	1.000000	0.556139	0.556139	1.000000	0.644258	0.644258	1.000000	0.712208	0.712208	1.000000	0.751191	0.751191	1.000000	0.785385	0.785385	1.000000	0.835364	0.835364	1.000000	0.882850	0.882951	0.999871	0.905076	0.905808	0.999108
thin8	00967	0.2274	31777648	y	g	0.423785	0.423785	1.000000	0.546727	0.546727	1.000000	0.636304	0.636304	1.000000	0.708022	0.708022	1.000000	0.750106	0.750106	1.000000	0.787553	0.787553	1.000000	0.842990	0.842990	1.000000	0.893873	0.895041	0.998543	0.913436	0.917891	0.994715
thin8	00967	0.2274	31777648	z	V	0.446382	0.446382	1.000000	0.573769	0.573769	1.000000	0.664682	0.664682	1.000000	0.734785	0.734785	1.000000	0.775004	0.775004	1.000000	0.810282	0.810282	1.000000	0.861832	0.861838	0.999992	0.908587	0.909763	0.998579	0.925270	0.930118	0.994399
thin8	00967	0.2274	31777648	z	g	0.447749	0.447749	1.000000	0.577645	0.577645	1.000000	0.672287	0.672287	1.000000	0.748060	0.748060	1.000000	0.792524	0.792524	1.000000	0.832089	0.832089	1.000000	0.890016	0.890320	0.999617	0.913410	0.929462	0.981443	0.915537	0.943934	0.968187
POS	00967	0.2274	32938657	x	V	0.854417	0.854417	1.000000	0.894593	0.894593	1.000000	0.937511	0.937511	1.000000	0.953012	0.953012	1.000000	0.963887	0.963887	1.000000	0.972655	0.972657	0.999998	0.980050	0.980225	0.999818	0.984433	0.985583	0.998816	0.985839	0.988748	0.997025	0.985756	0.990855	0.994807	0.983420	0.992137	0.991145	0.981919	0.993216	0.988549	0.979919	0.993978	0.985772	0.974326	0.995658	0.978483	0.970506	0.996428	0.973894
PSF	00967	0.2274	32938657	x	V	0.852008	0.854526	0.996553	0.891944	0.894706	0.996551	0.934587	0.937624	0.996546	0.949980	0.953123	0.996541	0.960776	0.963995	0.996537	0.969464	0.972754	0.996523	0.976663	0.980249	0.996268	0.980910	0.985555	0.995218	0.982298	0.988719	0.993432	0.982217	0.990830	0.991227	0.979897	0.992119	0.987585	0.978410	0.993204	0.985004	0.976422	0.993970	0.982241	0.970850	0.995654	0.974982	0.967040	0.996424	0.970408
POS	00967	0.2274	32938657	x	g	0.881047	0.881047	1.000000	0.916202	0.916202	1.000000	0.953072	0.953072	1.000000	0.966417	0.966417	1.000000	0.975333	0.975340	0.999992	0.982214	0.982352	0.999857	0.986363	0.987593	0.998739	0.987907	0.990956	0.996894	0.987644	0.992833	0.994736	0.986540	0.994030	0.992420	0.984042	0.994775	0.989155	0.982436	0.995462	0.986856	0.980499	0.995931	0.984443	0.975277	0.996977	0.978170	0.971726	0.997489	0.974109
PSF	00967	0.2274	32938657	x	g	0.877289	0.881153	0.995027	0.912130	0.916310	0.995024	0.948648	0.953176	0.995016	0.961855	0.966517	0.995010	0.970665	0.975431	0.994992	0.977371	0.982388	0.994802	0.981390	0.987587	0.993647	0.982861	0.990926	0.991787	0.982601	0.992807	0.989646	0.981501	0.994007	0.987344	0.979030	0.994761	0.984104	0.977435	0.995451	0.981820	0.975510	0.995923	0.979421	0.970321	0.996975	0.973186	0.966788	0.997488	0.969148
POS	00967	0.2274	32938657	y	V	0.854840	0.854840	1.000000	0.895036	0.895036	1.000000	0.937976	0.937976	1.000000	0.953485	0.953485	1.000000	0.964354	0.964359	0.999995	0.973060	0.973100	0.999958	0.979551	0.980214	0.999310	0.983553	0.985381	0.998117	0.984894	0.988514	0.996296	0.984742	0.990586	0.994045	0.983617	0.992483	0.991000	0.982357	0.993686	0.988528	0.981406	0.994986	0.986283	0.976508	0.997035	0.979352	0.972485	0.997708	0.974662
PSF	00967	0.2274	32938657	y	V	0.852416	0.854951	0.996533	0.892369	0.895150	0.996530	0.935029	0.938089	0.996524	0.950429	0.953595	0.996519	0.961214	0.964464	0.996506	0.969827	0.973188	0.996452	0.976126	0.980228	0.995731	0.980002	0.985349	0.994494	0.981339	0.988487	0.992685	0.981185	0.990561	0.990445	0.980063	0.992461	0.987414	0.978809	0.993667	0.984953	0.977859	0.994968	0.982718	0.972982	0.997023	0.975817	0.968977	0.997699	0.971147
POS	00967	0.2274	32938657	y	g	0.880326	0.880326	1.000000	0.915453	0.915453	1.000000	0.952293	0.952293	1.000000	0.965627	0.965627	1.000000	0.974494	0.974522	0.999971	0.981316	0.981500	0.999809	0.985263	0.986637	0.998588	0.986961	0.990075	0.996823	0.987122	0.992163	0.994879	0.986310	0.993506	0.992710	0.984915	0.994811	0.990001	0.983589	0.995642	0.987842	0.982548	0.996571	0.985881	0.977996	0.997970	0.979946	0.974292	0.998410	0.975807
PSF	00967	0.2274	32938657	y	g	0.876622	0.880456	0.995058	0.911436	0.915584	0.995054	0.947925	0.952420	0.995045	0.961123	0.965751	0.995039	0.969879	0.974633	0.994996	0.976517	0.981552	0.994774	0.980308	0.986633	0.993503	0.981944	0.990053	0.991729	0.982093	0.992140	0.989794	0.981281	0.993484	0.987637	0.979892	0.994792	0.984944	0.978566	0.995622	0.982796	0.977526	0.996551	0.980845	0.973002	0.997955	0.974945	0.969322	0.998399	0.970831
POS	00967	0.2274	32938657	z	V	0.852070	0.852070	1.000000	0.892136	0.892136	1.000000	0.934937	0.934937	1.000000	0.950395	0.950395	1.000000	0.961240	0.961240	1.000000	0.969980	0.969984	0.999996	0.977548	0.977629	0.999915	0.982770	0.983400	0.999348	0.985205	0.987076	0.998080	0.986048	0.989645	0.996328	0.985270	0.991712	0.993449	0.984506	0.993166	0.991222	0.983051	0.994207	0.988714	0.978500	0.996432	0.981941	0.975130	0.997445	0.977572
PSF	00967	0.2274	32938657	z	V	0.849744	0.852207	0.996609	0.889576	0.892278	0.996607	0.932108	0.935080	0.996602	0.947462	0.950537	0.996597	0.958230	0.961379	0.996593	0.966898	0.970116	0.996581	0.974317	0.977712	0.996449	0.979351	0.983407	0.995806	0.981698	0.987048	0.994508	0.982523	0.989614	0.992760	0.981743	0.991684	0.989893	0.980990	0.993143	0.987680	0.979547	0.994190	0.985187	0.975014	0.996419	0.978442	0.971653	0.997433	0.974089
POS	00967	0.2274	32938657	z	g	0.878672	0.878672	1.000000	0.913732	0.913732	1.000000	0.950503	0.950503	1.000000	0.963812	0.963812	1.000000	0.972718	0.972718	1.000000	0.979772	0.979807	0.999963	0.984893	0.985529	0.999345	0.987310	0.989324	0.997943	0.987798	0.991574	0.996160	0.987515	0.993182	0.994255	0.986093	0.994473	0.991527	0.985010	0.995427	0.989488	0.983494	0.996113	0.987283	0.979063	0.997573	0.981400	0.975830	0.998258	0.977495
PSF	00967	0.2274	32938657	z	g	0.875050	0.878809	0.995136	0.909806	0.913873	0.995133	0.946235	0.950642	0.995125	0.959411	0.963947	0.995119	0.968225	0.972849	0.995114	0.975143	0.979904	0.995042	0.980066	0.985552	0.994352	0.982377	0.989309	0.992918	0.982841	0.991553	0.991139	0.982542	0.993157	0.989238	0.981125	0.994450	0.986527	0.980050	0.995407	0.984502	0.978543	0.996096	0.982310	0.974136	0.997561	0.976462	0.970920	0.998248	0.972578
thin2	00967	0.2274	32938657	x	V	0.826997	0.826997	1.000000	0.872661	0.872661	1.000000	0.919965	0.919965	1.000000	0.957475	0.957475	1.000000	0.972483	0.972489	0.999994	0.982943	0.983526	0.999397	0.985788	0.990734	0.994961	0.981236	0.993364	0.987711	0.978338	0.994576	0.983586
thin2	00967	0.2274	32938657	x	g	0.855420	0.855420	1.000000	0.897138	0.897138	1.000000	0.938166	0.938166	1.000000	0.970121	0.970121	1.000000	0.982002	0.982169	0.999826	0.987562	0.989706	0.997812	0.986544	0.993908	0.992546	0.981784	0.995519	0.986143	0.978971	0.996282	0.982561
thin2	00967	0.2274	32938657	y	V	0.827428	0.827428	1.000000	0.873116	0.873116	1.000000	0.920444	0.920444	1.000000	0.957974	0.957974	1.000000	0.972904	0.972952	0.999950	0.982188	0.983400	0.998748	0.984789	0.990486	0.994194	0.982254	0.994144	0.987971	0.980239	0.995812	0.984296
thin2	00967	0.2274	32938657	y	g	0.854775	0.854775	1.000000	0.896462	0.896462	1.000000	0.937459	0.937459	1.000000	0.969390	0.969390	1.000000	0.981187	0.981391	0.999788	0.986583	0.988840	0.997691	0.986397	0.993459	0.992846	0.983375	0.995955	0.987319	0.981406	0.997154	0.984163
thin2	00967	0.2274	32938657	z	V	0.824763	0.824763	1.000000	0.870303	0.870303	1.000000	0.917479	0.917479	1.000000	0.954888	0.954888	1.000000	0.969865	0.969866	0.999999	0.980813	0.981134	0.999667	0.986034	0.989523	0.996437	0.984388	0.993624	0.990646	0.981740	0.994968	0.986639
thin2	00967	0.2274	32938657	z	g	0.853157	0.853157	1.000000	0.894764	0.894764	1.000000	0.935683	0.935683	1.000000	0.967554	0.967554	1.000000	0.979659	0.979699	0.999958	0.986496	0.987864	0.998598	0.987561	0.993107	0.994377	0.984798	0.995733	0.988972	0.982198	0.996609	0.985492
thin4	00967	0.2274	32938657	x	V	0.796475	0.796475	1.000000	0.848268	0.848268	1.000000	0.899519	0.899519	1.000000	0.938734	0.938734	1.000000	0.957155	0.957155	1.000000	0.969333	0.969334	0.999999	0.982507	0.983089	0.999398	0.985950	0.989773	0.996098	0.984233	0.991725	0.992383
thin4	00967	0.2274	32938657	x	g	0.825636	0.825636	1.000000	0.875121	0.875121	1.000000	0.920271	0.920271	1.000000	0.953969	0.953969	1.000000	0.969823	0.969823	1.000000	0.979551	0.979637	0.999911	0.987226	0.989330	0.997850	0.987140	0.993352	0.993705	0.984739	0.994443	0.990188
thin4	00967	0.2274	32938657	y	V	0.796940	0.796940	1.000000	0.848764	0.848764	1.000000	0.900044	0.900044	1.000000	0.939282	0.939282	1.000000	0.957715	0.957715	1.000000	0.969850	0.969875	0.999973	0.981715	0.982973	0.998697	0.984769	0.989464	0.995205	0.984038	0.991915	0.991994
thin4	00967	0.2274	32938657	y	g	0.825072	0.825072	1.000000	0.874523	0.874523	1.000000	0.919643	0.919643	1.000000	0.953318	0.953318	1.000000	0.969160	0.969160	1.000000	0.978862	0.978957	0.999901	0.986238	0.988496	0.997690	0.986615	0.992746	0.993779	0.985335	0.994405	0.990828
thin4	00967	0.2274	32938657	z	V	0.794353	0.794353	1.000000	0.846009	0.846009	1.000000	0.897123	0.897123	1.000000	0.936233	0.936233	1.000000	0.954606	0.954606	1.000000	0.966753	0.966753	1.000000	0.980421	0.980738	0.999671	0.985665	0.988315	0.997287	0.985730	0.991163	0.994470
thin4	00967	0.2274	32938657	z	g	0.823473	0.823473	1.000000	0.872829	0.872829	1.000000	0.917861	0.917861	1.000000	0.951471	0.951471	1.000000	0.967283	0.967283	1.000000	0.977130	0.977144	0.999986	0.986153	0.987500	0.998619	0.987634	0.992301	0.995261	0.986622	0.994094	0.992440
thin8	00967	0.2274	32938657	x	V	0.759559	0.759559	1.000000	0.821321	0.821321	1.000000	0.878869	0.878869	1.000000	0.921367	0.921367	1.000000	0.938746	0.938746	1.000000	0.952405	0.952405	1.000000	0.969324	0.969325	1.000000	0.980473	0.980865	0.999593	0.984634	0.986219	0.998371
thin8	00967	0.2274	32938657	x	g	0.789213	0.789213	1.000000	0.849758	0.849758	1.000000	0.902467	0.902467	1.000000	0.939249	0.939249	1.000000	0.953941	0.953941	1.000000	0.965236	0.965236	1.000000	0.979637	0.979723	0.999910	0.986410	0.987975	0.998397	0.987834	0.991373	0.996399
thin8	00967	0.2274	32938657	y	V	0.759930	0.759930	1.000000	0.821722	0.821722	1.000000	0.879298	0.879298	1.000000	0.921816	0.921816	1.000000	0.939204	0.939204	1.000000	0.952869	0.952869	1.000000	0.969769	0.969783	0.999985	0.980105	0.980916	0.999157	0.983853	0.986064	0.997726
thin8	00967	0.2274	32938657	y	g	0.788550	0.788550	1.000000	0.849044	0.849044	1.000000	0.901709	0.901709	1.000000	0.938461	0.938461	1.000000	0.953140	0.953140	1.000000	0.964425	0.964425	1.000000	0.978820	0.978903	0.999914	0.985620	0.987164	0.998416	0.987084	0.990580	0.996438
thin8	00967	0.2274	32938657	z	V	0.757425	0.757425	1.000000	0.819013	0.819013	1.000000	0.876400	0.876400	1.000000	0.918777	0.918777	1.000000	0.936108	0.936108	1.000000	0.949728	0.949728	1.000000	0.966597	0.966599	0.999998	0.978121	0.978312	0.999801	0.983097	0.984067	0.998999
thin8	00967	0.2274	32938657	z	g	0.787031	0.787031	1.000000	0.847408	0.847408	1.000000	0.899972	0.899972	1.000000	0.936652	0.936652	1.000000	0.951303	0.951303	1.000000	0.962566	0.962566	1.000000	0.977018	0.977059	0.999957	0.984982	0.985897	0.999059	0.987079	0.989625	0.997400
POS	00967	0.2274	37269277	x	V	0.498475	0.498475	1.000000	0.554422	0.554422	1.000000	0.675574	0.675574	1.000000	0.747374	0.747374	1.000000	0.803882	0.803882	1.000000	0.849328	0.849374	0.999937	0.886183	0.887060	0.998886	0.909151	0.914209	0.993951	0.922070	0.937212	0.982780	0.922728	0.949187	0.970676	0.919383	0.957619	0.958378	0.914630	0.964966	0.946044	0.907520	0.972485	0.931436	0.880570	0.983030	0.894162	0.866306	0.987147	0.876189
PSF	00967	0.2274	37269277	x	V	0.498002	0.498715	0.997138	0.553805	0.554688	0.997135	0.674571	0.675888	0.997121	0.746089	0.747709	0.997104	0.802329	0.804220	0.997077	0.847426	0.849651	0.996919	0.883650	0.887111	0.995604	0.906122	0.914077	0.990486	0.918897	0.937063	0.979339	0.919539	0.949049	0.967291	0.916239	0.957512	0.955069	0.911500	0.964870	0.942788	0.904414	0.972400	0.928242	0.877562	0.982965	0.891114	0.863356	0.987094	0.873213
POS	00967	0.2274	37269277	x	g	0.570887	0.570887	1.000000	0.622233	0.622233	1.000000	0.735129	0.735129	1.000000	0.800612	0.800612	1.000000	0.851255	0.851271	0.999978	0.891268	0.892057	0.999009	0.913967	0.920626	0.992148	0.919451	0.937234	0.979781	0.924725	0.956685	0.965133	0.920436	0.964998	0.952226	0.913922	0.970674	0.939873	0.906361	0.975431	0.927537	0.897764	0.980916	0.913724	0.869631	0.988214	0.878745	0.855117	0.990912	0.861877
PSF	00967	0.2274	37269277	x	g	0.569787	0.571163	0.995788	0.620895	0.622532	0.995785	0.733173	0.735467	0.995764	0.798222	0.800959	0.995738	0.848411	0.851575	0.995640	0.887548	0.892064	0.994329	0.909751	0.920487	0.987343	0.915173	0.937112	0.975057	0.920412	0.956601	0.960520	0.916029	0.964871	0.947633	0.909530	0.970550	0.935343	0.902028	0.975330	0.923089	0.893468	0.980825	0.909351	0.865485	0.988149	0.874563	0.851055	0.990862	0.857788
POS	00967	0.2274	37269277	y	V	0.510750	0.510750	1.000000	0.568075	0.568075	1.000000	0.692210	0.692210	1.000000	0.765779	0.765779	1.000000	0.823678	0.823678	1.000000	0.870263	0.870301	0.999949	0.905351	0.907521	0.997366	0.922832	0.932234	0.989189	0.929055	0.952202	0.974501	0.924797	0.961862	0.959998	0.918062	0.968679	0.946148	0.909442	0.974063	0.932012	0.896980	0.978688	0.914849	0.866618	0.987256	0.876423	0.850319	0.990052	0.857647
PSF	00967	0.2274	37269277	y	V	0.510266	0.510992	0.997224	0.567444	0.568343	0.997221	0.691182	0.692524	0.997204	0.764454	0.766109	0.997182	0.822082	0.824013	0.997157	0.868287	0.870562	0.997000	0.902599	0.907478	0.994079	0.919675	0.932044	0.985775	0.925883	0.952045	0.971176	0.921664	0.961733	0.956751	0.914943	0.968554	0.942953	0.906370	0.973957	0.928883	0.893969	0.978600	0.911794	0.863744	0.987200	0.873527	0.847513	0.990009	0.854824
POS	00967	0.2274	37269277	y	g	0.583637	0.583637	1.000000	0.636129	0.636129	1.000000	0.751547	0.751547	1.000000	0.818493	0.818493	1.000000	0.870247	0.870272	0.999966	0.909157	0.910932	0.997861	0.924542	0.936116	0.986803	0.923387	0.949576	0.970999	0.924717	0.967316	0.954541	0.917293	0.974108	0.940217	0.908515	0.978644	0.926890	0.898681	0.982194	0.913565	0.885502	0.985070	0.897548	0.855024	0.990842	0.861834	0.839490	0.992786	0.844643
PSF	00967	0.2274	37269277	y	g	0.582564	0.583959	0.995915	0.634820	0.636478	0.995912	0.749608	0.751938	0.995884	0.816104	0.818890	0.995849	0.867396	0.870628	0.995739	0.905427	0.910990	0.993301	0.920310	0.936001	0.982110	0.919156	0.949490	0.966411	0.920351	0.967199	0.950002	0.912901	0.973972	0.935729	0.904165	0.978518	0.922476	0.894396	0.982085	0.909231	0.881298	0.984978	0.893305	0.851003	0.990786	0.857792	0.835557	0.992743	0.840692
POS	00967	0.2274	37269277	z	V	0.458680	0.458680	1.000000	0.510162	0.510162	1.000000	0.621641	0.621641	1.000000	0.687710	0.687710	1.000000	0.739706	0.739706	1.000000	0.781616	0.781616	1.000000	0.817154	0.817154	1.000000	0.845815	0.846058	0.999661	0.871292	0.874184	0.996217	0.887636	0.893354	0.992840	0.899871	0.909139	0.988798	0.910714	0.923992	0.984466	0.916003	0.937381	0.975707	0.920017	0.963911	0.952838	0.914599	0.972924	0.938486
PSF	00967	0.2274	37269277	z	V	0.458282	0.458835	0.997377	0.509649	0.510333	0.997376	0.620827	0.621845	0.997368	0.686678	0.687929	0.997359	0.738480	0.739933	0.997347	0.780215	0.781846	0.997334	0.815593	0.817384	0.997321	0.844098	0.846276	0.996960	0.869413	0.874387	0.993500	0.885618	0.893531	0.990098	0.897710	0.909280	0.986025	0.908404	0.924090	0.981657	0.913499	0.937403	0.972843	0.917268	0.963845	0.949954	0.911864	0.972870	0.935657
POS	00967	0.2274	37269277	z	g	0.526331	0.526331	1.000000	0.573669	0.573669	1.000000	0.677755	0.677755	1.000000	0.738127	0.738127	1.000000	0.784849	0.784849	1.000000	0.823250	0.823250	1.000000	0.855463	0.855476	0.999982	0.880269	0.881040	0.999007	0.905688	0.909583	0.995295	0.918227	0.925930	0.991021	0.925395	0.938262	0.985397	0.930030	0.949078	0.978876	0.927721	0.957573	0.967489	0.916193	0.973861	0.939291	0.906963	0.979740	0.924298
PSF	00967	0.2274	37269277	z	g	0.525456	0.526547	0.996071	0.572607	0.573904	0.996069	0.676210	0.678024	0.996058	0.736250	0.738410	0.996043	0.782685	0.785136	0.996026	0.820822	0.823534	0.996005	0.852771	0.855738	0.995950	0.877330	0.881269	0.994931	0.902451	0.909762	0.991173	0.914770	0.926054	0.986854	0.921759	0.938334	0.981197	0.926251	0.949107	0.974660	0.923881	0.957584	0.963303	0.912323	0.973866	0.935220	0.903066	0.979720	0.920269
thin2	00967	0.2274	37269277	x	V	0.473901	0.473901	1.000000	0.520140	0.520140	1.000000	0.607319	0.607319	1.000000	0.769962	0.769962	1.000000	0.848333	0.848393	0.999916	0.900904	0.903055	0.997362	0.922932	0.948576	0.971542	0.913143	0.967163	0.942360	0.900364	0.976306	0.920477
thin2	00967	0.2274	37269277	x	g	0.548223	0.548223	1.000000	0.590459	0.590459	1.000000	0.672587	0.672587	1.000000	0.820803	0.820804	0.999998	0.890166	0.891017	0.998928	0.918877	0.930665	0.986403	0.920868	0.964606	0.953071	0.904336	0.977021	0.923989	0.889969	0.983522	0.903440
thin2	00967	0.2274	37269277	y	V	0.485557	0.485557	1.000000	0.532933	0.532933	1.000000	0.622256	0.622256	1.000000	0.788899	0.788899	1.000000	0.869226	0.869276	0.999934	0.916701	0.921968	0.993807	0.925758	0.961628	0.961268	0.906564	0.975510	0.927677	0.888522	0.981780	0.903418
thin2	00967	0.2274	37269277	y	g	0.560447	0.560447	1.000000	0.603625	0.603625	1.000000	0.687584	0.687584	1.000000	0.839107	0.839107	1.000000	0.907982	0.909829	0.997769	0.925210	0.944107	0.978824	0.918169	0.973935	0.941299	0.895567	0.983162	0.909517	0.876914	0.987176	0.887018
thin2	00967	0.2274	37269277	z	V	0.436170	0.436170	1.000000	0.478728	0.478728	1.000000	0.558965	0.558965	1.000000	0.708659	0.708659	1.000000	0.780911	0.780911	1.000000	0.833354	0.833354	1.000000	0.887234	0.892589	0.993283	0.913556	0.928379	0.982822	0.921015	0.947475	0.970570
thin2	00967	0.2274	37269277	z	g	0.505592	0.505592	1.000000	0.544543	0.544543	1.000000	0.620284	0.620284	1.000000	0.756977	0.756977	1.000000	0.822611	0.822611	1.000000	0.870048	0.870084	0.999953	0.918181	0.925466	0.991500	0.930622	0.952095	0.976339	0.925956	0.963471	0.959646
thin4	00967	0.2274	37269277	x	V	0.447385	0.447385	1.000000	0.493236	0.493236	1.000000	0.564947	0.564947	1.000000	0.679347	0.679347	1.000000	0.769087	0.769087	1.000000	0.833075	0.833090	0.999979	0.897950	0.900866	0.996408	0.923712	0.943368	0.977940	0.920984	0.955133	0.962630
thin4	00967	0.2274	37269277	x	g	0.523559	0.523559	1.000000	0.566253	0.566253	1.000000	0.633505	0.633505	1.000000	0.738463	0.738463	1.000000	0.820063	0.820064	0.999998	0.877478	0.877772	0.999618	0.917695	0.929441	0.986416	0.923979	0.961139	0.959837	0.916241	0.968923	0.943982
thin4	00967	0.2274	37269277	y	V	0.458428	0.458428	1.000000	0.505410	0.505410	1.000000	0.578891	0.578891	1.000000	0.696115	0.696115	1.000000	0.788070	0.788070	1.000000	0.853646	0.853657	0.999985	0.916712	0.921359	0.994528	0.928483	0.957359	0.968537	0.921464	0.967137	0.951249
thin4	00967	0.2274	37269277	y	g	0.535261	0.535261	1.000000	0.578909	0.578909	1.000000	0.647664	0.647664	1.000000	0.754969	0.754969	1.000000	0.838394	0.838394	1.000000	0.896483	0.897074	0.999265	0.925904	0.943882	0.979843	0.922096	0.970857	0.948345	0.912386	0.977737	0.931743
thin4	00967	0.2274	37269277	z	V	0.411889	0.411889	1.000000	0.454101	0.454101	1.000000	0.520122	0.520122	1.000000	0.625446	0.625446	1.000000	0.708065	0.708065	1.000000	0.767006	0.767006	1.000000	0.832060	0.832205	0.999791	0.879990	0.883791	0.995136	0.896972	0.904781	0.990470
thin4	00967	0.2274	37269277	z	g	0.483004	0.483004	1.000000	0.522391	0.522391	1.000000	0.584434	0.584434	1.000000	0.681262	0.681262	1.000000	0.756543	0.756543	1.000000	0.810090	0.810090	1.000000	0.868053	0.868611	0.999260	0.912838	0.918065	0.993801	0.924467	0.935250	0.987681
thin8	00967	0.2274	37269277	x	V	0.407974	0.407974	1.000000	0.468500	0.468500	1.000000	0.528211	0.528211	1.000000	0.611266	0.611266	1.000000	0.677596	0.677596	1.000000	0.752537	0.752537	1.000000	0.831098	0.831106	0.999988	0.886021	0.886962	0.998804	0.909822	0.915968	0.992678
thin8	00967	0.2274	37269277	x	g	0.484261	0.484261	1.000000	0.543108	0.543108	1.000000	0.597738	0.597738	1.000000	0.676173	0.676173	1.000000	0.736441	0.736441	1.000000	0.805120	0.805120	1.000000	0.875291	0.875506	0.999719	0.914947	0.920833	0.993061	0.919271	0.938350	0.978361
thin8	00967	0.2274	37269277	y	V	0.418062	0.418062	1.000000	0.480084	0.480084	1.000000	0.541272	0.541272	1.000000	0.626380	0.626380	1.000000	0.694350	0.694350	1.000000	0.771145	0.771145	1.000000	0.851644	0.851654	0.999986	0.904855	0.907290	0.997043	0.924698	0.934711	0.988548
thin8	00967	0.2274	37269277	y	g	0.494975	0.494975	1.000000	0.555124	0.555124	1.000000	0.610962	0.610962	1.000000	0.691132	0.691132	1.000000	0.752734	0.752734	1.000000	0.822932	0.822932	1.000000	0.893938	0.894499	0.999299	0.925212	0.936059	0.987631	0.923593	0.950831	0.969917
thin8	00967	0.2274	37269277	z	V	0.375668	0.375668	1.000000	0.431400	0.431400	1.000000	0.486383	0.486383	1.000000	0.562861	0.562861	1.000000	0.623938	0.623938	1.000000	0.692945	0.692945	1.000000	0.765301	0.765301	1.000000	0.817702	0.817702	1.000000	0.849137	0.849375	0.999670
thin8	00967	0.2274	37269277	z	g	0.446721	0.446721	1.000000	0.501007	0.501007	1.000000	0.551402	0.551402	1.000000	0.623756	0.623756	1.000000	0.679353	0.679353	1.000000	0.742707	0.742707	1.000000	0.807864	0.807864	1.000000	0.855347	0.855365	0.999975	0.882883	0.883761	0.998877
POS	00967	0.2274	47503519	x	V	0.830212	0.830212	1.000000	0.873054	0.873054	1.000000	0.929841	0.929841	1.000000	0.945820	0.945820	1.000000	0.956764	0.956765	0.999999	0.965177	0.965194	0.999982	0.971057	0.971107	0.999946	0.976653	0.976859	0.999784	0.980151	0.980726	0.999402	0.982573	0.983891	0.998638	0.983378	0.986361	0.996934	0.983812	0.988666	0.995035	0.986055	0.992681	0.993277	0.984487	0.996135	0.988262	0.982333	0.997366	0.984887
PSF	00967	0.2274	47503519	x	V	0.828232	0.830405	0.996850	0.870851	0.873256	0.996848	0.927314	0.930048	0.996840	0.943193	0.946026	0.996835	0.954050	0.956962	0.996821	0.962360	0.965365	0.996776	0.968159	0.971256	0.996717	0.973601	0.976948	0.996493	0.977013	0.980784	0.996080	0.979381	0.983931	0.995300	0.980147	0.986387	0.993587	0.980557	0.988683	0.991687	0.982724	0.992671	0.989906	0.981168	0.996134	0.984918	0.979021	0.997368	0.981558
POS	00967	0.2274	47503519	x	g	0.866080	0.866080	1.000000	0.901195	0.901195	1.000000	0.946601	0.946601	1.000000	0.959429	0.959429	1.000000	0.968180	0.968191	0.999988	0.975027	0.975106	0.999917	0.979638	0.979802	0.999829	0.983500	0.984243	0.999233	0.985293	0.986845	0.998406	0.986359	0.988953	0.997347	0.986363	0.990629	0.995654	0.985734	0.991983	0.993650	0.986928	0.994936	0.991911	0.984927	0.997359	0.987502	0.982892	0.998217	0.984620
PSF	00967	0.2274	47503519	x	g	0.862902	0.866291	0.995486	0.897742	0.901413	0.995484	0.942763	0.946821	0.995475	0.955468	0.959644	0.995466	0.964111	0.968391	0.995437	0.970841	0.975278	0.995336	0.975353	0.979945	0.995219	0.979062	0.984328	0.994566	0.980785	0.986904	0.993717	0.981816	0.989003	0.992653	0.981785	0.990665	0.990953	0.981142	0.992013	0.988953	0.982232	0.994923	0.987180	0.980234	0.997349	0.982795	0.978208	0.998208	0.979929
POS	00967	0.2274	47503519	y	V	0.841401	0.841401	1.000000	0.884821	0.884821	1.000000	0.942373	0.942373	1.000000	0.958568	0.958568	1.000000	0.969660	0.969661	0.999999	0.978186	0.978203	0.999982	0.983827	0.984036	0.999784	0.986986	0.988602	0.998347	0.987531	0.991013	0.996455	0.986907	0.992672	0.994150	0.985000	0.993798	0.991092	0.982234	0.994501	0.987598	0.977493	0.994980	0.982338	0.972747	0.996813	0.975782	0.969322	0.997377	0.971800
PSF	00967	0.2274	47503519	y	V	0.839183	0.841534	0.996681	0.882355	0.884958	0.996678	0.939554	0.942512	0.996671	0.955639	0.958704	0.996666	0.966647	0.969792	0.996657	0.975027	0.978288	0.996592	0.980549	0.984080	0.996353	0.983577	0.988593	0.994868	0.984088	0.990993	0.992970	0.983465	0.992653	0.990676	0.981549	0.993773	0.987623	0.978806	0.994485	0.984148	0.974093	0.994971	0.978913	0.969363	0.996806	0.972384	0.965952	0.997372	0.968417
POS	00967	0.2274	47503519	y	g	0.874240	0.874240	1.000000	0.909686	0.909686	1.000000	0.955519	0.955519	1.000000	0.968464	0.968466	0.999997	0.977304	0.977314	0.999989	0.984085	0.984228	0.999852	0.988077	0.988636	0.999428	0.990085	0.992171	0.997881	0.989826	0.993759	0.996018	0.988873	0.994866	0.993945	0.986991	0.995602	0.991313	0.984594	0.996071	0.988433	0.980617	0.996402	0.984102	0.976461	0.997723	0.978642	0.973520	0.998106	0.975322
PSF	00967	0.2274	47503519	y	g	0.870808	0.874398	0.995308	0.905957	0.909846	0.995304	0.951382	0.955680	0.995295	0.964195	0.968620	0.995284	0.972924	0.977454	0.995260	0.979512	0.984303	0.995055	0.983386	0.988671	0.994594	0.985274	0.992159	0.993006	0.985004	0.993744	0.991150	0.984044	0.994847	0.989085	0.982164	0.995582	0.986463	0.979789	0.996058	0.983604	0.975838	0.996393	0.979298	0.971698	0.997714	0.973866	0.968773	0.998099	0.970564
POS	00967	0.2274	47503519	z	V	0.831921	0.831921	1.000000	0.874851	0.874851	1.000000	0.931755	0.931755	1.000000	0.947767	0.947767	1.000000	0.958719	0.958727	0.999991	0.967098	0.967147	0.999947	0.972896	0.973025	0.999863	0.978322	0.978697	0.999608	0.981098	0.982205	0.998853	0.982624	0.984923	0.997631	0.983009	0.987184	0.995716	0.981901	0.988710	0.993036	0.983268	0.992286	0.990842	0.979837	0.994785	0.984896	0.977381	0.995854	0.981374
PSF	00967	0.2274	47503519	z	V	0.829934	0.832109	0.996860	0.872639	0.875047	0.996857	0.929215	0.931954	0.996847	0.945117	0.947960	0.996837	0.955959	0.958899	0.996803	0.964240	0.967296	0.996735	0.969938	0.973142	0.996617	0.975262	0.978781	0.996328	0.977982	0.982270	0.995556	0.979457	0.984969	0.994319	0.979787	0.987207	0.992387	0.978667	0.988727	0.989710	0.979974	0.992281	0.987502	0.976545	0.994780	0.981575	0.974096	0.995850	0.978067
POS	00967	0.2274	47503519	z	g	0.867987	0.867987	1.000000	0.903180	0.903180	1.000000	0.948685	0.948685	1.000000	0.961542	0.961542	1.000000	0.970232	0.970282	0.999946	0.977024	0.977177	0.999839	0.981447	0.981784	0.999651	0.984849	0.986000	0.998817	0.986184	0.988375	0.997757	0.986406	0.990062	0.996271	0.985677	0.991369	0.994208	0.984148	0.992269	0.991752	0.984594	0.994846	0.989642	0.980951	0.996428	0.984412	0.978686	0.997162	0.981419
PSF	00967	0.2274	47503519	z	g	0.864769	0.868153	0.995512	0.899682	0.903349	0.995509	0.944796	0.948851	0.995497	0.957519	0.961697	0.995483	0.966077	0.970409	0.995400	0.972752	0.977276	0.995264	0.977056	0.981843	0.995035	0.980384	0.986039	0.994185	0.981678	0.988402	0.993118	0.981867	0.990077	0.991626	0.981122	0.991377	0.989566	0.979598	0.992278	0.987123	0.979987	0.994833	0.985001	0.976365	0.996421	0.979801	0.974107	0.997155	0.976822
thin2	00967	0.2274	47503519	x	V	0.796860	0.796860	1.000000	0.851147	0.851147	1.000000	0.907348	0.907348	1.000000	0.950932	0.950932	1.000000	0.965097	0.965111	0.999985	0.974383	0.974463	0.999915	0.982380	0.983574	0.998766	0.983658	0.989174	0.994363	0.985919	0.993948	0.991874
thin2	00967	0.2274	47503519	x	g	0.837529	0.837529	1.000000	0.883556	0.883556	1.000000	0.928560	0.928560	1.000000	0.963562	0.963562	1.000000	0.974969	0.975052	0.999913	0.982482	0.982733	0.999740	0.986335	0.988761	0.997519	0.985487	0.992327	0.993054	0.986480	0.995782	0.990620
thin2	00967	0.2274	47503519	y	V	0.807566	0.807566	1.000000	0.862583	0.862583	1.000000	0.919539	0.919539	1.000000	0.963708	0.963708	1.000000	0.978042	0.978067	0.999973	0.986635	0.987134	0.999488	0.986926	0.992437	0.994405	0.981524	0.994712	0.986673	0.975750	0.995408	0.980162
thin2	00967	0.2274	47503519	y	g	0.845389	0.845389	1.000000	0.891849	0.891849	1.000000	0.937276	0.937276	1.000000	0.972596	0.972601	0.999995	0.984008	0.984147	0.999856	0.990136	0.991170	0.998947	0.988909	0.994684	0.994164	0.983982	0.996215	0.987675	0.979116	0.996693	0.982307
thin2	00967	0.2274	47503519	z	V	0.798479	0.798479	1.000000	0.852878	0.852878	1.000000	0.909193	0.909193	1.000000	0.952861	0.952863	0.999998	0.966995	0.967040	0.999951	0.976136	0.976329	0.999798	0.982526	0.984640	0.997820	0.981444	0.989052	0.992223	0.982481	0.993209	0.989126
thin2	00967	0.2274	47503519	z	g	0.839351	0.839351	1.000000	0.885479	0.885479	1.000000	0.930581	0.930581	1.000000	0.965622	0.965640	0.999981	0.976949	0.977102	0.999840	0.984141	0.984631	0.999495	0.986589	0.989960	0.996560	0.983632	0.992464	0.991035	0.983589	0.995395	0.988085
thin4	00967	0.2274	47503519	x	V	0.753852	0.753852	1.000000	0.824291	0.824291	1.000000	0.879384	0.879384	1.000000	0.931539	0.931539	1.000000	0.949938	0.949938	1.000000	0.962232	0.962239	0.999992	0.973683	0.973772	0.999907	0.981352	0.982269	0.999050	0.983752	0.985813	0.997879
thin4	00967	0.2274	47503519	x	g	0.798333	0.798333	1.000000	0.861277	0.861277	1.000000	0.906476	0.906476	1.000000	0.948054	0.948054	1.000000	0.962762	0.962762	1.000000	0.972708	0.972744	0.999962	0.981625	0.981884	0.999731	0.985885	0.987892	0.997944	0.986902	0.990292	0.996544
thin4	00967	0.2274	47503519	y	V	0.763973	0.763973	1.000000	0.835358	0.835358	1.000000	0.891191	0.891191	1.000000	0.944046	0.944046	1.000000	0.962690	0.962691	0.999999	0.975148	0.975157	0.999991	0.985896	0.986413	0.999468	0.987457	0.991902	0.995482	0.985920	0.993492	0.992329
thin4	00967	0.2274	47503519	y	g	0.805822	0.805822	1.000000	0.869356	0.869356	1.000000	0.914979	0.914979	1.000000	0.956947	0.956947	1.000000	0.971784	0.971788	0.999995	0.981818	0.981862	0.999954	0.989318	0.990334	0.998964	0.989520	0.994341	0.995124	0.987871	0.995413	0.992388
thin4	00967	0.2274	47503519	z	V	0.755372	0.755372	1.000000	0.825953	0.825953	1.000000	0.881158	0.881158	1.000000	0.933418	0.933418	1.000000	0.951853	0.951854	1.000000	0.964124	0.964155	0.999966	0.975428	0.975625	0.999793	0.982120	0.983639	0.998430	0.983233	0.986538	0.996604
thin4	00967	0.2274	47503519	z	g	0.800072	0.800072	1.000000	0.863152	0.863152	1.000000	0.908450	0.908450	1.000000	0.950119	0.950119	1.000000	0.964858	0.964858	1.000000	0.974691	0.974794	0.999891	0.983264	0.983771	0.999476	0.986538	0.989292	0.997187	0.986309	0.991067	0.995156
thin8	00967	0.2274	47503519	x	V	0.685659	0.685659	1.000000	0.787889	0.787889	1.000000	0.857726	0.857726	1.000000	0.909148	0.909148	1.000000	0.930913	0.930913	1.000000	0.946582	0.946582	1.000000	0.961772	0.961779	0.999993	0.971722	0.971783	0.999936	0.976868	0.977154	0.999700
thin8	00967	0.2274	47503519	x	g	0.730426	0.730426	1.000000	0.829175	0.829175	1.000000	0.889053	0.889053	1.000000	0.929966	0.929966	1.000000	0.947534	0.947534	1.000000	0.960009	0.960009	1.000000	0.972325	0.972352	0.999971	0.980112	0.980302	0.999802	0.983414	0.984274	0.999112
thin8	00967	0.2274	47503519	y	V	0.694896	0.694896	1.000000	0.798503	0.798503	1.000000	0.869281	0.869281	1.000000	0.921396	0.921396	1.000000	0.943454	0.943454	1.000000	0.959334	0.959334	1.000000	0.974725	0.974733	0.999992	0.984291	0.984612	0.999669	0.986730	0.988660	0.998026
thin8	00967	0.2274	47503519	y	g	0.737319	0.737319	1.000000	0.836999	0.836999	1.000000	0.897442	0.897442	1.000000	0.938741	0.938741	1.000000	0.956475	0.956475	1.000000	0.969065	0.969067	0.999998	0.981474	0.981514	0.999958	0.988312	0.989026	0.999270	0.989637	0.992029	0.997570
thin8	00967	0.2274	47503519	z	V	0.687071	0.687071	1.000000	0.789512	0.789512	1.000000	0.859493	0.859493	1.000000	0.911021	0.911021	1.000000	0.932831	0.932831	1.000000	0.948532	0.948532	1.000000	0.963693	0.963729	0.999962	0.973546	0.973695	0.999844	0.978494	0.978972	0.999501
thin8	00967	0.2274	47503519	z	g	0.732045	0.732045	1.000000	0.831013	0.831013	1.000000	0.891023	0.891023	1.000000	0.932027	0.932027	1.000000	0.949634	0.949634	1.000000	0.962137	0.962137	1.000000	0.974299	0.974415	0.999877	0.981841	0.982251	0.999575	0.984667	0.985989	0.998640
POS	01001	0.1904	11111575	x	V	0.231029	0.231029	1.000000	0.371461	0.371461	1.000000	0.585923	0.585923	1.000000	0.669016	0.669016	1.000000	0.731780	0.731780	1.000000	0.786158	0.786162	0.999993	0.825805	0.835345	0.986359	0.857608	0.873348	0.979417	0.875712	0.902459	0.967263	0.878021	0.920690	0.949864	0.874854	0.933549	0.932952	0.862407	0.942771	0.910049	0.847022	0.950816	0.885834	0.815181	0.967543	0.838100	0.798820	0.977094	0.814065
PSF	01001	0.1904	11111575	x	V	0.231078	0.231274	0.996344	0.371342	0.371850	0.996332	0.585241	0.586516	0.996297	0.668009	0.669680	0.996278	0.730484	0.732493	0.996259	0.784455	0.786844	0.996145	0.822878	0.835530	0.981931	0.853747	0.873171	0.974606	0.871379	0.902129	0.962355	0.873782	0.920457	0.945150	0.870646	0.933352	0.928362	0.858299	0.942618	0.905616	0.842984	0.950680	0.881536	0.811318	0.967458	0.834079	0.794996	0.977004	0.810155
POS	01001	0.1904	11111575	x	g	0.228689	0.228689	1.000000	0.371595	0.371595	1.000000	0.604032	0.604032	1.000000	0.696246	0.696246	1.000000	0.762409	0.762409	1.000000	0.819276	0.819488	0.999685	0.843435	0.861500	0.975741	0.863907	0.894508	0.961910	0.869611	0.917880	0.942976	0.863731	0.932315	0.921516	0.855643	0.942945	0.902361	0.839674	0.950780	0.877832	0.820695	0.957447	0.851763	0.783736	0.971335	0.802292	0.765256	0.979624	0.777633
PSF	01001	0.1904	11111575	x	g	0.228652	0.228927	0.994773	0.371246	0.371974	0.994753	0.602674	0.604615	0.994700	0.694307	0.696899	0.994672	0.759941	0.763081	0.994615	0.815539	0.819748	0.993743	0.838433	0.861258	0.969360	0.858192	0.894028	0.955377	0.863926	0.917502	0.936688	0.858223	0.932059	0.915496	0.850172	0.942711	0.896489	0.834240	0.950528	0.872106	0.815371	0.957206	0.846218	0.778701	0.971165	0.797131	0.760402	0.979523	0.772685
POS	01001	0.1904	11111575	y	V	0.241645	0.241645	1.000000	0.388530	0.388530	1.000000	0.612846	0.612846	1.000000	0.699756	0.699756	1.000000	0.765405	0.765405	1.000000	0.822023	0.822144	0.999820	0.861511	0.872757	0.985263	0.879697	0.904491	0.969781	0.879595	0.924650	0.947511	0.873313	0.938818	0.926016	0.864237	0.948787	0.906526	0.848741	0.956543	0.882781	0.830721	0.963201	0.857950	0.792932	0.976273	0.808512	0.770551	0.981566	0.781865
PSF	01001	0.1904	11111575	y	V	0.241608	0.241816	0.996451	0.388261	0.388800	0.996437	0.611888	0.613246	0.996393	0.698413	0.700196	0.996369	0.763719	0.765866	0.996343	0.819674	0.822437	0.995919	0.857865	0.872518	0.980799	0.875797	0.904214	0.965358	0.875837	0.924492	0.943316	0.869562	0.938677	0.921936	0.860504	0.948653	0.902540	0.845101	0.956441	0.878929	0.827148	0.963106	0.854215	0.789526	0.976208	0.805017	0.767267	0.981530	0.778507
POS	01001	0.1904	11111575	y	g	0.239119	0.239119	1.000000	0.388543	0.388543	1.000000	0.631581	0.631581	1.000000	0.728001	0.728001	1.000000	0.797156	0.797168	0.999982	0.852521	0.854644	0.997095	0.872516	0.896127	0.970688	0.875426	0.920665	0.946854	0.865186	0.935968	0.919617	0.852563	0.947043	0.895243	0.839965	0.955312	0.874319	0.821697	0.961888	0.849350	0.801058	0.967529	0.823188	0.760095	0.978534	0.772983	0.737318	0.983422	0.746597
PSF	01001	0.1904	11111575	y	g	0.239057	0.239351	0.994884	0.388131	0.388911	0.994860	0.630047	0.632133	0.994788	0.725820	0.728610	0.994751	0.794262	0.797714	0.994583	0.847839	0.854509	0.990876	0.867074	0.895756	0.964386	0.870007	0.920385	0.940810	0.859856	0.935747	0.913809	0.847348	0.946875	0.889642	0.834775	0.955136	0.868842	0.816592	0.961712	0.844032	0.796092	0.967377	0.818054	0.755414	0.978434	0.768205	0.732792	0.983346	0.742000
POS	01001	0.1904	11111575	z	V	0.260126	0.260126	1.000000	0.418245	0.418245	1.000000	0.659717	0.659717	1.000000	0.753274	0.753274	1.000000	0.823639	0.823777	0.999797	0.876315	0.880456	0.994662	0.876053	0.912245	0.956674	0.870586	0.932681	0.928959	0.857317	0.946492	0.900985	0.843694	0.957030	0.876913	0.830380	0.964794	0.856328	0.812363	0.971067	0.832514	0.792554	0.976476	0.807980	0.748629	0.984617	0.757489	0.724322	0.987747	0.730889
PSF	01001	0.1904	11111575	z	V	0.260064	0.260314	0.996324	0.417892	0.418541	0.996308	0.658514	0.660148	0.996255	0.751596	0.753743	0.996223	0.821205	0.824080	0.995769	0.872159	0.880046	0.989828	0.871863	0.911876	0.952083	0.866524	0.932408	0.924604	0.853390	0.946289	0.896831	0.839904	0.956893	0.872933	0.826647	0.964671	0.852454	0.808726	0.970966	0.828767	0.789003	0.976385	0.804353	0.745300	0.984560	0.754115	0.721103	0.987697	0.727638
POS	01001	0.1904	11111575	z	g	0.257130	0.257130	1.000000	0.417809	0.417809	1.000000	0.679152	0.679152	1.000000	0.782834	0.782834	0.999999	0.852588	0.854723	0.997079	0.885698	0.902605	0.979289	0.868138	0.926034	0.932821	0.854151	0.942336	0.901258	0.835990	0.953672	0.871378	0.819205	0.962555	0.846172	0.803701	0.969117	0.824826	0.784039	0.974665	0.800350	0.762548	0.979441	0.774952	0.717439	0.986391	0.724612	0.692920	0.989052	0.698276
PSF	01001	0.1904	11111575	z	g	0.256982	0.257334	0.994715	0.417197	0.418129	0.994688	0.677116	0.679614	0.994602	0.779908	0.783287	0.994500	0.847574	0.854405	0.990655	0.879765	0.902025	0.972715	0.862643	0.925697	0.926818	0.848829	0.942094	0.895554	0.830799	0.953472	0.865904	0.814131	0.962388	0.840886	0.798751	0.968987	0.819706	0.779195	0.974540	0.795386	0.757836	0.979328	0.770156	0.713043	0.986326	0.720163	0.688668	0.988988	0.693990
thin2	01001	0.1904	11111575	x	V	0.163340	0.163340	1.000000	0.291506	0.291506	1.000000	0.485250	0.485250	1.000000	0.692856	0.692856	1.000000	0.784605	0.784610	0.999992	0.843828	0.856531	0.982728	0.878572	0.919620	0.951651	0.858826	0.946117	0.902993	0.836232	0.957053	0.868835
thin2	01001	0.1904	11111575	x	g	0.160962	0.160962	1.000000	0.289842	0.289842	1.000000	0.490367	0.490367	1.000000	0.721045	0.721045	1.000000	0.817102	0.817351	0.999627	0.855308	0.879810	0.968466	0.864999	0.931516	0.923744	0.834726	0.953317	0.870300	0.807971	0.962593	0.834162
thin2	01001	0.1904	11111575	y	V	0.170904	0.170904	1.000000	0.305007	0.305007	1.000000	0.507723	0.507723	1.000000	0.724944	0.724944	1.000000	0.820537	0.820725	0.999722	0.874137	0.891774	0.977876	0.875019	0.938522	0.928223	0.843133	0.958935	0.874716	0.818564	0.968896	0.840654
thin2	01001	0.1904	11111575	y	g	0.168389	0.168389	1.000000	0.303214	0.303214	1.000000	0.512992	0.512992	1.000000	0.754314	0.754314	1.000000	0.850157	0.852558	0.996699	0.875776	0.910604	0.958155	0.854197	0.946676	0.897374	0.815242	0.963757	0.841026	0.787083	0.972117	0.805262
thin2	01001	0.1904	11111575	z	V	0.183970	0.183970	1.000000	0.328324	0.328324	1.000000	0.546538	0.546538	1.000000	0.780364	0.780364	0.999999	0.874922	0.879025	0.994694	0.873331	0.923836	0.941089	0.846264	0.957247	0.879506	0.805823	0.972835	0.824372	0.777182	0.979866	0.789794
thin2	01001	0.1904	11111575	z	g	0.181116	0.181116	1.000000	0.326133	0.326133	1.000000	0.551766	0.551766	1.000000	0.811164	0.811237	0.999889	0.884088	0.900955	0.979262	0.860202	0.935116	0.914803	0.821582	0.962796	0.848520	0.776846	0.976079	0.791923	0.746286	0.982257	0.756484
thin4	01001	0.1904	11111575	x	V	0.114194	0.114194	1.000000	0.216297	0.216297	1.000000	0.394024	0.394024	1.000000	0.593120	0.593120	1.000000	0.692759	0.692759	1.000000	0.769061	0.769062	0.999999	0.842361	0.855241	0.982436	0.877337	0.910558	0.960075	0.877133	0.931213	0.937902
thin4	01001	0.1904	11111575	x	g	0.112284	0.112284	1.000000	0.214648	0.214648	1.000000	0.395196	0.395196	1.000000	0.611373	0.611373	1.000000	0.721163	0.721163	1.000000	0.800964	0.801123	0.999751	0.853284	0.878139	0.967894	0.867969	0.924316	0.934376	0.859093	0.940949	0.908050
thin4	01001	0.1904	11111575	y	V	0.119458	0.119458	1.000000	0.226269	0.226269	1.000000	0.412189	0.412189	1.000000	0.620463	0.620463	1.000000	0.724696	0.724696	1.000000	0.804306	0.804400	0.999855	0.875690	0.892018	0.979525	0.878546	0.931674	0.939048	0.867077	0.946751	0.911530
thin4	01001	0.1904	11111575	y	g	0.117411	0.117411	1.000000	0.224449	0.224449	1.000000	0.413241	0.413241	1.000000	0.639289	0.639289	1.000000	0.754093	0.754093	1.000000	0.835458	0.836575	0.998404	0.878166	0.911143	0.960417	0.860919	0.941178	0.909875	0.843996	0.953638	0.880108
thin4	01001	0.1904	11111575	z	V	0.128525	0.128525	1.000000	0.243443	0.243443	1.000000	0.443477	0.443477	1.000000	0.667560	0.667560	1.000000	0.779686	0.779694	0.999987	0.861801	0.863552	0.997652	0.876176	0.924563	0.943636	0.852900	0.951662	0.891523	0.834307	0.963103	0.861854
thin4	01001	0.1904	11111575	z	g	0.126212	0.126212	1.000000	0.241274	0.241274	1.000000	0.444218	0.444218	1.000000	0.687211	0.687211	1.000000	0.810145	0.810358	0.999676	0.878616	0.888955	0.986935	0.863418	0.935883	0.917702	0.830707	0.958322	0.861844	0.808395	0.967703	0.830810
thin8	01001	0.1904	11111575	x	V	0.082493	0.082493	1.000000	0.150430	0.150430	1.000000	0.307543	0.307543	1.000000	0.491107	0.491107	1.000000	0.592387	0.592387	1.000000	0.676783	0.676783	1.000000	0.766451	0.766459	0.999986	0.830308	0.840704	0.985325	0.860039	0.878203	0.976516
thin8	01001	0.1904	11111575	x	g	0.079378	0.079378	1.000000	0.147996	0.147996	1.000000	0.306238	0.306238	1.000000	0.495303	0.495303	1.000000	0.610114	0.610114	1.000000	0.703259	0.703259	1.000000	0.797549	0.797650	0.999841	0.844364	0.864613	0.973011	0.862855	0.897203	0.957517
thin8	01001	0.1904	11111575	y	V	0.086269	0.086269	1.000000	0.157315	0.157315	1.000000	0.321620	0.321620	1.000000	0.513587	0.513587	1.000000	0.619503	0.619503	1.000000	0.707761	0.707761	1.000000	0.801289	0.801406	0.999818	0.864228	0.877232	0.983137	0.879064	0.907799	0.965244
thin8	01001	0.1904	11111575	y	g	0.083075	0.083075	1.000000	0.154890	0.154890	1.000000	0.320504	0.320504	1.000000	0.518376	0.518376	1.000000	0.638535	0.638535	1.000000	0.736020	0.736020	1.000000	0.832475	0.833595	0.998388	0.873063	0.899598	0.967320	0.872319	0.922795	0.940994
thin8	01001	0.1904	11111575	z	V	0.092854	0.092854	1.000000	0.169323	0.169323	1.000000	0.346169	0.346169	1.000000	0.552788	0.552788	1.000000	0.666788	0.666788	1.000000	0.761783	0.761783	1.000000	0.858190	0.860289	0.997166	0.876598	0.915737	0.953510	0.868517	0.935336	0.923997
thin8	01001	0.1904	11111575	z	g	0.089300	0.089300	1.000000	0.166496	0.166496	1.000000	0.344518	0.344518	1.000000	0.557217	0.557217	1.000000	0.686379	0.686379	1.000000	0.791138	0.791151	0.999979	0.875679	0.885867	0.987037	0.867531	0.928914	0.929220	0.852201	0.945113	0.896574
POS	01001	0.1904	13408476	x	V	0.538382	0.538382	1.000000	0.644855	0.644855	1.000000	0.775452	0.775452	1.000000	0.811906	0.811906	1.000000	0.845960	0.845960	1.000000	0.876846	0.876920	0.999903	0.907296	0.907632	0.999593	0.933413	0.934548	0.998701	0.948569	0.953768	0.994287	0.951587	0.964206	0.986433	0.949573	0.970500	0.977796	0.946741	0.974947	0.970348	0.942624	0.978187	0.962864	0.928109	0.984582	0.941796	0.919813	0.988124	0.930096
PSF	01001	0.1904	13408476	x	V	0.537591	0.538550	0.996697	0.643675	0.645053	0.996692	0.773675	0.775677	0.996675	0.809935	0.812134	0.996667	0.843795	0.846190	0.996657	0.874478	0.877141	0.996540	0.904691	0.907828	0.996196	0.930318	0.934578	0.995124	0.945018	0.953622	0.990543	0.948011	0.964072	0.982731	0.946059	0.970405	0.974166	0.943248	0.974865	0.966760	0.939155	0.978115	0.959314	0.924725	0.984539	0.938352	0.916466	0.988090	0.926703
POS	01001	0.1904	13408476	x	g	0.579899	0.579899	1.000000	0.680395	0.680395	1.000000	0.804926	0.804926	1.000000	0.839797	0.839797	1.000000	0.872424	0.872424	1.000000	0.901770	0.902006	0.999709	0.930045	0.931098	0.998786	0.948014	0.953389	0.994089	0.951597	0.966319	0.984242	0.947735	0.972916	0.973416	0.942260	0.977164	0.963476	0.937347	0.980295	0.955347	0.931801	0.982559	0.947472	0.915496	0.987420	0.926301	0.906486	0.990300	0.914607
PSF	01001	0.1904	13408476	x	g	0.578455	0.580075	0.995197	0.678364	0.680596	0.995189	0.802003	0.805142	0.995163	0.836586	0.840011	0.995150	0.868929	0.872635	0.995137	0.897977	0.902197	0.994818	0.925674	0.931124	0.993717	0.942951	0.953155	0.988774	0.946499	0.966109	0.979005	0.942746	0.972768	0.968301	0.937343	0.977049	0.958447	0.932483	0.980203	0.950382	0.926982	0.982482	0.942562	0.910784	0.987367	0.921524	0.901826	0.990256	0.909900
POS	01001	0.1904	13408476	y	V	0.567113	0.567113	1.000000	0.679268	0.679268	1.000000	0.816834	0.816834	1.000000	0.855234	0.855234	1.000000	0.891100	0.891102	0.999997	0.922300	0.923023	0.999151	0.936174	0.945981	0.989047	0.934697	0.959338	0.973255	0.928721	0.968070	0.958069	0.923111	0.974242	0.946205	0.916700	0.978304	0.935723	0.911332	0.981435	0.927318	0.905657	0.983822	0.919349	0.890911	0.989999	0.899002	0.880608	0.992276	0.886686
PSF	01001	0.1904	13408476	y	V	0.566262	0.567280	0.996840	0.677995	0.679461	0.996828	0.814904	0.817042	0.996799	0.853085	0.855439	0.996785	0.888683	0.891276	0.996737	0.919137	0.922908	0.995575	0.932797	0.945816	0.985458	0.931417	0.959243	0.969796	0.925483	0.968001	0.954691	0.919895	0.974184	0.942880	0.913513	0.978257	0.932445	0.908171	0.981397	0.924079	0.902520	0.983790	0.916144	0.887830	0.989981	0.895880	0.877548	0.992253	0.883602
POS	01001	0.1904	13408476	y	g	0.613162	0.613162	1.000000	0.719422	0.719422	1.000000	0.851096	0.851096	1.000000	0.887966	0.887966	1.000000	0.921336	0.921877	0.999363	0.938357	0.945940	0.991529	0.935987	0.960022	0.973949	0.927443	0.969125	0.955681	0.917948	0.975456	0.939651	0.910041	0.979972	0.927287	0.902477	0.983074	0.916721	0.896191	0.985413	0.908240	0.889941	0.987213	0.900318	0.874023	0.992067	0.880174	0.863352	0.993786	0.868038
PSF	01001	0.1904	13408476	y	g	0.611612	0.613364	0.995350	0.717227	0.719647	0.995332	0.847905	0.851323	0.995286	0.884442	0.888182	0.995262	0.916916	0.921779	0.994280	0.933462	0.945693	0.986334	0.931199	0.959858	0.968933	0.922767	0.969019	0.950818	0.913324	0.975368	0.934887	0.905449	0.979890	0.922593	0.897931	0.983004	0.912092	0.891692	0.985357	0.903666	0.885466	0.987157	0.895785	0.869625	0.992021	0.875751	0.859021	0.993752	0.863686
POS	01001	0.1904	13408476	z	V	0.542420	0.542420	1.000000	0.649691	0.649691	1.000000	0.781268	0.781268	1.000000	0.817995	0.817995	1.000000	0.852305	0.852305	1.000000	0.883347	0.883458	0.999858	0.913374	0.914060	0.999179	0.934077	0.938281	0.995226	0.942773	0.954260	0.987394	0.944576	0.964115	0.978996	0.943906	0.971136	0.971152	0.941042	0.975577	0.963746	0.938215	0.979515	0.956993	0.924916	0.986590	0.936691	0.914527	0.988964	0.923956
PSF	01001	0.1904	13408476	z	V	0.541617	0.542596	0.996680	0.648490	0.649897	0.996672	0.779453	0.781499	0.996652	0.815981	0.818230	0.996643	0.850088	0.852539	0.996630	0.880910	0.883675	0.996461	0.910452	0.914124	0.995608	0.930637	0.938153	0.991465	0.939246	0.954130	0.983663	0.941050	0.964006	0.975320	0.940406	0.971052	0.967530	0.937556	0.975503	0.960162	0.934745	0.979450	0.953444	0.921499	0.986541	0.933232	0.911145	0.988916	0.920546
POS	01001	0.1904	13408476	z	g	0.582687	0.582687	1.000000	0.683666	0.683666	1.000000	0.808796	0.808796	1.000000	0.843834	0.843834	1.000000	0.876617	0.876617	0.999999	0.905989	0.906282	0.999643	0.929780	0.933119	0.996166	0.940403	0.951678	0.987558	0.941910	0.963543	0.976719	0.939816	0.971054	0.966904	0.936979	0.976695	0.958407	0.932795	0.980213	0.950697	0.928918	0.983384	0.943730	0.914115	0.989089	0.923427	0.903272	0.990925	0.910807
PSF	01001	0.1904	13408476	z	g	0.581291	0.582918	0.995220	0.681685	0.683929	0.995208	0.805924	0.809083	0.995178	0.840674	0.844122	0.995165	0.873154	0.876894	0.995139	0.902037	0.906440	0.994644	0.925049	0.932994	0.990878	0.935478	0.951526	0.982290	0.937010	0.963437	0.971558	0.934958	0.970984	0.961831	0.932076	0.976607	0.953361	0.927913	0.980133	0.945700	0.924055	0.983311	0.938777	0.909338	0.989035	0.918599	0.898553	0.990876	0.906049
thin2	01001	0.1904	13408476	x	V	0.480290	0.480290	1.000000	0.583924	0.583924	1.000000	0.723111	0.723111	1.000000	0.825074	0.825074	1.000000	0.875811	0.875830	0.999975	0.922666	0.923380	0.999163	0.951408	0.963719	0.986751	0.944712	0.976028	0.967152	0.936180	0.980315	0.954116
thin2	01001	0.1904	13408476	x	g	0.523503	0.523503	1.000000	0.622917	0.622917	1.000000	0.754499	0.754499	1.000000	0.852404	0.852404	1.000000	0.900832	0.900994	0.999801	0.941579	0.944622	0.996590	0.947861	0.972606	0.973860	0.934862	0.981063	0.952042	0.924842	0.984173	0.938805
thin2	01001	0.1904	13408476	y	V	0.505921	0.505921	1.000000	0.615086	0.615086	1.000000	0.761701	0.761701	1.000000	0.869106	0.869106	1.000000	0.920861	0.921692	0.999023	0.936556	0.954410	0.980418	0.923548	0.974073	0.946823	0.909059	0.982379	0.924128	0.900690	0.986746	0.911720
thin2	01001	0.1904	13408476	y	g	0.553553	0.553553	1.000000	0.658673	0.658673	1.000000	0.797809	0.797809	1.000000	0.901322	0.901327	0.999993	0.937858	0.945139	0.991853	0.931601	0.965681	0.963501	0.910818	0.980041	0.928033	0.893710	0.986174	0.905050	0.884306	0.989521	0.892666
thin2	01001	0.1904	13408476	z	V	0.483868	0.483868	1.000000	0.588274	0.588274	1.000000	0.728498	0.728498	1.000000	0.831220	0.831220	1.000000	0.882195	0.882280	0.999891	0.926475	0.928670	0.997456	0.943673	0.963220	0.978948	0.940101	0.977216	0.961169	0.933246	0.982421	0.949095
thin2	01001	0.1904	13408476	z	g	0.525960	0.525960	1.000000	0.625840	0.625840	1.000000	0.758040	0.758040	1.000000	0.856404	0.856404	1.000000	0.904754	0.905062	0.999624	0.937091	0.944450	0.991754	0.939131	0.970257	0.966969	0.931351	0.981487	0.948005	0.923446	0.985762	0.935929
thin4	01001	0.1904	13408476	x	V	0.411335	0.411335	1.000000	0.527370	0.527370	1.000000	0.662580	0.662580	1.000000	0.779746	0.779746	1.000000	0.824987	0.824987	1.000000	0.866588	0.866588	1.000000	0.921003	0.921657	0.999230	0.950703	0.959322	0.990638	0.950060	0.968565	0.980287
thin4	01001	0.1904	13408476	x	g	0.448753	0.448753	1.000000	0.570580	0.570580	1.000000	0.697936	0.697936	1.000000	0.809519	0.809519	1.000000	0.852672	0.852672	1.000000	0.892473	0.892486	0.999984	0.940471	0.943268	0.996856	0.950177	0.969923	0.979024	0.943877	0.975884	0.966419
thin4	01001	0.1904	13408476	y	V	0.433403	0.433403	1.000000	0.555664	0.555664	1.000000	0.698128	0.698128	1.000000	0.821579	0.821579	1.000000	0.869248	0.869248	1.000000	0.912548	0.912802	0.999695	0.936683	0.953692	0.981315	0.925813	0.971257	0.951894	0.919400	0.977671	0.939120
thin4	01001	0.1904	13408476	y	g	0.474492	0.474492	1.000000	0.603306	0.603306	1.000000	0.737967	0.737967	1.000000	0.855949	0.855949	1.000000	0.901526	0.901550	0.999970	0.934786	0.939088	0.995123	0.932458	0.965298	0.964799	0.914150	0.977848	0.933482	0.905684	0.982688	0.920369
thin4	01001	0.1904	13408476	z	V	0.414465	0.414465	1.000000	0.531383	0.531383	1.000000	0.667622	0.667622	1.000000	0.785679	0.785679	1.000000	0.831265	0.831265	1.000000	0.873147	0.873163	0.999979	0.925304	0.927265	0.997719	0.943585	0.959204	0.983036	0.943481	0.968763	0.973084
thin4	01001	0.1904	13408476	z	g	0.450894	0.450894	1.000000	0.573302	0.573302	1.000000	0.701265	0.701265	1.000000	0.813380	0.813380	1.000000	0.856739	0.856739	1.000000	0.896530	0.896638	0.999867	0.936784	0.943542	0.992411	0.940815	0.967290	0.971731	0.937197	0.974648	0.960614
thin8	01001	0.1904	13408476	x	V	0.325264	0.325264	1.000000	0.467583	0.467583	1.000000	0.599174	0.599174	1.000000	0.727701	0.727701	1.000000	0.778763	0.778763	1.000000	0.816265	0.816265	1.000000	0.866050	0.866050	1.000000	0.909831	0.910076	0.999704	0.936178	0.937977	0.997955
thin8	01001	0.1904	13408476	x	g	0.347594	0.347594	1.000000	0.510038	0.510038	1.000000	0.637038	0.637038	1.000000	0.758341	0.758341	1.000000	0.808324	0.808324	1.000000	0.844163	0.844163	1.000000	0.891905	0.891905	1.000000	0.932167	0.933337	0.998657	0.948364	0.955561	0.992122
thin8	01001	0.1904	13408476	y	V	0.342806	0.342806	1.000000	0.492799	0.492799	1.000000	0.631487	0.631487	1.000000	0.766945	0.766945	1.000000	0.820761	0.820761	1.000000	0.860286	0.860286	1.000000	0.912159	0.912444	0.999658	0.935805	0.947230	0.987274	0.933581	0.961105	0.970238
thin8	01001	0.1904	13408476	y	g	0.367546	0.367546	1.000000	0.539315	0.539315	1.000000	0.673605	0.673605	1.000000	0.801872	0.801872	1.000000	0.854723	0.854723	1.000000	0.892609	0.892614	0.999994	0.934859	0.938842	0.995483	0.935755	0.961126	0.972565	0.925907	0.970391	0.952826
thin8	01001	0.1904	13408476	z	V	0.327703	0.327703	1.000000	0.471089	0.471089	1.000000	0.603667	0.603667	1.000000	0.733158	0.733158	1.000000	0.784602	0.784602	1.000000	0.822386	0.822386	1.000000	0.872543	0.872543	0.999999	0.915155	0.916119	0.998852	0.934498	0.940511	0.993204
thin8	01001	0.1904	13408476	z	g	0.349215	0.349215	1.000000	0.512416	0.512416	1.000000	0.640009	0.640009	1.000000	0.761878	0.761878	1.000000	0.812093	0.812093	1.000000	0.848100	0.848100	1.000000	0.895867	0.895960	0.999884	0.930046	0.934337	0.995087	0.939441	0.953100	0.984974
POS	01001	0.1904	17649871	x	V	0.388770	0.388770	1.000000	0.531058	0.531058	1.000000	0.714241	0.714241	1.000000	0.789592	0.789592	1.000000	0.851753	0.852553	0.998899	0.888249	0.891368	0.996077	0.906826	0.916360	0.988656	0.909893	0.930817	0.975890	0.897668	0.940018	0.952211	0.860923	0.945729	0.905667	0.827093	0.950328	0.864465	0.800296	0.953106	0.833100	0.778413	0.955468	0.807717	0.729812	0.961715	0.751650	0.709216	0.964180	0.728408
PSF	01001	0.1904	17649871	x	V	0.388459	0.389088	0.995860	0.530312	0.531487	0.995848	0.712666	0.714801	0.995826	0.787579	0.790198	0.995809	0.849019	0.853025	0.994500	0.884213	0.891309	0.991076	0.901897	0.915930	0.983296	0.904890	0.930387	0.970605	0.892955	0.939730	0.947202	0.856507	0.945515	0.900975	0.822895	0.950153	0.860023	0.796272	0.952964	0.828848	0.774507	0.955337	0.803605	0.726158	0.961606	0.747841	0.705665	0.964077	0.724721
POS	01001	0.1904	17649871	x	g	0.386703	0.386703	1.000000	0.529766	0.529766	1.000000	0.716542	0.716542	1.000000	0.795465	0.795465	1.000000	0.861788	0.863614	0.997552	0.889388	0.898651	0.988543	0.896834	0.918567	0.974296	0.892806	0.929874	0.957258	0.876375	0.937440	0.930813	0.835343	0.942128	0.880525	0.798476	0.946020	0.836592	0.769766	0.948341	0.803456	0.746420	0.950307	0.776737	0.693821	0.955885	0.716772	0.672156	0.958189	0.692466
PSF	01001	0.1904	17649871	x	g	0.386317	0.387203	0.994114	0.528780	0.530444	0.994103	0.714388	0.717442	0.994078	0.792621	0.796418	0.994021	0.856882	0.863851	0.990673	0.882835	0.898212	0.980977	0.889926	0.918029	0.966745	0.886169	0.929505	0.950019	0.870010	0.937183	0.923887	0.829341	0.941930	0.874029	0.792736	0.945837	0.830434	0.764284	0.948205	0.797581	0.741121	0.950193	0.771076	0.688897	0.955796	0.711568	0.667380	0.958104	0.687441
POS	01001	0.1904	17649871	y	V	0.386887	0.386887	1.000000	0.528487	0.528487	1.000000	0.710783	0.710783	1.000000	0.785740	0.785753	0.999979	0.847944	0.848594	0.999097	0.882057	0.886036	0.994935	0.899625	0.910405	0.987010	0.906770	0.926946	0.976559	0.902641	0.940488	0.957321	0.877383	0.952998	0.917067	0.852201	0.963454	0.880669	0.830356	0.970152	0.852125	0.811585	0.975378	0.828559	0.762993	0.983835	0.772679	0.742009	0.987043	0.749307
PSF	01001	0.1904	17649871	y	V	0.386647	0.387244	0.996026	0.527849	0.528967	0.996012	0.709360	0.711401	0.995973	0.783748	0.786333	0.995823	0.844807	0.848804	0.994457	0.877982	0.885902	0.989920	0.895235	0.910202	0.981963	0.902428	0.926826	0.971656	0.898178	0.940322	0.952471	0.872897	0.952776	0.912370	0.847827	0.963246	0.876172	0.826127	0.969978	0.847805	0.807479	0.975233	0.824385	0.759161	0.983728	0.768816	0.738309	0.986962	0.745581
POS	01001	0.1904	17649871	y	g	0.391433	0.391433	1.000000	0.536244	0.536244	1.000000	0.725305	0.725305	1.000000	0.804814	0.804983	0.999739	0.869839	0.872854	0.996044	0.895319	0.907065	0.985743	0.904322	0.928070	0.972483	0.905123	0.942252	0.958281	0.893434	0.952889	0.934722	0.856539	0.961041	0.887350	0.823156	0.968303	0.845951	0.796660	0.973183	0.814541	0.775058	0.977381	0.789214	0.720892	0.984389	0.729228	0.698478	0.987241	0.704841
PSF	01001	0.1904	17649871	y	g	0.390981	0.391860	0.994293	0.535164	0.536819	0.994271	0.722986	0.726041	0.994215	0.801242	0.805449	0.993523	0.864371	0.872690	0.989092	0.889108	0.906696	0.978649	0.897974	0.927726	0.965519	0.898752	0.941942	0.951459	0.887158	0.952620	0.928110	0.850515	0.960793	0.881095	0.817412	0.968106	0.840034	0.791143	0.973030	0.808881	0.769716	0.977259	0.783755	0.715963	0.984319	0.724223	0.693723	0.987195	0.700021
POS	01001	0.1904	17649871	z	V	0.404653	0.404653	1.000000	0.552755	0.552755	1.000000	0.743422	0.743422	1.000000	0.821714	0.821776	0.999908	0.874477	0.880955	0.991662	0.902840	0.916410	0.983864	0.914382	0.938436	0.972732	0.913968	0.951604	0.958522	0.903746	0.962508	0.936722	0.867807	0.969599	0.892080	0.834684	0.975515	0.852545	0.809072	0.979787	0.822805	0.787091	0.982714	0.798141	0.735699	0.988341	0.742139	0.714273	0.990724	0.719082
PSF	01001	0.1904	17649871	z	V	0.404451	0.405107	0.996010	0.552135	0.553365	0.995991	0.741928	0.744189	0.995921	0.819341	0.822371	0.995523	0.870797	0.881095	0.986755	0.898286	0.916237	0.978656	0.909539	0.938192	0.967513	0.909164	0.951410	0.953433	0.899044	0.962367	0.931803	0.863333	0.969501	0.887435	0.830390	0.975437	0.848124	0.804902	0.979715	0.818544	0.783037	0.982651	0.794014	0.731943	0.988317	0.738331	0.710606	0.990688	0.715384
POS	01001	0.1904	17649871	z	g	0.409107	0.409107	1.000000	0.560457	0.560457	1.000000	0.758031	0.758041	0.999983	0.839903	0.840655	0.998936	0.890452	0.902433	0.985309	0.904122	0.931477	0.968540	0.902879	0.947737	0.950188	0.895519	0.957952	0.932160	0.879602	0.966581	0.907191	0.839095	0.972711	0.859324	0.801947	0.977458	0.817058	0.774107	0.981193	0.785766	0.750596	0.983736	0.760028	0.695414	0.988869	0.700900	0.672459	0.990680	0.676740
PSF	01001	0.1904	17649871	z	g	0.408633	0.409593	0.994297	0.559300	0.561109	0.994271	0.755348	0.758773	0.994059	0.835222	0.840756	0.992180	0.883914	0.901895	0.977942	0.897282	0.930915	0.961294	0.896241	0.947330	0.943242	0.889080	0.957658	0.925459	0.873350	0.966357	0.900737	0.833185	0.972539	0.853259	0.796343	0.977332	0.811328	0.768712	0.981088	0.780274	0.745361	0.983636	0.754720	0.690578	0.988796	0.696024	0.667808	0.990634	0.672051
thin2	01001	0.1904	17649871	x	V	0.302423	0.302423	1.000000	0.453650	0.453650	1.000000	0.622781	0.622781	1.000000	0.812089	0.812089	1.000000	0.887636	0.890375	0.996547	0.910340	0.925593	0.982220	0.866330	0.945214	0.912132	0.790810	0.953882	0.822248	0.760712	0.957334	0.787408
thin2	01001	0.1904	17649871	x	g	0.300206	0.300206	1.000000	0.451410	0.451410	1.000000	0.622421	0.622421	1.000000	0.819054	0.819114	0.999910	0.889521	0.897917	0.989598	0.895316	0.925345	0.965022	0.841180	0.941240	0.887801	0.759397	0.948645	0.791955	0.727560	0.951646	0.755489
thin2	01001	0.1904	17649871	y	V	0.301063	0.301063	1.000000	0.451610	0.451610	1.000000	0.619982	0.619982	1.000000	0.808251	0.808335	0.999872	0.881927	0.885450	0.995510	0.905060	0.920762	0.981506	0.881364	0.951750	0.922587	0.822640	0.972592	0.842163	0.795453	0.979263	0.809082
thin2	01001	0.1904	17649871	y	g	0.304119	0.304119	1.000000	0.457294	0.457294	1.000000	0.630534	0.630534	1.000000	0.828179	0.828943	0.998888	0.895352	0.906609	0.986322	0.906536	0.937370	0.964985	0.862413	0.960397	0.894214	0.787317	0.975036	0.803514	0.756937	0.980591	0.768451
thin2	01001	0.1904	17649871	z	V	0.314889	0.314889	1.000000	0.472350	0.472350	1.000000	0.648454	0.648454	1.000000	0.844789	0.845144	0.999503	0.902084	0.915461	0.984060	0.915623	0.946964	0.965114	0.873360	0.969223	0.898272	0.799876	0.981209	0.812319	0.768975	0.984999	0.778088
thin2	01001	0.1904	17649871	z	g	0.317734	0.317734	1.000000	0.477767	0.477767	1.000000	0.658763	0.658763	1.000000	0.862361	0.864518	0.997116	0.903627	0.930545	0.968981	0.900261	0.954558	0.940571	0.845808	0.972411	0.866604	0.764276	0.982396	0.774888	0.731602	0.985773	0.739409
thin4	01001	0.1904	17649871	x	V	0.217073	0.217073	1.000000	0.370785	0.370785	1.000000	0.550412	0.550412	1.000000	0.720994	0.720994	1.000000	0.812700	0.812700	1.000000	0.876221	0.878295	0.997313	0.908409	0.924916	0.980732	0.892785	0.942204	0.944510	0.838127	0.948742	0.877879
thin4	01001	0.1904	17649871	x	g	0.215062	0.215062	1.000000	0.368026	0.368026	1.000000	0.548347	0.548347	1.000000	0.722235	0.722235	1.000000	0.820886	0.820895	0.999988	0.880610	0.886713	0.992244	0.893724	0.924690	0.963884	0.869802	0.938567	0.922311	0.809672	0.943921	0.850588
thin4	01001	0.1904	17649871	y	V	0.216033	0.216033	1.000000	0.369007	0.369007	1.000000	0.547774	0.547774	1.000000	0.717538	0.717538	1.000000	0.808531	0.808653	0.999813	0.871461	0.873779	0.996965	0.905113	0.921007	0.981290	0.901541	0.944796	0.951671	0.862549	0.961185	0.893677
thin4	01001	0.1904	17649871	y	g	0.217958	0.217958	1.000000	0.372982	0.372982	1.000000	0.555730	0.555730	1.000000	0.731960	0.731960	1.000000	0.830271	0.831036	0.998893	0.888699	0.896688	0.990075	0.905490	0.937217	0.963962	0.889902	0.956495	0.927441	0.835224	0.966952	0.859766
thin4	01001	0.1904	17649871	z	V	0.226044	0.226044	1.000000	0.386107	0.386107	1.000000	0.573158	0.573158	1.000000	0.750789	0.750789	1.000000	0.845587	0.845907	0.999553	0.895356	0.905606	0.987516	0.915058	0.947074	0.964373	0.899667	0.965551	0.929503	0.846624	0.974426	0.865863
thin4	01001	0.1904	17649871	z	g	0.227725	0.227725	1.000000	0.389696	0.389696	1.000000	0.580634	0.580634	1.000000	0.764708	0.764730	0.999961	0.864644	0.866775	0.997165	0.901832	0.922900	0.975312	0.899239	0.954438	0.939571	0.874053	0.968959	0.899231	0.814850	0.976584	0.831088
thin8	01001	0.1904	17649871	x	V	0.143483	0.143483	1.000000	0.283172	0.283172	1.000000	0.475909	0.475909	1.000000	0.632503	0.632503	1.000000	0.723151	0.723151	1.000000	0.799272	0.799272	1.000000	0.871671	0.873487	0.997621	0.908359	0.919851	0.986433	0.908639	0.933699	0.971310
thin8	01001	0.1904	17649871	x	g	0.142276	0.142276	1.000000	0.281355	0.281355	1.000000	0.474313	0.474313	1.000000	0.632973	0.632973	1.000000	0.725988	0.725988	1.000000	0.805667	0.805667	1.000000	0.876257	0.881175	0.993671	0.898381	0.922850	0.971332	0.891838	0.933686	0.952149
thin8	01001	0.1904	17649871	y	V	0.142512	0.142512	1.000000	0.281255	0.281255	1.000000	0.472687	0.472687	1.000000	0.628221	0.628221	1.000000	0.718254	0.718254	1.000000	0.793721	0.793783	0.999902	0.865040	0.867174	0.997162	0.900110	0.912464	0.985182	0.906138	0.929257	0.973278
thin8	01001	0.1904	17649871	y	g	0.143628	0.143628	1.000000	0.284028	0.284028	1.000000	0.478820	0.478820	1.000000	0.638987	0.638987	1.000000	0.732875	0.732880	0.999992	0.812059	0.812625	0.999143	0.878933	0.886548	0.990322	0.904511	0.930443	0.970108	0.903059	0.944280	0.953890
thin8	01001	0.1904	17649871	z	V	0.149100	0.149100	1.000000	0.294257	0.294257	1.000000	0.494539	0.494539	1.000000	0.657264	0.657264	1.000000	0.751454	0.751456	0.999996	0.830085	0.830301	0.999687	0.889913	0.899299	0.988408	0.914476	0.940523	0.970606	0.912319	0.953629	0.954671
thin8	01001	0.1904	17649871	z	g	0.149944	0.149944	1.000000	0.296519	0.296519	1.000000	0.499876	0.499876	1.000000	0.667087	0.667087	1.000000	0.764918	0.765003	0.999854	0.846085	0.847461	0.998084	0.894403	0.913372	0.977307	0.902914	0.949593	0.948368	0.893982	0.959817	0.928742
POS	01001	0.1904	17978184	x	V	0.608596	0.608596	1.000000	0.765884	0.765884	1.000000	0.877690	0.877690	1.000000	0.920690	0.920702	0.999986	0.942311	0.942710	0.999552	0.958572	0.960118	0.998323	0.965527	0.968591	0.996734	0.969928	0.975390	0.994260	0.972414	0.980418	0.991675	0.973143	0.983703	0.989089	0.971572	0.986064	0.985099	0.969967	0.987865	0.981664	0.967871	0.989824	0.977598	0.961524	0.993545	0.967568	0.945182	0.994991	0.949702
PSF	01001	0.1904	17978184	x	V	0.607717	0.608943	0.996696	0.764357	0.766309	0.996680	0.875583	0.878160	0.996660	0.918265	0.921151	0.996599	0.939318	0.942942	0.995925	0.955033	0.960132	0.994470	0.961838	0.968557	0.992839	0.966182	0.975349	0.990367	0.968615	0.980364	0.987779	0.969358	0.983664	0.985219	0.967794	0.986030	0.981249	0.966201	0.987837	0.977834	0.964112	0.989800	0.973787	0.957793	0.993530	0.963805	0.941518	0.994980	0.946012
POS	01001	0.1904	17978184	x	g	0.629829	0.629829	1.000000	0.788612	0.788612	1.000000	0.898352	0.898352	1.000000	0.938828	0.938888	0.999931	0.950433	0.954937	0.995062	0.961742	0.969113	0.992154	0.965323	0.975434	0.989376	0.967027	0.980466	0.986023	0.967450	0.984122	0.982790	0.967043	0.986606	0.979909	0.964851	0.988404	0.975897	0.962822	0.989784	0.972486	0.960345	0.991354	0.968457	0.954196	0.994840	0.958942	0.939007	0.996024	0.942540
PSF	01001	0.1904	17978184	x	g	0.628235	0.630131	0.995233	0.785984	0.788970	0.995207	0.894835	0.898733	0.995177	0.934814	0.939206	0.995023	0.946025	0.955121	0.990034	0.956834	0.969104	0.986940	0.960336	0.975410	0.984163	0.961988	0.980433	0.980818	0.962388	0.984088	0.977601	0.961982	0.986577	0.974740	0.959798	0.988378	0.970753	0.957776	0.989760	0.967362	0.955309	0.991332	0.963356	0.949183	0.994822	0.953896	0.934077	0.996011	0.937585
POS	01001	0.1904	17978184	y	V	0.608855	0.608855	1.000000	0.766210	0.766210	1.000000	0.878064	0.878064	1.000000	0.921106	0.921107	1.000000	0.943509	0.943521	0.999986	0.961799	0.961967	0.999819	0.971178	0.971671	0.999478	0.977831	0.979615	0.998141	0.982295	0.985652	0.996544	0.984055	0.989473	0.994467	0.982839	0.992042	0.990649	0.981384	0.993946	0.987286	0.977976	0.995263	0.982550	0.967757	0.997034	0.970552	0.949664	0.997628	0.951813
PSF	01001	0.1904	17978184	y	V	0.607727	0.609080	0.996358	0.764335	0.766483	0.996346	0.875517	0.878356	0.996321	0.918188	0.921360	0.996264	0.940339	0.943728	0.996195	0.958353	0.962103	0.995950	0.967513	0.971732	0.995532	0.973959	0.979599	0.994123	0.978276	0.985583	0.992479	0.980029	0.989411	0.990417	0.978822	0.991987	0.986622	0.977388	0.993902	0.983284	0.974013	0.995231	0.978580	0.963857	0.997017	0.966644	0.945843	0.997616	0.947985
POS	01001	0.1904	17978184	y	g	0.624859	0.624859	1.000000	0.782390	0.782390	1.000000	0.891264	0.891264	1.000000	0.931540	0.931542	0.999998	0.951994	0.952047	0.999941	0.968186	0.968621	0.999536	0.976090	0.977097	0.998945	0.981136	0.983802	0.997246	0.983937	0.988657	0.995171	0.984662	0.991721	0.992823	0.982808	0.993721	0.988950	0.980890	0.995184	0.985568	0.977283	0.996205	0.980936	0.966958	0.997580	0.969231	0.950160	0.998028	0.951948
PSF	01001	0.1904	17978184	y	g	0.623139	0.625143	0.994882	0.779581	0.782731	0.994864	0.887513	0.891624	0.994832	0.927268	0.931836	0.994741	0.947363	0.952264	0.994597	0.963175	0.968731	0.994081	0.970835	0.977127	0.993411	0.975684	0.983764	0.991653	0.978377	0.988586	0.989556	0.979098	0.991658	0.987230	0.977265	0.993668	0.983389	0.975372	0.995143	0.980037	0.971795	0.996171	0.975438	0.961547	0.997560	0.963813	0.944850	0.998013	0.946631
POS	01001	0.1904	17978184	z	V	0.603752	0.603752	1.000000	0.759788	0.759788	1.000000	0.870705	0.870705	1.000000	0.913291	0.913337	0.999945	0.934726	0.935161	0.999503	0.951827	0.952925	0.998792	0.959341	0.961637	0.997517	0.963396	0.968213	0.994862	0.966329	0.973431	0.992507	0.967762	0.977046	0.990277	0.969685	0.981170	0.988073	0.969535	0.983699	0.985366	0.968575	0.986225	0.981858	0.964985	0.991352	0.973177	0.950203	0.993638	0.956019
PSF	01001	0.1904	17978184	z	V	0.603107	0.604229	0.996933	0.758577	0.760367	0.996905	0.868953	0.871333	0.996865	0.910953	0.913798	0.996594	0.931875	0.935431	0.995938	0.948400	0.952960	0.994980	0.955686	0.961586	0.993620	0.959685	0.968154	0.990967	0.962621	0.973389	0.988639	0.964029	0.977001	0.986415	0.965923	0.981121	0.984216	0.965787	0.983662	0.981532	0.964816	0.986186	0.978034	0.961239	0.991322	0.969397	0.946516	0.993613	0.952311
POS	01001	0.1904	17978184	z	g	0.621367	0.621367	1.000000	0.778018	0.778018	1.000000	0.886283	0.886283	1.000000	0.926013	0.926170	0.999818	0.945025	0.945879	0.999045	0.959094	0.961327	0.997584	0.963822	0.968161	0.995372	0.965822	0.973282	0.992127	0.967396	0.977480	0.989449	0.968053	0.980476	0.987081	0.969106	0.983922	0.984700	0.968508	0.986026	0.981986	0.967245	0.988213	0.978535	0.962925	0.992639	0.969850	0.949051	0.994577	0.953988
PSF	01001	0.1904	17978184	z	g	0.620296	0.621980	0.995654	0.776094	0.778755	0.995616	0.883558	0.887063	0.995548	0.922417	0.926679	0.995039	0.940742	0.946128	0.993985	0.954111	0.961290	0.992233	0.958752	0.968110	0.990018	0.960739	0.973243	0.986803	0.962320	0.977460	0.984159	0.962936	0.980445	0.981792	0.963947	0.983881	0.979414	0.963359	0.985994	0.976724	0.962093	0.988182	0.973292	0.957776	0.992609	0.964655	0.943977	0.994553	0.948883
thin2	01001	0.1904	17978184	x	V	0.470563	0.470563	1.000000	0.691864	0.691864	1.000000	0.831698	0.831698	1.000000	0.931935	0.932004	0.999920	0.958457	0.960002	0.998324	0.967876	0.972164	0.995463	0.973149	0.983449	0.989352	0.969728	0.989187	0.980117	0.966565	0.991694	0.974454
thin2	01001	0.1904	17978184	x	g	0.483914	0.483914	1.000000	0.714851	0.714851	1.000000	0.853308	0.853308	1.000000	0.943118	0.946161	0.996602	0.961516	0.968902	0.992134	0.966135	0.977970	0.987628	0.967105	0.986334	0.980240	0.962784	0.991327	0.970963	0.959262	0.993361	0.965452
thin2	01001	0.1904	17978184	y	V	0.470819	0.470819	1.000000	0.692239	0.692239	1.000000	0.832149	0.832149	1.000000	0.932581	0.932583	0.999998	0.961757	0.961942	0.999800	0.975545	0.976325	0.999181	0.984048	0.989268	0.994667	0.979460	0.994473	0.984821	0.974317	0.995995	0.978149
thin2	01001	0.1904	17978184	y	g	0.480171	0.480171	1.000000	0.709322	0.709322	1.000000	0.846708	0.846708	1.000000	0.942016	0.942030	0.999985	0.968132	0.968574	0.999529	0.979528	0.981029	0.998440	0.984759	0.991544	0.993099	0.978466	0.995583	0.982733	0.973223	0.996762	0.976309
thin2	01001	0.1904	17978184	z	V	0.466836	0.466836	1.000000	0.686384	0.686384	1.000000	0.825110	0.825110	1.000000	0.924296	0.924488	0.999775	0.951766	0.952853	0.998802	0.962226	0.965479	0.996511	0.967800	0.976829	0.990540	0.968768	0.984756	0.983518	0.967235	0.988080	0.978655
thin2	01001	0.1904	17978184	z	g	0.477462	0.477462	1.000000	0.705321	0.705321	1.000000	0.841932	0.841932	1.000000	0.935853	0.936277	0.999516	0.959087	0.961279	0.997628	0.965665	0.971243	0.994087	0.968047	0.980224	0.987330	0.967185	0.986938	0.979726	0.965331	0.989821	0.975010
thin4	01001	0.1904	17978184	x	V	0.309171	0.309171	1.000000	0.579927	0.579927	1.000000	0.781397	0.781397	1.000000	0.884520	0.884520	1.000000	0.928775	0.928810	0.999959	0.950312	0.951232	0.998983	0.967577	0.971957	0.995365	0.972851	0.981839	0.990679	0.972826	0.985281	0.987173
thin4	01001	0.1904	17978184	x	g	0.306343	0.306343	1.000000	0.599451	0.599451	1.000000	0.803787	0.803787	1.000000	0.904647	0.904648	1.000000	0.946133	0.946284	0.999831	0.955891	0.961783	0.993633	0.966076	0.977885	0.987655	0.967379	0.985120	0.981724	0.966285	0.987746	0.978009
thin4	01001	0.1904	17978184	y	V	0.309363	0.309363	1.000000	0.580287	0.580287	1.000000	0.781882	0.781882	1.000000	0.885070	0.885070	1.000000	0.929419	0.929422	0.999996	0.952663	0.952726	0.999930	0.975514	0.976292	0.999184	0.983103	0.987361	0.995632	0.984305	0.991448	0.992734
thin4	01001	0.1904	17978184	y	g	0.303986	0.303986	1.000000	0.594839	0.594839	1.000000	0.797602	0.797602	1.000000	0.897688	0.897688	1.000000	0.939133	0.939147	0.999984	0.960122	0.960306	0.999800	0.979546	0.981002	0.998486	0.984349	0.989999	0.994236	0.984529	0.993288	0.991122
thin4	01001	0.1904	17978184	z	V	0.306761	0.306761	1.000000	0.575407	0.575407	1.000000	0.775306	0.775306	1.000000	0.877626	0.877626	1.000000	0.921151	0.921371	0.999742	0.943076	0.943902	0.999073	0.962151	0.965446	0.996465	0.966896	0.974985	0.991492	0.968125	0.979035	0.988620
thin4	01001	0.1904	17978184	z	g	0.302280	0.302280	1.000000	0.591499	0.591499	1.000000	0.793124	0.793124	1.000000	0.892645	0.892646	0.999999	0.933000	0.933429	0.999507	0.951824	0.953425	0.998240	0.965412	0.971091	0.993979	0.967643	0.978711	0.988449	0.968075	0.982086	0.985477
thin8	01001	0.1904	17978184	x	V	0.190357	0.190357	1.000000	0.437089	0.437089	1.000000	0.716566	0.716566	1.000000	0.837066	0.837066	1.000000	0.886123	0.886123	1.000000	0.923846	0.923850	0.999994	0.955422	0.956695	0.998609	0.966641	0.970183	0.996237	0.970478	0.976350	0.993841
thin8	01001	0.1904	17978184	x	g	0.182220	0.182220	1.000000	0.447890	0.447890	1.000000	0.739143	0.739143	1.000000	0.859297	0.859297	1.000000	0.906433	0.906433	1.000000	0.941887	0.941917	0.999967	0.959689	0.966436	0.992778	0.965550	0.976497	0.988523	0.966883	0.981008	0.985327
thin8	01001	0.1904	17978184	y	V	0.190443	0.190443	1.000000	0.437285	0.437285	1.000000	0.716887	0.716887	1.000000	0.837441	0.837441	1.000000	0.886520	0.886520	1.000000	0.924270	0.924270	1.000000	0.958231	0.958341	0.999880	0.973057	0.973662	0.999362	0.978636	0.980716	0.997838
thin8	01001	0.1904	17978184	y	g	0.180769	0.180769	1.000000	0.444322	0.444322	1.000000	0.733255	0.733255	1.000000	0.852452	0.852452	1.000000	0.899212	0.899212	1.000000	0.934442	0.934444	0.999998	0.965077	0.965389	0.999666	0.977452	0.978694	0.998703	0.981570	0.984600	0.996875
thin8	01001	0.1904	17978184	z	V	0.188869	0.188869	1.000000	0.433670	0.433670	1.000000	0.710961	0.710961	1.000000	0.830519	0.830519	1.000000	0.879158	0.879174	0.999979	0.916343	0.916481	0.999837	0.948764	0.949626	0.999044	0.960321	0.963216	0.996880	0.963833	0.969175	0.994314
thin8	01001	0.1904	17978184	z	g	0.179787	0.179787	1.000000	0.441909	0.441909	1.000000	0.729272	0.729272	1.000000	0.847822	0.847822	1.000000	0.894250	0.894287	0.999954	0.928725	0.929035	0.999640	0.956766	0.958576	0.998031	0.964418	0.969437	0.994659	0.965992	0.974015	0.991545
POS	01001	0.1904	20283765	x	V	0.842527	0.842527	1.000000	0.905266	0.905266	1.000000	0.944390	0.944390	1.000000	0.955129	0.955129	1.000000	0.964042	0.964042	1.000000	0.972091	0.972091	1.000000	0.979235	0.979281	0.999951	0.984137	0.984553	0.999570	0.987048	0.988271	0.998748	0.988346	0.991058	0.997238	0.987746	0.992939	0.994733	0.986999	0.994636	0.992280	0.985333	0.995705	0.989539	0.980123	0.997224	0.982805	0.977358	0.997776	0.979491
PSF	01001	0.1904	20283765	x	V	0.840096	0.842621	0.996445	0.902445	0.905363	0.996441	0.941308	0.944487	0.996437	0.951970	0.955224	0.996435	0.960818	0.964136	0.996432	0.968806	0.972182	0.996428	0.975817	0.979331	0.996336	0.980556	0.984538	0.995892	0.983402	0.988236	0.995051	0.984686	0.991023	0.993548	0.984097	0.992912	0.991059	0.983351	0.994611	0.988618	0.981697	0.995685	0.985892	0.976519	0.997213	0.979192	0.973764	0.997766	0.975891
POS	01001	0.1904	20283765	x	g	0.866582	0.866582	1.000000	0.926047	0.926047	1.000000	0.959121	0.959121	1.000000	0.967556	0.967556	1.000000	0.974506	0.974506	1.000000	0.980806	0.980810	0.999996	0.985928	0.986200	0.999721	0.988766	0.989849	0.998895	0.990128	0.992296	0.997798	0.990420	0.994147	0.996229	0.989411	0.995340	0.994015	0.988333	0.996406	0.991869	0.986730	0.997084	0.989586	0.982284	0.998082	0.984142	0.979978	0.998449	0.981471
PSF	01001	0.1904	20283765	x	g	0.862896	0.866676	0.994970	0.921821	0.926142	0.994964	0.954575	0.959214	0.994959	0.962923	0.967647	0.994956	0.969800	0.974595	0.994953	0.976015	0.980888	0.994936	0.980958	0.986213	0.994597	0.983690	0.989825	0.993739	0.985028	0.992270	0.992645	0.985312	0.994122	0.991086	0.984314	0.995322	0.988890	0.983243	0.996390	0.986758	0.981652	0.997073	0.984490	0.977229	0.998073	0.979076	0.974935	0.998441	0.976421
POS	01001	0.1904	20283765	y	V	0.846533	0.846533	1.000000	0.909569	0.909569	1.000000	0.948879	0.948879	1.000000	0.959669	0.959669	1.000000	0.968625	0.968625	1.000000	0.976709	0.976711	0.999998	0.983548	0.983765	0.999776	0.986935	0.988288	0.998615	0.987410	0.990791	0.996557	0.986654	0.992551	0.994014	0.985521	0.994169	0.991252	0.983517	0.995230	0.988175	0.981669	0.996206	0.985353	0.976614	0.997801	0.978721	0.973870	0.998362	0.975429
PSF	01001	0.1904	20283765	y	V	0.843993	0.846627	0.996327	0.906624	0.909667	0.996324	0.945661	0.948977	0.996319	0.956372	0.959765	0.996317	0.965259	0.968719	0.996314	0.973265	0.976795	0.996301	0.979900	0.983771	0.996001	0.983179	0.988255	0.994803	0.983650	0.990761	0.992757	0.982907	0.992529	0.990233	0.981784	0.994153	0.987486	0.979790	0.995218	0.984424	0.977946	0.996194	0.981613	0.972908	0.997791	0.975009	0.970176	0.998354	0.971731
POS	01001	0.1904	20283765	y	g	0.869665	0.869665	1.000000	0.929341	0.929341	1.000000	0.962533	0.962533	1.000000	0.970998	0.970998	1.000000	0.977973	0.977973	1.000000	0.984237	0.984270	0.999966	0.988583	0.989280	0.999288	0.989965	0.992206	0.997724	0.989528	0.993754	0.995721	0.988586	0.994986	0.993536	0.987415	0.996100	0.991247	0.985625	0.996805	0.988749	0.983989	0.997466	0.986455	0.979669	0.998525	0.981089	0.977376	0.998897	0.978431
PSF	01001	0.1904	20283765	y	g	0.865816	0.869750	0.994803	0.924932	0.929427	0.994798	0.957790	0.962617	0.994792	0.966165	0.971079	0.994789	0.973062	0.978051	0.994785	0.979183	0.984309	0.994711	0.983338	0.989246	0.993963	0.984706	0.992176	0.992412	0.984283	0.993734	0.990430	0.983347	0.994970	0.988260	0.982179	0.996085	0.985985	0.980397	0.996791	0.983501	0.978765	0.997452	0.981219	0.974469	0.998514	0.975884	0.972189	0.998888	0.973242
POS	01001	0.1904	20283765	z	V	0.849688	0.849688	1.000000	0.912960	0.912960	1.000000	0.952416	0.952416	1.000000	0.963246	0.963246	1.000000	0.972235	0.972235	1.000000	0.980257	0.980305	0.999951	0.985958	0.986799	0.999136	0.987928	0.990621	0.997255	0.987960	0.992910	0.994979	0.986597	0.994371	0.992139	0.984173	0.995337	0.988732	0.981510	0.996065	0.985331	0.978955	0.996679	0.982159	0.973105	0.997858	0.975142	0.970154	0.998307	0.971753
PSF	01001	0.1904	20283765	z	V	0.847212	0.849782	0.996443	0.910082	0.913054	0.996436	0.949268	0.952508	0.996429	0.960020	0.963337	0.996426	0.968936	0.972321	0.996420	0.976809	0.980344	0.996323	0.982288	0.986748	0.995420	0.984253	0.990578	0.993555	0.984297	0.992877	0.991297	0.982945	0.994343	0.988473	0.980532	0.995313	0.985081	0.977885	0.996045	0.981697	0.975343	0.996661	0.978540	0.969523	0.997847	0.971555	0.966587	0.998299	0.968181
POS	01001	0.1904	20283765	z	g	0.872564	0.872564	1.000000	0.932438	0.932438	1.000000	0.965741	0.965741	1.000000	0.974234	0.974234	1.000000	0.981215	0.981224	0.999991	0.986907	0.987243	0.999655	0.989438	0.991351	0.998054	0.989953	0.993849	0.996056	0.989430	0.995359	0.994017	0.987904	0.996299	0.991543	0.985733	0.996908	0.988756	0.983470	0.997372	0.986025	0.981317	0.997768	0.983476	0.976451	0.998542	0.977846	0.974041	0.998850	0.975135
PSF	01001	0.1904	20283765	z	g	0.868798	0.872648	0.994948	0.928114	0.932518	0.994937	0.961084	0.965815	0.994929	0.969488	0.974305	0.994926	0.976370	0.981280	0.994901	0.981837	0.987216	0.994481	0.984311	0.991312	0.992877	0.984832	0.993820	0.990900	0.984315	0.995335	0.988877	0.982800	0.996281	0.986420	0.980642	0.996891	0.983650	0.978393	0.997358	0.980936	0.976252	0.997755	0.978401	0.971416	0.998533	0.972804	0.969019	0.998843	0.970108
thin2	01001	0.1904	20283765	x	V	0.783796	0.783796	1.000000	0.874319	0.874319	1.000000	0.929872	0.929872	1.000000	0.958615	0.958615	1.000000	0.971820	0.971820	1.000000	0.982251	0.982475	0.999767	0.988118	0.990748	0.997320	0.986292	0.995164	0.991042	0.983704	0.996436	0.987177
thin2	01001	0.1904	20283765	x	g	0.807649	0.807649	1.000000	0.897047	0.897047	1.000000	0.947466	0.947466	1.000000	0.970265	0.970265	1.000000	0.980559	0.980562	0.999997	0.987692	0.988425	0.999250	0.990212	0.993841	0.996326	0.987641	0.996751	0.990830	0.985262	0.997560	0.987642
thin2	01001	0.1904	20283765	y	V	0.787521	0.787521	1.000000	0.878474	0.878474	1.000000	0.934292	0.934292	1.000000	0.963172	0.963172	1.000000	0.976434	0.976436	0.999997	0.985956	0.986660	0.999277	0.986402	0.992227	0.994084	0.982673	0.995687	0.986874	0.979932	0.996881	0.982946
thin2	01001	0.1904	20283765	y	g	0.810508	0.810508	1.000000	0.900223	0.900223	1.000000	0.950820	0.950820	1.000000	0.973700	0.973700	1.000000	0.983954	0.983995	0.999958	0.989709	0.991181	0.998501	0.988335	0.994649	0.993618	0.984864	0.997107	0.987687	0.982490	0.997916	0.984509
thin2	01001	0.1904	20283765	z	V	0.790490	0.790490	1.000000	0.881787	0.881787	1.000000	0.937814	0.937814	1.000000	0.966803	0.966803	1.000000	0.980012	0.980066	0.999944	0.987449	0.989261	0.998148	0.986792	0.994293	0.992413	0.980217	0.996313	0.983785	0.976691	0.997103	0.979471
thin2	01001	0.1904	20283765	z	g	0.813245	0.813245	1.000000	0.903263	0.903263	1.000000	0.954031	0.954031	1.000000	0.976986	0.976987	0.999999	0.986698	0.987026	0.999663	0.989973	0.992982	0.996948	0.988150	0.996235	0.991853	0.982386	0.997530	0.984781	0.979420	0.998035	0.981313
thin4	01001	0.1904	20283765	x	V	0.688103	0.688103	1.000000	0.831861	0.831861	1.000000	0.911740	0.911740	1.000000	0.945632	0.945632	1.000000	0.958597	0.958597	1.000000	0.969722	0.969722	1.000000	0.982179	0.982388	0.999783	0.987685	0.989592	0.998053	0.988328	0.992534	0.995731
thin4	01001	0.1904	20283765	x	g	0.708529	0.708529	1.000000	0.855960	0.855960	1.000000	0.932038	0.932038	1.000000	0.960213	0.960213	1.000000	0.970347	0.970347	1.000000	0.979014	0.979017	0.999998	0.987706	0.988406	0.999284	0.990308	0.993199	0.997070	0.989963	0.995070	0.994842
thin4	01001	0.1904	20283765	y	V	0.691357	0.691357	1.000000	0.835794	0.835794	1.000000	0.916051	0.916051	1.000000	0.950103	0.950103	1.000000	0.963129	0.963129	1.000000	0.974307	0.974307	1.000000	0.985783	0.986510	0.999253	0.987210	0.991681	0.995453	0.985585	0.993486	0.991995
thin4	01001	0.1904	20283765	y	g	0.710995	0.710995	1.000000	0.858939	0.858939	1.000000	0.935282	0.935282	1.000000	0.963555	0.963555	1.000000	0.973724	0.973724	1.000000	0.982416	0.982421	0.999995	0.989631	0.991086	0.998519	0.989269	0.994399	0.994812	0.987584	0.995597	0.991916
thin4	01001	0.1904	20283765	z	V	0.693918	0.693918	1.000000	0.838890	0.838890	1.000000	0.919444	0.919444	1.000000	0.953623	0.953623	1.000000	0.966697	0.966697	1.000000	0.977876	0.977896	0.999979	0.987331	0.989106	0.998185	0.987388	0.993605	0.993703	0.985182	0.995122	0.989963
thin4	01001	0.1904	20283765	z	g	0.713334	0.713334	1.000000	0.861765	0.861765	1.000000	0.938359	0.938359	1.000000	0.966725	0.966725	1.000000	0.976927	0.976927	1.000000	0.985364	0.985510	0.999849	0.990005	0.992899	0.997064	0.988820	0.995807	0.992954	0.986696	0.996786	0.989845
thin8	01001	0.1904	20283765	x	V	0.527511	0.527511	1.000000	0.771915	0.771915	1.000000	0.884264	0.884264	1.000000	0.931617	0.931617	1.000000	0.945391	0.945391	1.000000	0.955911	0.955911	1.000000	0.969506	0.969506	1.000000	0.980129	0.980206	0.999920	0.984630	0.985122	0.999493
thin8	01001	0.1904	20283765	x	g	0.534680	0.534680	1.000000	0.796199	0.796199	1.000000	0.906391	0.906391	1.000000	0.949029	0.949029	1.000000	0.959957	0.959957	1.000000	0.968090	0.968090	1.000000	0.978812	0.978813	0.999998	0.986494	0.986851	0.999633	0.989004	0.990208	0.998773
thin8	01001	0.1904	20283765	y	V	0.530024	0.530024	1.000000	0.775592	0.775592	1.000000	0.888475	0.888475	1.000000	0.936054	0.936054	1.000000	0.949894	0.949894	1.000000	0.960464	0.960464	1.000000	0.974114	0.974119	0.999995	0.984222	0.984585	0.999626	0.987016	0.988655	0.998323
thin8	01001	0.1904	20283765	y	g	0.536552	0.536552	1.000000	0.798988	0.798988	1.000000	0.909566	0.909566	1.000000	0.952352	0.952352	1.000000	0.963319	0.963319	1.000000	0.971481	0.971481	1.000000	0.982217	0.982230	0.999987	0.988881	0.989771	0.999092	0.989853	0.992362	0.997453
thin8	01001	0.1904	20283765	z	V	0.532059	0.532059	1.000000	0.778570	0.778570	1.000000	0.891887	0.891887	1.000000	0.939648	0.939648	1.000000	0.953542	0.953542	1.000000	0.964152	0.964152	1.000000	0.977793	0.977828	0.999963	0.986269	0.987494	0.998744	0.987883	0.990982	0.996844
thin8	01001	0.1904	20283765	z	g	0.538412	0.538412	1.000000	0.801757	0.801757	1.000000	0.912718	0.912718	1.000000	0.955653	0.955653	1.000000	0.966657	0.966657	1.000000	0.974847	0.974847	1.000000	0.985362	0.985503	0.999854	0.989647	0.991864	0.997746	0.989934	0.994118	0.995766
POS	01001	0.1904	20679883	x	V	0.762312	0.762312	1.000000	0.832734	0.832734	1.000000	0.903220	0.903220	1.000000	0.926832	0.926832	1.000000	0.946910	0.947026	0.999871	0.961372	0.963065	0.998175	0.963819	0.973018	0.990286	0.962007	0.978790	0.982488	0.958232	0.982379	0.974990	0.954179	0.984996	0.968252	0.950430	0.986941	0.962534	0.946583	0.988444	0.957176	0.942818	0.989561	0.952289	0.931310	0.992504	0.937907	0.925674	0.993724	0.931118
PSF	01001	0.1904	20679883	x	V	0.760162	0.762537	0.995920	0.830136	0.832974	0.995913	0.900124	0.903470	0.995902	0.923555	0.927083	0.995897	0.943300	0.947187	0.995668	0.957103	0.962953	0.993694	0.959450	0.972880	0.985816	0.957760	0.978724	0.978125	0.954017	0.982329	0.970676	0.950011	0.984966	0.963989	0.946302	0.986929	0.958312	0.942464	0.988430	0.952977	0.938721	0.989553	0.948117	0.927265	0.992504	0.933805	0.921653	0.993726	0.927047
POS	01001	0.1904	20679883	x	g	0.777330	0.777330	1.000000	0.845664	0.845664	1.000000	0.915046	0.915046	1.000000	0.938461	0.938462	0.999999	0.956436	0.957529	0.998808	0.963379	0.969720	0.993259	0.960609	0.976993	0.982842	0.956404	0.981518	0.973944	0.950892	0.984182	0.965650	0.945604	0.986129	0.958351	0.941208	0.987722	0.952351	0.936740	0.988881	0.946711	0.932607	0.989792	0.941664	0.920233	0.992220	0.926920	0.914254	0.993242	0.919977
PSF	01001	0.1904	20679883	x	g	0.774090	0.777626	0.994160	0.841790	0.845979	0.994152	0.910463	0.915376	0.994140	0.933571	0.938769	0.994104	0.950746	0.957533	0.992600	0.957442	0.969655	0.987015	0.954774	0.976996	0.976732	0.950572	0.981523	0.967892	0.945144	0.984223	0.959684	0.939901	0.986183	0.952443	0.935534	0.987782	0.946486	0.931091	0.988945	0.940885	0.926971	0.989852	0.935865	0.914661	0.992283	0.921214	0.908719	0.993308	0.914316
POS	01001	0.1904	20679883	y	V	0.762554	0.762554	1.000000	0.832999	0.832999	1.000000	0.903507	0.903507	1.000000	0.927127	0.927127	1.000000	0.947444	0.947447	0.999997	0.964106	0.964610	0.999458	0.968874	0.975764	0.992765	0.969104	0.982613	0.986012	0.966402	0.986796	0.979062	0.962448	0.989504	0.972375	0.958398	0.991326	0.966503	0.954276	0.992715	0.961006	0.950431	0.993818	0.956083	0.937565	0.996107	0.941013	0.931237	0.996980	0.933871
PSF	01001	0.1904	20679883	y	V	0.760347	0.762792	0.995802	0.830333	0.833254	0.995796	0.900331	0.903775	0.995786	0.923767	0.927397	0.995781	0.943869	0.947691	0.995745	0.959861	0.964583	0.994925	0.964321	0.975615	0.988139	0.964613	0.982511	0.981465	0.961949	0.986717	0.974570	0.958053	0.989451	0.967939	0.954055	0.991295	0.962116	0.949951	0.992686	0.956646	0.946124	0.993793	0.951748	0.933319	0.996089	0.936752	0.927018	0.996962	0.929644
POS	01001	0.1904	20679883	y	g	0.776757	0.776757	1.000000	0.845041	0.845041	1.000000	0.914371	0.914371	1.000000	0.937772	0.937772	1.000000	0.957669	0.957814	0.999842	0.969778	0.972635	0.996980	0.968505	0.980712	0.987311	0.965284	0.985790	0.978905	0.960766	0.989027	0.971118	0.955823	0.991207	0.963996	0.951221	0.992735	0.957890	0.946624	0.993867	0.952187	0.942450	0.994794	0.947121	0.928900	0.996686	0.931778	0.922291	0.997402	0.924512
PSF	01001	0.1904	20679883	y	g	0.773398	0.777012	0.994022	0.841032	0.845312	0.994015	0.909630	0.914652	0.994000	0.932753	0.938047	0.993986	0.951978	0.957862	0.993588	0.963392	0.972411	0.990465	0.962261	0.980581	0.980954	0.959159	0.985726	0.972669	0.954693	0.988984	0.964954	0.949769	0.991165	0.957878	0.945186	0.992692	0.951809	0.940626	0.993832	0.946150	0.936484	0.994765	0.941122	0.923029	0.996667	0.925887	0.916468	0.997390	0.918671
POS	01001	0.1904	20679883	z	V	0.756020	0.756020	1.000000	0.825860	0.825860	1.000000	0.895765	0.895765	1.000000	0.919182	0.919182	1.000000	0.939321	0.939325	0.999995	0.956257	0.956552	0.999677	0.966989	0.970658	0.996107	0.969338	0.978530	0.990402	0.968492	0.983630	0.984357	0.966008	0.987081	0.978378	0.963465	0.989682	0.973241	0.960885	0.991883	0.968501	0.958194	0.993605	0.964140	0.946671	0.996666	0.949679	0.940662	0.997745	0.942666
PSF	01001	0.1904	20679883	z	V	0.753936	0.756303	0.995867	0.823340	0.826166	0.995862	0.892758	0.896089	0.995854	0.915999	0.919510	0.995849	0.935928	0.939628	0.995810	0.952328	0.956652	0.995276	0.962537	0.970544	0.991502	0.964855	0.978423	0.985831	0.964062	0.983560	0.979851	0.961603	0.987025	0.973914	0.959114	0.989654	0.968828	0.956534	0.991854	0.964109	0.953849	0.993576	0.959768	0.942385	0.996648	0.945382	0.936409	0.997732	0.938407
POS	01001	0.1904	20679883	z	g	0.771701	0.771701	1.000000	0.839541	0.839541	1.000000	0.908420	0.908420	1.000000	0.931669	0.931669	1.000000	0.951333	0.951527	0.999786	0.964321	0.966732	0.997420	0.967400	0.976964	0.989981	0.965570	0.982719	0.982248	0.962271	0.986565	0.975048	0.958319	0.989254	0.968400	0.954996	0.991454	0.962922	0.951589	0.993225	0.957806	0.948418	0.994700	0.953235	0.935960	0.997233	0.938397	0.929615	0.998125	0.931242
PSF	01001	0.1904	20679883	z	g	0.768443	0.771966	0.994097	0.835652	0.839824	0.994092	0.903830	0.908718	0.994083	0.926806	0.931961	0.994068	0.945913	0.951647	0.993670	0.958206	0.966581	0.991038	0.961223	0.976822	0.983658	0.959453	0.982620	0.976017	0.956202	0.986492	0.968888	0.952300	0.989202	0.962303	0.949007	0.991414	0.956871	0.945625	0.993192	0.951795	0.942464	0.994666	0.947251	0.930093	0.997211	0.932519	0.923787	0.998105	0.925410
thin2	01001	0.1904	20679883	x	V	0.713924	0.713924	1.000000	0.796323	0.796323	1.000000	0.872867	0.872867	1.000000	0.934359	0.934360	1.000000	0.960815	0.962580	0.998095	0.963107	0.976599	0.985858	0.954142	0.985072	0.968140	0.945341	0.988857	0.955520	0.938961	0.990755	0.947260
thin2	01001	0.1904	20679883	x	g	0.730378	0.730378	1.000000	0.810062	0.810062	1.000000	0.884755	0.884755	1.000000	0.945692	0.945773	0.999909	0.963170	0.969367	0.993406	0.958382	0.979741	0.977758	0.945483	0.986115	0.958241	0.935201	0.989089	0.944950	0.928273	0.990674	0.936457
thin2	01001	0.1904	20679883	y	V	0.714175	0.714175	1.000000	0.796602	0.796602	1.000000	0.873174	0.873174	1.000000	0.934688	0.934688	1.000000	0.963716	0.964226	0.999451	0.969204	0.979910	0.988853	0.961857	0.989307	0.971962	0.952826	0.993043	0.959229	0.945963	0.994730	0.950727
thin2	01001	0.1904	20679883	y	g	0.729923	0.729923	1.000000	0.809557	0.809557	1.000000	0.884203	0.884203	1.000000	0.945259	0.945264	0.999995	0.969493	0.972299	0.997032	0.966820	0.983820	0.982442	0.955327	0.991052	0.963639	0.945048	0.994126	0.950355	0.937634	0.995510	0.941616
thin2	01001	0.1904	20679883	z	V	0.708091	0.708091	1.000000	0.789816	0.789816	1.000000	0.865735	0.865735	1.000000	0.926725	0.926725	1.000000	0.955811	0.956165	0.999612	0.968858	0.975578	0.992941	0.966090	0.987260	0.978285	0.960044	0.992561	0.967002	0.954398	0.994916	0.959075
thin2	01001	0.1904	20679883	z	g	0.725247	0.725247	1.000000	0.804371	0.804371	1.000000	0.878540	0.878540	1.000000	0.939201	0.939207	0.999993	0.963971	0.966413	0.997385	0.966575	0.980541	0.985479	0.958556	0.989538	0.968370	0.950608	0.993858	0.956225	0.944216	0.995816	0.947977
thin4	01001	0.1904	20679883	x	V	0.654377	0.654377	1.000000	0.753154	0.753154	1.000000	0.840482	0.840482	1.000000	0.905074	0.905074	1.000000	0.934104	0.934106	0.999998	0.957020	0.957944	0.998993	0.962756	0.976088	0.986012	0.955615	0.983672	0.971017	0.951185	0.986679	0.963559
thin4	01001	0.1904	20679883	x	g	0.672919	0.672919	1.000000	0.768216	0.768216	1.000000	0.853016	0.853016	1.000000	0.916774	0.916774	1.000000	0.945481	0.945568	0.999903	0.961914	0.966074	0.995544	0.958142	0.979351	0.977897	0.947468	0.985074	0.961267	0.941873	0.987457	0.953278
thin4	01001	0.1904	20679883	y	V	0.654603	0.654603	1.000000	0.753415	0.753415	1.000000	0.840773	0.840773	1.000000	0.905387	0.905387	1.000000	0.934432	0.934432	1.000000	0.958931	0.959083	0.999835	0.969770	0.979867	0.989487	0.963945	0.988210	0.975160	0.958843	0.990908	0.967354
thin4	01001	0.1904	20679883	y	g	0.672472	0.672472	1.000000	0.767705	0.767705	1.000000	0.852449	0.852449	1.000000	0.916164	0.916164	1.000000	0.945020	0.945026	0.999994	0.966745	0.968223	0.998423	0.967019	0.983636	0.982830	0.957666	0.990157	0.966870	0.951609	0.992352	0.958640
thin4	01001	0.1904	20679883	z	V	0.649058	0.649058	1.000000	0.747032	0.747032	1.000000	0.833650	0.833650	1.000000	0.897716	0.897716	1.000000	0.926514	0.926515	0.999999	0.950865	0.950987	0.999865	0.969046	0.975366	0.993357	0.967059	0.985612	0.980906	0.963573	0.989138	0.973877
thin4	01001	0.1904	20679883	z	g	0.668093	0.668093	1.000000	0.762706	0.762706	1.000000	0.846898	0.846898	1.000000	0.910198	0.910198	1.000000	0.938842	0.938859	0.999981	0.960713	0.962048	0.998558	0.967106	0.980477	0.986095	0.960149	0.988200	0.971285	0.955329	0.991042	0.963650
thin8	01001	0.1904	20679883	x	V	0.585789	0.585789	1.000000	0.704802	0.704802	1.000000	0.807628	0.807628	1.000000	0.875584	0.875584	1.000000	0.906070	0.906070	1.000000	0.928618	0.928618	1.000000	0.957268	0.958197	0.998988	0.963182	0.974247	0.988346	0.960659	0.979545	0.980326
thin8	01001	0.1904	20679883	x	g	0.606878	0.606878	1.000000	0.721819	0.721819	1.000000	0.821212	0.821212	1.000000	0.887674	0.887674	1.000000	0.917773	0.917773	1.000000	0.940186	0.940189	0.999997	0.961998	0.966254	0.995443	0.960140	0.978339	0.980994	0.954716	0.982123	0.971600
thin8	01001	0.1904	20679883	y	V	0.585861	0.585861	1.000000	0.704889	0.704889	1.000000	0.807728	0.807728	1.000000	0.875692	0.875692	1.000000	0.906181	0.906181	1.000000	0.928732	0.928732	1.000000	0.958794	0.959034	0.999738	0.969437	0.977519	0.991544	0.968604	0.983720	0.984384
thin8	01001	0.1904	20679883	y	g	0.606283	0.606283	1.000000	0.721111	0.721111	1.000000	0.820406	0.820406	1.000000	0.886803	0.886803	1.000000	0.916872	0.916872	1.000000	0.939267	0.939268	0.999999	0.966710	0.968192	0.998420	0.968615	0.982244	0.985878	0.964625	0.986825	0.977211
thin8	01001	0.1904	20679883	z	V	0.580909	0.580909	1.000000	0.698931	0.698931	1.000000	0.800900	0.800900	1.000000	0.868290	0.868290	1.000000	0.898521	0.898521	1.000000	0.920882	0.920882	1.000000	0.950656	0.950910	0.999719	0.967385	0.972370	0.994729	0.968878	0.979705	0.988723
thin8	01001	0.1904	20679883	z	g	0.602374	0.602374	1.000000	0.716462	0.716462	1.000000	0.815118	0.815118	1.000000	0.881086	0.881086	1.000000	0.910962	0.910962	1.000000	0.933207	0.933211	0.999996	0.959918	0.961659	0.998118	0.967183	0.978348	0.988339	0.964481	0.983554	0.980291
POS	01001	0.1904	21272755	x	V	0.758170	0.758170	1.000000	0.806688	0.806688	1.000000	0.865719	0.865719	1.000000	0.887061	0.887061	1.000000	0.913514	0.913515	0.999999	0.930709	0.930734	0.999971	0.945146	0.945474	0.999633	0.953785	0.955377	0.998256	0.961826	0.965928	0.995603	0.968559	0.975865	0.992329	0.969442	0.980586	0.988413	0.968907	0.984391	0.984025	0.967115	0.987111	0.979483	0.956335	0.991596	0.964150	0.948908	0.994132	0.954253
PSF	01001	0.1904	21272755	x	V	0.756420	0.758539	0.996320	0.804678	0.807079	0.996318	0.863363	0.866132	0.996311	0.884569	0.887480	0.996306	0.910825	0.913929	0.996285	0.927804	0.931101	0.996198	0.941903	0.945722	0.995731	0.950342	0.955559	0.994288	0.958238	0.966074	0.991606	0.964680	0.975896	0.988227	0.965506	0.980598	0.984309	0.964963	0.984406	0.979942	0.963167	0.987126	0.975419	0.952440	0.991626	0.960163	0.944973	0.994130	0.950276
POS	01001	0.1904	21272755	x	g	0.788298	0.788298	1.000000	0.828679	0.828679	1.000000	0.878884	0.878884	1.000000	0.897348	0.897348	1.000000	0.925187	0.925192	0.999995	0.940420	0.940632	0.999760	0.952417	0.953661	0.998632	0.958019	0.961416	0.996325	0.964463	0.971107	0.992956	0.968674	0.980075	0.988133	0.968206	0.983772	0.983920	0.967041	0.986907	0.979608	0.964761	0.989048	0.975179	0.953925	0.992571	0.960784	0.946622	0.994983	0.951162
PSF	01001	0.1904	21272755	x	g	0.785421	0.788666	0.994788	0.825476	0.829064	0.994784	0.875243	0.879285	0.994776	0.893534	0.897752	0.994770	0.921021	0.925556	0.994708	0.935839	0.940862	0.994328	0.947456	0.953764	0.993069	0.952936	0.961493	0.990747	0.959186	0.971129	0.987341	0.963251	0.980059	0.982507	0.962822	0.983786	0.978347	0.961648	0.986922	0.974061	0.959369	0.989062	0.969657	0.948584	0.992591	0.955349	0.941269	0.994981	0.945760
POS	01001	0.1904	21272755	y	V	0.769248	0.769248	1.000000	0.818474	0.818474	1.000000	0.878368	0.878368	1.000000	0.900022	0.900022	1.000000	0.926863	0.926864	1.000000	0.944190	0.944273	0.999907	0.957787	0.958694	0.999013	0.964920	0.967920	0.996797	0.964998	0.974511	0.989985	0.960999	0.979023	0.981203	0.958613	0.982088	0.975672	0.955423	0.984527	0.969988	0.952193	0.986492	0.964772	0.941347	0.990878	0.949577	0.932460	0.992560	0.939023
PSF	01001	0.1904	21272755	y	V	0.767342	0.769535	0.996301	0.816294	0.818777	0.996299	0.875821	0.878686	0.996291	0.897331	0.900343	0.996286	0.923968	0.927178	0.996267	0.941039	0.944520	0.996098	0.954223	0.958783	0.995040	0.961131	0.967927	0.992748	0.961176	0.974515	0.985960	0.957183	0.979031	0.977217	0.954802	0.982100	0.971712	0.951624	0.984543	0.966057	0.948371	0.986494	0.960848	0.937539	0.990872	0.945707	0.928694	0.992562	0.935203
POS	01001	0.1904	21272755	y	g	0.801113	0.801113	1.000000	0.842150	0.842150	1.000000	0.893172	0.893172	1.000000	0.911936	0.911936	1.000000	0.940207	0.940222	0.999983	0.955233	0.955682	0.999508	0.965716	0.968062	0.997496	0.969538	0.975008	0.994247	0.966380	0.979902	0.985921	0.960009	0.983500	0.975724	0.956912	0.985856	0.970232	0.953449	0.987800	0.964810	0.949972	0.989305	0.959829	0.939057	0.992726	0.945563	0.929821	0.994026	0.935047
PSF	01001	0.1904	21272755	y	g	0.798108	0.801469	0.994773	0.838806	0.842522	0.994770	0.889372	0.893558	0.994760	0.907956	0.912324	0.994754	0.935844	0.940559	0.994671	0.950418	0.955869	0.994036	0.960492	0.968102	0.991882	0.964170	0.975004	0.988607	0.961036	0.979916	0.980345	0.954642	0.983494	0.970187	0.951545	0.985848	0.964723	0.948082	0.987787	0.959327	0.944621	0.989294	0.954377	0.933761	0.992721	0.940198	0.924590	0.994032	0.929751
POS	01001	0.1904	21272755	z	V	0.781269	0.781269	1.000000	0.831265	0.831265	1.000000	0.892094	0.892094	1.000000	0.914085	0.914086	0.999999	0.941038	0.941189	0.999830	0.956688	0.957876	0.998704	0.964681	0.969570	0.994800	0.965409	0.975624	0.989271	0.961387	0.980193	0.980435	0.959101	0.985670	0.972664	0.954912	0.987832	0.966278	0.950603	0.989710	0.960091	0.946345	0.991148	0.954411	0.933461	0.994457	0.938343	0.924365	0.996017	0.927795
PSF	01001	0.1904	21272755	z	V	0.779553	0.781769	0.996377	0.829282	0.831793	0.996373	0.889752	0.892652	0.996363	0.911599	0.914650	0.996354	0.938214	0.941680	0.996092	0.953348	0.958167	0.994752	0.960950	0.969701	0.990696	0.961715	0.975790	0.985224	0.957677	0.980352	0.976418	0.955187	0.985730	0.968580	0.950959	0.987868	0.962197	0.946645	0.989738	0.956028	0.942389	0.991170	0.950367	0.929458	0.994431	0.934321	0.920413	0.996000	0.923827
POS	01001	0.1904	21272755	z	g	0.814188	0.814188	1.000000	0.855895	0.855895	1.000000	0.907750	0.907750	1.000000	0.926680	0.926747	0.999921	0.953508	0.954521	0.998888	0.962842	0.967216	0.995326	0.965497	0.975732	0.989253	0.963761	0.979904	0.983193	0.957244	0.983103	0.973257	0.955212	0.989023	0.965447	0.950710	0.990663	0.959306	0.946172	0.992050	0.953401	0.941939	0.993157	0.948093	0.929545	0.995770	0.933231	0.920179	0.996972	0.922758
PSF	01001	0.1904	21272755	z	g	0.811414	0.814879	0.994787	0.852786	0.856617	0.994782	0.904183	0.908503	0.994768	0.922893	0.927489	0.994660	0.948902	0.954990	0.993327	0.957862	0.967557	0.989647	0.960265	0.975979	0.983510	0.958550	0.980172	0.977505	0.952051	0.983373	0.967628	0.949607	0.989087	0.959661	0.945076	0.990702	0.953533	0.940561	0.992092	0.947666	0.936317	0.993182	0.942374	0.923895	0.995746	0.927556	0.914587	0.996953	0.917151
thin2	01001	0.1904	21272755	x	V	0.724125	0.724125	1.000000	0.780953	0.780953	1.000000	0.839694	0.839694	1.000000	0.894294	0.894294	1.000000	0.929077	0.929115	0.999956	0.950842	0.951707	0.999045	0.968151	0.975421	0.992360	0.968259	0.985511	0.982242	0.964657	0.989203	0.974922
thin2	01001	0.1904	21272755	x	g	0.759870	0.759870	1.000000	0.807706	0.807706	1.000000	0.857109	0.857109	1.000000	0.904249	0.904249	1.000000	0.938303	0.938525	0.999748	0.956746	0.959085	0.997457	0.967959	0.979563	0.987910	0.965979	0.987832	0.977611	0.961932	0.990822	0.970581
thin2	01001	0.1904	21272755	y	V	0.734424	0.734424	1.000000	0.792060	0.792060	1.000000	0.851636	0.851636	1.000000	0.907013	0.907013	1.000000	0.942160	0.942262	0.999885	0.962207	0.964148	0.997912	0.961816	0.979022	0.982056	0.954331	0.985225	0.968187	0.949058	0.988023	0.960103
thin2	01001	0.1904	21272755	y	g	0.771643	0.771643	1.000000	0.820221	0.820221	1.000000	0.870388	0.870388	1.000000	0.918260	0.918260	1.000000	0.952213	0.952746	0.999412	0.968377	0.972338	0.995812	0.961118	0.983562	0.976808	0.952359	0.988335	0.963185	0.946844	0.990531	0.955492
thin2	01001	0.1904	21272755	z	V	0.745913	0.745913	1.000000	0.804451	0.804451	1.000000	0.864959	0.864959	1.000000	0.921174	0.921188	0.999984	0.954703	0.955880	0.998712	0.965893	0.973453	0.992024	0.959736	0.985579	0.973406	0.949435	0.990385	0.958267	0.942674	0.992414	0.949516
thin2	01001	0.1904	21272755	z	g	0.784150	0.784150	1.000000	0.833516	0.833516	1.000000	0.884496	0.884496	1.000000	0.932671	0.932899	0.999738	0.960092	0.964337	0.995436	0.965141	0.978457	0.986095	0.956182	0.988958	0.966501	0.945124	0.992556	0.951871	0.938543	0.994187	0.943722
thin4	01001	0.1904	21272755	x	V	0.677539	0.677539	1.000000	0.752543	0.752543	1.000000	0.814254	0.814254	1.000000	0.869116	0.869116	1.000000	0.893960	0.893960	1.000000	0.922997	0.923004	0.999992	0.950761	0.951767	0.998890	0.964445	0.970153	0.993936	0.968151	0.978552	0.989140
thin4	01001	0.1904	21272755	x	g	0.718821	0.718821	1.000000	0.784320	0.784320	1.000000	0.835822	0.835822	1.000000	0.882602	0.882602	1.000000	0.904303	0.904303	1.000000	0.933234	0.933307	0.999915	0.956811	0.959301	0.997294	0.967274	0.975733	0.991117	0.969307	0.982933	0.985900
thin4	01001	0.1904	21272755	y	V	0.687096	0.687096	1.000000	0.763158	0.763158	1.000000	0.825738	0.825738	1.000000	0.881374	0.881374	1.000000	0.906568	0.906568	1.000000	0.935993	0.936011	0.999980	0.961979	0.964080	0.997740	0.963955	0.976660	0.986685	0.960454	0.981420	0.978242
thin4	01001	0.1904	21272755	y	g	0.729746	0.729746	1.000000	0.796240	0.796240	1.000000	0.848524	0.848524	1.000000	0.896016	0.896016	1.000000	0.918046	0.918046	1.000000	0.947244	0.947404	0.999822	0.967981	0.972182	0.995556	0.964735	0.981776	0.982326	0.959765	0.985416	0.973595
thin4	01001	0.1904	21272755	z	V	0.697866	0.697866	1.000000	0.775120	0.775120	1.000000	0.838682	0.838682	1.000000	0.895190	0.895190	1.000000	0.920779	0.920779	1.000000	0.949611	0.950142	0.999412	0.965354	0.973240	0.991676	0.961468	0.982980	0.977745	0.955228	0.986371	0.968004
thin4	01001	0.1904	21272755	z	g	0.741499	0.741499	1.000000	0.809064	0.809064	1.000000	0.862190	0.862190	1.000000	0.910446	0.910446	1.000000	0.932586	0.932705	0.999864	0.957389	0.960052	0.997112	0.964705	0.978230	0.985871	0.957627	0.985954	0.970871	0.950988	0.988743	0.961398
thin8	01001	0.1904	21272755	x	V	0.604920	0.604920	1.000000	0.718106	0.718106	1.000000	0.790157	0.790157	1.000000	0.843221	0.843221	1.000000	0.869571	0.869571	1.000000	0.890074	0.890074	1.000000	0.922564	0.922581	0.999979	0.944078	0.944793	0.999199	0.955101	0.957165	0.997747
thin8	01001	0.1904	21272755	x	g	0.650815	0.650815	1.000000	0.755936	0.755936	1.000000	0.816652	0.816652	1.000000	0.861322	0.861322	1.000000	0.883879	0.883879	1.000000	0.901618	0.901618	1.000000	0.931821	0.931965	0.999835	0.950063	0.951947	0.997921	0.959289	0.963348	0.995628
thin8	01001	0.1904	21272755	y	V	0.613622	0.613622	1.000000	0.728437	0.728437	1.000000	0.801525	0.801525	1.000000	0.855352	0.855352	1.000000	0.882081	0.882081	1.000000	0.902879	0.902879	1.000000	0.935784	0.935827	0.999950	0.956877	0.957990	0.998787	0.964428	0.968699	0.995449
thin8	01001	0.1904	21272755	y	g	0.660945	0.660945	1.000000	0.767703	0.767703	1.000000	0.829364	0.829364	1.000000	0.874730	0.874730	1.000000	0.897637	0.897637	1.000000	0.915653	0.915653	1.000000	0.946043	0.946327	0.999683	0.963422	0.966051	0.997183	0.968673	0.975545	0.992781
thin8	01001	0.1904	21272755	z	V	0.623223	0.623223	1.000000	0.739834	0.739834	1.000000	0.814065	0.814065	1.000000	0.868734	0.868734	1.000000	0.895882	0.895882	1.000000	0.917005	0.917005	1.000000	0.949023	0.949750	0.999194	0.962507	0.968222	0.993905	0.966052	0.977010	0.988523
thin8	01001	0.1904	21272755	z	g	0.671425	0.671425	1.000000	0.779876	0.779876	1.000000	0.842514	0.842514	1.000000	0.888600	0.888600	1.000000	0.911870	0.911870	1.000000	0.930077	0.930123	0.999947	0.955565	0.958532	0.996771	0.961870	0.972789	0.988465	0.963796	0.980691	0.982439
POS	01001	0.1904	25235034	x	V	0.685231	0.685231	1.000000	0.806830	0.806830	1.000000	0.920853	0.920853	1.000000	0.944332	0.944332	1.000000	0.960297	0.960297	1.000000	0.969698	0.969714	0.999983	0.977122	0.977175	0.999945	0.983232	0.983536	0.999685	0.986554	0.987686	0.998840	0.988265	0.990477	0.997746	0.988241	0.992219	0.995960	0.988313	0.993530	0.994715	0.987702	0.994753	0.992875	0.984264	0.996827	0.987358	0.982307	0.997511	0.984721
PSF	01001	0.1904	25235034	x	V	0.683869	0.685400	0.996743	0.804885	0.807017	0.996728	0.918248	0.921044	0.996704	0.941576	0.944522	0.996698	0.957432	0.960485	0.996691	0.966744	0.969887	0.996659	0.974075	0.977326	0.996596	0.979978	0.983604	0.996252	0.983151	0.987691	0.995346	0.984795	0.990456	0.994230	0.984773	0.992202	0.992454	0.984839	0.993513	0.991213	0.984232	0.994739	0.989382	0.980806	0.996816	0.983888	0.978859	0.997503	0.981264
POS	01001	0.1904	25235034	x	g	0.679558	0.679558	1.000000	0.809879	0.809879	1.000000	0.931001	0.931001	1.000000	0.954086	0.954086	1.000000	0.968678	0.968678	1.000000	0.976588	0.976617	0.999970	0.982773	0.982873	0.999897	0.987852	0.988303	0.999538	0.990054	0.991386	0.998645	0.990900	0.993322	0.997545	0.990578	0.994557	0.995977	0.990452	0.995470	0.994936	0.989818	0.996324	0.993447	0.986970	0.997770	0.989151	0.985411	0.998254	0.987113
PSF	01001	0.1904	25235034	x	g	0.677651	0.679748	0.995469	0.807093	0.810085	0.995444	0.927219	0.931203	0.995407	0.950094	0.954285	0.995398	0.964539	0.968870	0.995388	0.972340	0.976789	0.995337	0.978396	0.983010	0.995226	0.983258	0.988355	0.994783	0.985305	0.991372	0.993827	0.986123	0.993300	0.992726	0.985800	0.994537	0.991167	0.985675	0.995452	0.990134	0.985043	0.996307	0.988652	0.982211	0.997759	0.984383	0.980663	0.998245	0.982357
POS	01001	0.1904	25235034	y	V	0.685963	0.685963	1.000000	0.807692	0.807692	1.000000	0.921836	0.921836	1.000000	0.945340	0.945340	1.000000	0.961323	0.961323	1.000000	0.970763	0.970764	0.999998	0.978154	0.978213	0.999939	0.984165	0.984528	0.999626	0.986938	0.988404	0.998500	0.988200	0.990971	0.997179	0.988120	0.992686	0.995367	0.987697	0.993749	0.993872	0.986310	0.994578	0.991641	0.982534	0.996477	0.985959	0.980608	0.997175	0.983339
PSF	01001	0.1904	25235034	y	V	0.684562	0.686156	0.996619	0.805693	0.807909	0.996607	0.919170	0.922069	0.996591	0.942517	0.945573	0.996584	0.958389	0.961554	0.996578	0.967753	0.970989	0.996568	0.975029	0.978405	0.996473	0.980836	0.984639	0.996078	0.983435	0.988439	0.994879	0.984642	0.990985	0.993542	0.984514	0.992679	0.991715	0.984083	0.993739	0.990223	0.982697	0.994568	0.988000	0.978933	0.996469	0.982341	0.977016	0.997169	0.979733
POS	01001	0.1904	25235034	y	g	0.679971	0.679971	1.000000	0.810371	0.810371	1.000000	0.931567	0.931567	1.000000	0.954666	0.954666	1.000000	0.969267	0.969267	1.000000	0.977221	0.977231	0.999990	0.983324	0.983448	0.999873	0.988299	0.988827	0.999460	0.990067	0.991693	0.998346	0.990774	0.993560	0.997177	0.990539	0.994840	0.995654	0.990092	0.995591	0.994452	0.988890	0.996158	0.992677	0.985886	0.997523	0.988305	0.984330	0.998007	0.986269
PSF	01001	0.1904	25235034	y	g	0.677997	0.680178	0.995294	0.807494	0.810602	0.995274	0.927683	0.931809	0.995250	0.950563	0.954904	0.995240	0.965019	0.969501	0.995232	0.972874	0.977453	0.995208	0.978831	0.983626	0.995045	0.983608	0.988931	0.994558	0.985217	0.991728	0.993381	0.985870	0.993574	0.992197	0.985581	0.994829	0.990657	0.985131	0.995579	0.989460	0.983937	0.996148	0.987695	0.980943	0.997514	0.983346	0.979397	0.998000	0.981323
POS	01001	0.1904	25235034	z	V	0.687871	0.687871	1.000000	0.809939	0.809939	1.000000	0.924401	0.924401	1.000000	0.947970	0.947970	1.000000	0.963997	0.963997	1.000000	0.973358	0.973411	0.999944	0.980510	0.980750	0.999751	0.986130	0.986878	0.999232	0.988307	0.990462	0.997803	0.989081	0.992789	0.996237	0.989177	0.994599	0.994518	0.988476	0.995525	0.992887	0.986923	0.996275	0.990578	0.981753	0.997470	0.984203	0.979251	0.997874	0.981299
PSF	01001	0.1904	25235034	z	V	0.686462	0.688061	0.996626	0.807928	0.810152	0.996613	0.921707	0.924623	0.996591	0.945119	0.948191	0.996584	0.961026	0.964212	0.996573	0.970288	0.973609	0.996497	0.977285	0.980894	0.996249	0.982727	0.986953	0.995662	0.984803	0.990496	0.994197	0.985541	0.992811	0.992624	0.985570	0.994591	0.990881	0.984876	0.995521	0.989260	0.983319	0.996267	0.986955	0.978167	0.997464	0.980606	0.975676	0.997869	0.977713
POS	01001	0.1904	25235034	z	g	0.681375	0.681375	1.000000	0.812045	0.812045	1.000000	0.933491	0.933491	1.000000	0.956638	0.956638	1.000000	0.971263	0.971266	0.999997	0.979058	0.979157	0.999897	0.984833	0.985215	0.999606	0.989468	0.990431	0.999018	0.990832	0.993099	0.997701	0.991172	0.994785	0.996349	0.991121	0.996161	0.994922	0.990498	0.996825	0.993633	0.989231	0.997360	0.991827	0.985182	0.998199	0.986937	0.983243	0.998487	0.984711
PSF	01001	0.1904	25235034	z	g	0.679371	0.681550	0.995318	0.809132	0.812237	0.995298	0.929547	0.933678	0.995263	0.952473	0.956820	0.995253	0.966939	0.971436	0.995235	0.974615	0.979305	0.995110	0.980248	0.985320	0.994776	0.984730	0.990482	0.994137	0.986004	0.993115	0.992791	0.986328	0.994797	0.991442	0.986219	0.996147	0.989996	0.985603	0.996815	0.988717	0.984332	0.997347	0.986917	0.980313	0.998192	0.982057	0.978385	0.998481	0.979843
thin2	01001	0.1904	25235034	x	V	0.583580	0.583580	1.000000	0.733809	0.733809	1.000000	0.883717	0.883717	1.000000	0.950880	0.950880	1.000000	0.969498	0.969514	0.999983	0.980467	0.980652	0.999808	0.988195	0.990365	0.997788	0.988025	0.993860	0.994093	0.987167	0.995585	0.991508
thin2	01001	0.1904	25235034	x	g	0.568667	0.568667	1.000000	0.729708	0.729708	1.000000	0.893084	0.893084	1.000000	0.960073	0.960073	1.000000	0.976455	0.976482	0.999972	0.985388	0.985648	0.999732	0.990872	0.993218	0.997622	0.990186	0.995692	0.994446	0.989325	0.996898	0.992380
thin2	01001	0.1904	25235034	y	V	0.584243	0.584243	1.000000	0.734642	0.734642	1.000000	0.884720	0.884720	1.000000	0.951959	0.951959	1.000000	0.970630	0.970630	1.000000	0.981489	0.981719	0.999762	0.988081	0.990867	0.997162	0.987349	0.994082	0.993187	0.985690	0.995400	0.990200
thin2	01001	0.1904	25235034	y	g	0.569050	0.569050	1.000000	0.730199	0.730199	1.000000	0.893686	0.893686	1.000000	0.960719	0.960719	1.000000	0.977152	0.977160	0.999992	0.985840	0.986205	0.999624	0.990674	0.993452	0.997185	0.989761	0.995813	0.993897	0.988372	0.996752	0.991566
thin2	01001	0.1904	25235034	z	V	0.585858	0.585858	1.000000	0.736673	0.736673	1.000000	0.887166	0.887166	1.000000	0.954591	0.954591	1.000000	0.973208	0.973260	0.999945	0.983780	0.984220	0.999545	0.989148	0.992771	0.996324	0.988133	0.995854	0.992215	0.985627	0.996747	0.988807
thin2	01001	0.1904	25235034	z	g	0.570223	0.570223	1.000000	0.731703	0.731703	1.000000	0.895527	0.895527	1.000000	0.962698	0.962698	1.000000	0.978987	0.979083	0.999900	0.987350	0.987975	0.999360	0.991249	0.994763	0.996448	0.990182	0.997052	0.993089	0.988166	0.997676	0.990445
thin4	01001	0.1904	25235034	x	V	0.480437	0.480437	1.000000	0.663770	0.663770	1.000000	0.818814	0.818814	1.000000	0.924175	0.924175	1.000000	0.950313	0.950313	1.000000	0.966090	0.966103	0.999986	0.979435	0.979558	0.999872	0.987467	0.988889	0.998545	0.988508	0.991785	0.996669
thin4	01001	0.1904	25235034	x	g	0.457984	0.457984	1.000000	0.655806	0.655806	1.000000	0.822264	0.822264	1.000000	0.934425	0.934425	1.000000	0.959557	0.959557	1.000000	0.973406	0.973428	0.999977	0.984455	0.984684	0.999764	0.990479	0.992158	0.998294	0.990911	0.994251	0.996621
thin4	01001	0.1904	25235034	y	V	0.480961	0.480961	1.000000	0.664495	0.664495	1.000000	0.819708	0.819708	1.000000	0.925184	0.925184	1.000000	0.951351	0.951351	1.000000	0.967168	0.967170	0.999998	0.980408	0.980579	0.999822	0.987851	0.989621	0.998194	0.988381	0.992260	0.996059
thin4	01001	0.1904	25235034	y	g	0.458271	0.458271	1.000000	0.656217	0.656217	1.000000	0.822780	0.822780	1.000000	0.935011	0.935011	1.000000	0.960158	0.960158	1.000000	0.974054	0.974057	0.999997	0.984952	0.985241	0.999703	0.990609	0.992534	0.998046	0.990790	0.994502	0.996248
thin4	01001	0.1904	25235034	z	V	0.482333	0.482333	1.000000	0.666390	0.666390	1.000000	0.822045	0.822045	1.000000	0.927822	0.927822	1.000000	0.954063	0.954063	1.000000	0.969837	0.969883	0.999952	0.982623	0.983083	0.999525	0.989030	0.991619	0.997366	0.988765	0.993867	0.994835
thin4	01001	0.1904	25235034	z	g	0.459264	0.459264	1.000000	0.657639	0.657639	1.000000	0.824562	0.824562	1.000000	0.937037	0.937037	1.000000	0.962239	0.962239	1.000000	0.976038	0.976104	0.999931	0.986394	0.987027	0.999350	0.991293	0.993950	0.997310	0.990748	0.995557	0.995148
thin8	01001	0.1904	25235034	x	V	0.377648	0.377648	1.000000	0.553156	0.553156	1.000000	0.740938	0.740938	1.000000	0.883032	0.883032	1.000000	0.919229	0.919229	1.000000	0.945663	0.945663	1.000000	0.964933	0.964933	1.000000	0.977605	0.977671	0.999932	0.983480	0.983907	0.999559
thin8	01001	0.1904	25235034	x	g	0.350071	0.350071	1.000000	0.535535	0.535535	1.000000	0.736253	0.736253	1.000000	0.890989	0.890989	1.000000	0.928362	0.928362	1.000000	0.955135	0.955135	1.000000	0.972087	0.972088	1.000000	0.983119	0.983235	0.999880	0.987923	0.988482	0.999427
thin8	01001	0.1904	25235034	y	V	0.378072	0.378072	1.000000	0.553776	0.553776	1.000000	0.741769	0.741769	1.000000	0.884022	0.884022	1.000000	0.920260	0.920260	1.000000	0.946724	0.946724	1.000000	0.966015	0.966015	1.000000	0.978551	0.978691	0.999854	0.984411	0.984924	0.999472
thin8	01001	0.1904	25235034	y	g	0.350304	0.350304	1.000000	0.535893	0.535893	1.000000	0.736745	0.736745	1.000000	0.891585	0.891585	1.000000	0.928983	0.928983	1.000000	0.955773	0.955773	1.000000	0.972733	0.972736	0.999998	0.983561	0.983784	0.999770	0.988338	0.989020	0.999303
thin8	01001	0.1904	25235034	z	V	0.379169	0.379169	1.000000	0.555384	0.555384	1.000000	0.743922	0.743922	1.000000	0.886588	0.886588	1.000000	0.922931	0.922931	1.000000	0.949472	0.949472	1.000000	0.968803	0.968811	0.999991	0.980959	0.981314	0.999632	0.986472	0.987382	0.999066
thin8	01001	0.1904	25235034	z	g	0.351093	0.351093	1.000000	0.537098	0.537098	1.000000	0.738402	0.738402	1.000000	0.893591	0.893591	1.000000	0.931073	0.931073	1.000000	0.957924	0.957924	1.000000	0.974893	0.974910	0.999983	0.985239	0.985728	0.999497	0.989711	0.990818	0.998872
POS	01001	0.1904	33721672	x	V	0.835276	0.835276	1.000000	0.879506	0.879506	1.000000	0.926639	0.926639	1.000000	0.942741	0.942741	1.000000	0.955493	0.955493	1.000000	0.965186	0.965186	1.000000	0.973209	0.973239	0.999968	0.979359	0.979940	0.999395	0.982111	0.984445	0.997592	0.982485	0.987414	0.994945	0.982135	0.990056	0.991919	0.980504	0.991545	0.988771	0.979107	0.992834	0.986075	0.973387	0.994940	0.978230	0.966548	0.995655	0.970643
PSF	01001	0.1904	33721672	x	V	0.833194	0.835360	0.996897	0.877190	0.879593	0.996895	0.924053	0.926725	0.996889	0.940055	0.942824	0.996885	0.952723	0.955572	0.996880	0.962347	0.965261	0.996873	0.970259	0.973282	0.996809	0.976249	0.979922	0.996175	0.978962	0.984419	0.994369	0.979330	0.987390	0.991733	0.978978	0.990035	0.988721	0.977354	0.991527	0.985586	0.975967	0.992821	0.982903	0.970263	0.994929	0.975085	0.963451	0.995647	0.967526
POS	01001	0.1904	33721672	x	g	0.860662	0.860662	1.000000	0.900695	0.900695	1.000000	0.941511	0.941511	1.000000	0.955097	0.955097	1.000000	0.965838	0.965838	1.000000	0.973996	0.974009	0.999986	0.980230	0.980593	0.999623	0.983515	0.985315	0.998146	0.984225	0.988321	0.995807	0.983606	0.990401	0.993073	0.982965	0.992640	0.990182	0.981014	0.993723	0.987131	0.979520	0.994691	0.984668	0.973848	0.996204	0.977475	0.967652	0.996712	0.970751
PSF	01001	0.1904	33721672	x	g	0.857456	0.860754	0.995552	0.897175	0.900788	0.995549	0.937646	0.941601	0.995541	0.951108	0.955182	0.995535	0.961745	0.965917	0.995529	0.969790	0.974068	0.995492	0.975830	0.980581	0.995059	0.979051	0.985289	0.993575	0.979752	0.988299	0.991251	0.979112	0.990372	0.988521	0.978472	0.992614	0.985648	0.976535	0.993702	0.982616	0.975048	0.994672	0.980167	0.969407	0.996192	0.973012	0.963242	0.996702	0.966322
POS	01001	0.1904	33721672	y	V	0.837250	0.837250	1.000000	0.881584	0.881584	1.000000	0.928829	0.928829	1.000000	0.944968	0.944968	1.000000	0.957750	0.957750	1.000000	0.967465	0.967466	0.999999	0.975340	0.975454	0.999880	0.980221	0.981522	0.998649	0.981840	0.985463	0.996269	0.981440	0.988046	0.993234	0.979567	0.989916	0.989441	0.978191	0.991534	0.986430	0.976465	0.992654	0.983572	0.971135	0.994956	0.975940	0.965078	0.996074	0.968762
PSF	01001	0.1904	33721672	y	V	0.835200	0.837353	0.996931	0.879302	0.881691	0.996928	0.926277	0.928934	0.996921	0.942316	0.945071	0.996916	0.955015	0.957850	0.996911	0.964656	0.967558	0.996901	0.972383	0.975495	0.996730	0.977111	0.981503	0.995442	0.978689	0.985431	0.993057	0.978293	0.988020	0.990037	0.976424	0.989891	0.986258	0.975055	0.991514	0.983261	0.973336	0.992636	0.980415	0.968025	0.994943	0.972811	0.961987	0.996063	0.965659
POS	01001	0.1904	33721672	y	g	0.862614	0.862614	1.000000	0.902738	0.902738	1.000000	0.943646	0.943646	1.000000	0.957263	0.957263	1.000000	0.968028	0.968028	1.000000	0.976143	0.976187	0.999954	0.981597	0.982385	0.999184	0.983345	0.986339	0.996923	0.983094	0.988864	0.994100	0.981807	0.990607	0.991032	0.979312	0.991901	0.987206	0.977961	0.993288	0.984467	0.976243	0.994138	0.981895	0.970942	0.995834	0.974902	0.965660	0.996812	0.968652
PSF	01001	0.1904	33721672	y	g	0.859427	0.862706	0.995598	0.899237	0.902830	0.995594	0.939800	0.943734	0.995584	0.953292	0.957346	0.995578	0.963952	0.968104	0.995570	0.971925	0.976226	0.995487	0.977204	0.982361	0.994656	0.978902	0.986303	0.992393	0.978656	0.988835	0.989590	0.977369	0.990580	0.986538	0.974889	0.991878	0.982733	0.973542	0.993268	0.980009	0.971829	0.994119	0.977449	0.966556	0.995820	0.970493	0.961295	0.996799	0.964272
POS	01001	0.1904	33721672	z	V	0.833446	0.833446	1.000000	0.877579	0.877579	1.000000	0.924609	0.924609	1.000000	0.940676	0.940676	1.000000	0.953400	0.953400	1.000000	0.963073	0.963073	1.000000	0.971084	0.971111	0.999971	0.977404	0.977889	0.999493	0.980904	0.982764	0.998074	0.982202	0.986193	0.995896	0.982575	0.989196	0.993233	0.981441	0.990935	0.990332	0.980078	0.992240	0.987648	0.975288	0.994824	0.980263	0.969139	0.995904	0.973017
PSF	01001	0.1904	33721672	z	V	0.831438	0.833545	0.996969	0.875343	0.877681	0.996966	0.922110	0.924711	0.996960	0.938079	0.940774	0.996955	0.950721	0.953495	0.996950	0.960329	0.963163	0.996944	0.968241	0.971176	0.996889	0.974412	0.977898	0.996355	0.977840	0.982750	0.994917	0.979135	0.986186	0.992751	0.979453	0.989166	0.990075	0.978326	0.990909	0.987187	0.976974	0.992219	0.984517	0.972198	0.994806	0.977158	0.966072	0.995890	0.969939
POS	01001	0.1904	33721672	z	g	0.858849	0.858849	1.000000	0.898798	0.898798	1.000000	0.939528	0.939528	1.000000	0.953085	0.953085	1.000000	0.963803	0.963803	1.000000	0.971957	0.971964	0.999993	0.978405	0.978648	0.999747	0.982233	0.983636	0.998550	0.983690	0.987013	0.996589	0.983901	0.989509	0.994273	0.983854	0.992045	0.991678	0.982266	0.993311	0.988806	0.980748	0.994266	0.986326	0.975810	0.996159	0.979495	0.970109	0.996931	0.973015
PSF	01001	0.1904	33721672	z	g	0.855806	0.858989	0.995689	0.895453	0.898941	0.995686	0.935851	0.939669	0.995677	0.949288	0.953223	0.995671	0.959906	0.963936	0.995664	0.967963	0.972082	0.995641	0.974230	0.978703	0.995331	0.977940	0.983651	0.994098	0.979374	0.987027	0.992146	0.979568	0.989520	0.989837	0.979424	0.992012	0.987210	0.977841	0.993281	0.984352	0.976337	0.994241	0.981890	0.971423	0.996139	0.975094	0.965750	0.996914	0.968646
thin2	01001	0.1904	33721672	x	V	0.809257	0.809257	1.000000	0.855907	0.855907	1.000000	0.907306	0.907306	1.000000	0.947984	0.947984	1.000000	0.965317	0.965318	0.999999	0.977076	0.977346	0.999718	0.982841	0.987598	0.995123	0.980110	0.992104	0.987815	0.977711	0.993760	0.983750
thin2	01001	0.1904	33721672	x	g	0.837241	0.837241	1.000000	0.879817	0.879817	1.000000	0.925139	0.925139	1.000000	0.959571	0.959571	1.000000	0.974167	0.974178	0.999989	0.982519	0.983609	0.998873	0.984089	0.990718	0.993247	0.980615	0.994178	0.986278	0.978135	0.995398	0.982578
thin2	01001	0.1904	33721672	y	V	0.811122	0.811122	1.000000	0.857880	0.857880	1.000000	0.909398	0.909398	1.000000	0.950169	0.950169	1.000000	0.967542	0.967542	0.999999	0.978656	0.979259	0.999371	0.981299	0.987949	0.993187	0.977459	0.991892	0.985332	0.974792	0.993407	0.981139
thin2	01001	0.1904	33721672	y	g	0.839074	0.839074	1.000000	0.881743	0.881743	1.000000	0.927164	0.927164	1.000000	0.961672	0.961672	1.000000	0.976233	0.976276	0.999954	0.983018	0.984929	0.998029	0.981640	0.990555	0.990915	0.977254	0.993545	0.983498	0.974657	0.994700	0.979745
thin2	01001	0.1904	33721672	z	V	0.807429	0.807429	1.000000	0.853973	0.853973	1.000000	0.905256	0.905256	1.000000	0.945842	0.945842	1.000000	0.963137	0.963137	1.000000	0.974969	0.975188	0.999769	0.982325	0.986226	0.995990	0.981093	0.991483	0.989432	0.978743	0.993161	0.985384
thin2	01001	0.1904	33721672	z	g	0.835401	0.835401	1.000000	0.877883	0.877883	1.000000	0.923105	0.923105	1.000000	0.957462	0.957462	1.000000	0.972032	0.972039	0.999993	0.980995	0.981767	0.999199	0.984112	0.989642	0.994354	0.981845	0.993709	0.987986	0.979365	0.994928	0.984279
thin4	01001	0.1904	33721672	x	V	0.782992	0.782992	1.000000	0.829624	0.829624	1.000000	0.885820	0.885820	1.000000	0.927998	0.927998	1.000000	0.947515	0.947515	1.000000	0.962038	0.962039	0.999998	0.976420	0.976702	0.999704	0.982331	0.985789	0.996441	0.982281	0.989231	0.992898
thin4	01001	0.1904	33721672	x	g	0.814271	0.814271	1.000000	0.855489	0.855489	1.000000	0.906341	0.906341	1.000000	0.942663	0.942663	1.000000	0.959105	0.959105	1.000000	0.971367	0.971376	0.999990	0.981802	0.982889	0.998876	0.984080	0.989341	0.994626	0.983106	0.991878	0.991084
thin4	01001	0.1904	33721672	y	V	0.784754	0.784754	1.000000	0.831491	0.831491	1.000000	0.887813	0.887813	1.000000	0.930086	0.930086	1.000000	0.949646	0.949646	1.000000	0.964205	0.964205	1.000000	0.977962	0.978569	0.999366	0.981799	0.986623	0.995045	0.980238	0.989302	0.990740
thin4	01001	0.1904	33721672	y	g	0.815957	0.815957	1.000000	0.857260	0.857260	1.000000	0.908218	0.908218	1.000000	0.944615	0.944615	1.000000	0.961090	0.961090	1.000000	0.973376	0.973386	0.999990	0.982361	0.984180	0.998122	0.982601	0.989611	0.992842	0.980196	0.991421	0.988581
thin4	01001	0.1904	33721672	z	V	0.781218	0.781218	1.000000	0.827744	0.827744	1.000000	0.883812	0.883812	1.000000	0.925894	0.925894	1.000000	0.945367	0.945367	1.000000	0.959859	0.959859	0.999999	0.974389	0.974580	0.999798	0.981515	0.984265	0.997161	0.982443	0.988194	0.994111
thin4	01001	0.1904	33721672	z	g	0.812481	0.812481	1.000000	0.853609	0.853609	1.000000	0.904349	0.904349	1.000000	0.940591	0.940591	1.000000	0.956996	0.956996	1.000000	0.969239	0.969244	0.999994	0.980359	0.981088	0.999242	0.983843	0.988136	0.995603	0.983723	0.991101	0.992490
thin8	01001	0.1904	33721672	x	V	0.751160	0.751160	1.000000	0.803800	0.803800	1.000000	0.861925	0.861925	1.000000	0.909027	0.909027	1.000000	0.928298	0.928298	1.000000	0.943798	0.943798	1.000000	0.961392	0.961395	0.999997	0.973747	0.973887	0.999852	0.979517	0.980453	0.999027
thin8	01001	0.1904	33721672	x	g	0.785329	0.785329	1.000000	0.832523	0.832523	1.000000	0.885154	0.885154	1.000000	0.926654	0.926654	1.000000	0.943006	0.943006	1.000000	0.956018	0.956018	1.000000	0.970788	0.970802	0.999985	0.980530	0.981111	0.999396	0.983462	0.985690	0.997707
thin8	01001	0.1904	33721672	y	V	0.752901	0.752901	1.000000	0.805663	0.805663	1.000000	0.863923	0.863923	1.000000	0.911135	0.911135	1.000000	0.930449	0.930449	1.000000	0.945986	0.945986	1.000000	0.963627	0.963627	1.000000	0.975841	0.976062	0.999768	0.980416	0.982033	0.998323
thin8	01001	0.1904	33721672	y	g	0.787064	0.787064	1.000000	0.834363	0.834363	1.000000	0.887110	0.887110	1.000000	0.928701	0.928701	1.000000	0.945090	0.945090	1.000000	0.958130	0.958130	1.000000	0.972939	0.972950	0.999988	0.981926	0.982891	0.999002	0.983324	0.986703	0.996530
thin8	01001	0.1904	33721672	z	V	0.749452	0.749452	1.000000	0.801973	0.801973	1.000000	0.859965	0.859965	1.000000	0.906961	0.906961	1.000000	0.926187	0.926187	1.000000	0.941653	0.941653	1.000000	0.959210	0.959211	0.999999	0.971626	0.971720	0.999900	0.977839	0.978501	0.999309
thin8	01001	0.1904	33721672	z	g	0.783614	0.783614	1.000000	0.830706	0.830706	1.000000	0.883221	0.883221	1.000000	0.924631	0.924631	1.000000	0.940947	0.940947	1.000000	0.953930	0.953930	1.000000	0.968686	0.968691	0.999994	0.978802	0.979177	0.999609	0.982481	0.984125	0.998303
POS	01001	0.1904	37994265	x	V	0.667197	0.667197	1.000000	0.731918	0.731918	1.000000	0.817142	0.817142	1.000000	0.850343	0.850343	1.000000	0.882297	0.882297	1.000000	0.914652	0.914759	0.999872	0.934492	0.940976	0.992680	0.942907	0.958609	0.982925	0.942357	0.968831	0.971821	0.936882	0.975028	0.959915	0.930256	0.979411	0.948811	0.922719	0.982437	0.938195	0.912648	0.984607	0.925858	0.887617	0.989211	0.896294	0.871477	0.991484	0.878049
PSF	01001	0.1904	37994265	x	V	0.666218	0.667425	0.997293	0.730708	0.732163	0.997286	0.815577	0.817402	0.997269	0.848621	0.850605	0.997259	0.880406	0.882555	0.997243	0.912452	0.914943	0.997025	0.931751	0.940945	0.989622	0.939930	0.958493	0.979811	0.939357	0.968716	0.968744	0.933924	0.974936	0.956899	0.927336	0.979334	0.945845	0.919837	0.982372	0.935274	0.909812	0.984553	0.922986	0.884870	0.989171	0.893526	0.868787	0.991451	0.875345
POS	01001	0.1904	37994265	x	g	0.659648	0.659648	1.000000	0.726553	0.726553	1.000000	0.817748	0.817748	1.000000	0.854060	0.854060	1.000000	0.889114	0.889175	0.999923	0.923377	0.925221	0.997846	0.933725	0.948536	0.983553	0.933705	0.963619	0.967822	0.927628	0.972104	0.952996	0.918886	0.977532	0.938711	0.909823	0.981397	0.925790	0.900493	0.984080	0.913806	0.888831	0.986001	0.900191	0.860328	0.990121	0.867777	0.842230	0.992086	0.847927
PSF	01001	0.1904	37994265	x	g	0.658237	0.659965	0.996038	0.724792	0.726894	0.996027	0.815428	0.818108	0.995998	0.851483	0.854420	0.995979	0.886148	0.889466	0.995808	0.919674	0.925270	0.993467	0.929661	0.948468	0.979116	0.929436	0.963475	0.963380	0.923370	0.971969	0.948632	0.914677	0.977413	0.934428	0.905674	0.981295	0.921584	0.896397	0.983989	0.909664	0.884808	0.985926	0.896126	0.856453	0.990066	0.863876	0.838449	0.992043	0.844126
POS	01001	0.1904	37994265	y	V	0.615165	0.615165	1.000000	0.674838	0.674838	1.000000	0.753416	0.753416	1.000000	0.784028	0.784028	1.000000	0.813491	0.813491	1.000000	0.843528	0.843528	1.000000	0.873761	0.873868	0.999860	0.898353	0.898756	0.999502	0.916800	0.917937	0.998651	0.930350	0.933328	0.996582	0.938105	0.944709	0.992603	0.941337	0.953050	0.987112	0.940372	0.959828	0.978899	0.929833	0.972120	0.955309	0.918110	0.976993	0.938398
PSF	01001	0.1904	37994265	y	V	0.614297	0.615286	0.997389	0.673778	0.674970	0.997387	0.752067	0.753557	0.997379	0.782554	0.784170	0.997373	0.811888	0.813632	0.997366	0.841785	0.843667	0.997357	0.871840	0.873987	0.997189	0.896246	0.898841	0.996790	0.914486	0.917963	0.995875	0.927829	0.933285	0.993738	0.935475	0.944636	0.989740	0.938669	0.952972	0.984262	0.937706	0.959760	0.976081	0.927212	0.972076	0.952584	0.915496	0.976942	0.935715
POS	01001	0.1904	37994265	y	g	0.602064	0.602064	1.000000	0.663128	0.663128	1.000000	0.746362	0.746362	1.000000	0.779505	0.779505	1.000000	0.811617	0.811617	1.000000	0.846274	0.846275	0.999999	0.879085	0.879611	0.999320	0.905181	0.906872	0.997944	0.922159	0.926403	0.995057	0.931338	0.940554	0.989589	0.934667	0.950541	0.982446	0.934121	0.957677	0.974344	0.929842	0.963504	0.963787	0.912523	0.974006	0.935301	0.897831	0.978276	0.916095
PSF	01001	0.1904	37994265	y	g	0.600803	0.602194	0.996170	0.661580	0.663269	0.996166	0.744365	0.746511	0.996152	0.777305	0.779652	0.996142	0.809207	0.811759	0.996129	0.843618	0.846408	0.996108	0.876100	0.879689	0.995365	0.901857	0.906872	0.993906	0.918474	0.926284	0.990904	0.927515	0.940410	0.985432	0.930797	0.950398	0.978323	0.930250	0.957545	0.970268	0.925985	0.963382	0.959765	0.908771	0.973922	0.931436	0.894156	0.978211	0.912327
POS	01001	0.1904	37994265	z	V	0.640228	0.640228	1.000000	0.702333	0.702333	1.000000	0.784112	0.784112	1.000000	0.815971	0.815971	1.000000	0.846634	0.846634	1.000000	0.877893	0.877894	0.999999	0.905335	0.907361	0.997540	0.924746	0.930076	0.993841	0.934333	0.945101	0.987952	0.938526	0.956033	0.980862	0.938440	0.963656	0.972873	0.936019	0.969287	0.964629	0.932784	0.975101	0.955544	0.916556	0.984704	0.929793	0.903686	0.989066	0.912805
PSF	01001	0.1904	37994265	z	V	0.639265	0.640388	0.997265	0.701154	0.702506	0.997262	0.782610	0.784300	0.997255	0.814327	0.816161	0.997249	0.844843	0.846823	0.997239	0.875935	0.878077	0.997223	0.903067	0.907458	0.994670	0.922141	0.930057	0.990855	0.931513	0.945005	0.984904	0.935686	0.955948	0.977849	0.935593	0.963578	0.969892	0.933187	0.969221	0.961686	0.929949	0.975037	0.952630	0.913777	0.984658	0.926975	0.900953	0.989030	0.910048
POS	01001	0.1904	37994265	z	g	0.632192	0.632192	1.000000	0.696311	0.696311	1.000000	0.783711	0.783711	1.000000	0.818512	0.818512	1.000000	0.852231	0.852231	1.000000	0.888460	0.888538	0.999902	0.913379	0.918571	0.993849	0.926419	0.939786	0.984879	0.928007	0.951875	0.973692	0.926713	0.961006	0.962921	0.923046	0.967635	0.952452	0.917990	0.972596	0.942365	0.912343	0.977890	0.931560	0.891072	0.986453	0.902111	0.875590	0.990303	0.883163
PSF	01001	0.1904	37994265	z	g	0.630754	0.632369	0.995967	0.694543	0.696504	0.995963	0.781426	0.783917	0.995950	0.815992	0.818717	0.995938	0.849463	0.852429	0.995920	0.885357	0.888699	0.995771	0.909690	0.918535	0.989525	0.922408	0.939653	0.980493	0.923976	0.951759	0.969375	0.922654	0.960891	0.958654	0.918990	0.967526	0.948238	0.913954	0.972496	0.938206	0.908325	0.977796	0.927455	0.887163	0.986386	0.898160	0.871762	0.990251	0.879308
thin2	01001	0.1904	37994265	x	V	0.611874	0.611874	1.000000	0.699761	0.699761	1.000000	0.777148	0.777148	1.000000	0.862148	0.862148	1.000000	0.913671	0.913788	0.999860	0.940753	0.952090	0.987501	0.937469	0.974939	0.960618	0.919650	0.983224	0.934311	0.905055	0.986395	0.916496
thin2	01001	0.1904	37994265	x	g	0.603705	0.603705	1.000000	0.693086	0.693086	1.000000	0.774609	0.774609	1.000000	0.867101	0.867101	1.000000	0.922764	0.924515	0.997952	0.934813	0.958168	0.974589	0.919523	0.977495	0.939411	0.896717	0.984758	0.909338	0.879987	0.987651	0.889778
thin2	01001	0.1904	37994265	y	V	0.564215	0.564215	1.000000	0.645256	0.645256	1.000000	0.716615	0.716615	1.000000	0.794994	0.794994	1.000000	0.842730	0.842730	1.000000	0.888427	0.888717	0.999633	0.930019	0.932832	0.996769	0.941515	0.955514	0.984677	0.938536	0.964631	0.971983
thin2	01001	0.1904	37994265	y	g	0.551003	0.551003	1.000000	0.632581	0.632581	1.000000	0.706988	0.706988	1.000000	0.791405	0.791405	1.000000	0.845533	0.845536	0.999996	0.894854	0.896020	0.998548	0.931303	0.940176	0.989968	0.933166	0.959828	0.971092	0.925430	0.967566	0.955057
thin2	01001	0.1904	37994265	z	V	0.587140	0.587140	1.000000	0.671474	0.671474	1.000000	0.745733	0.745733	1.000000	0.827297	0.827297	1.000000	0.876972	0.876972	1.000000	0.917406	0.921120	0.995625	0.937944	0.955337	0.980958	0.935077	0.971191	0.961754	0.928080	0.978468	0.947429
thin2	01001	0.1904	37994265	z	g	0.578458	0.578458	1.000000	0.664101	0.664101	1.000000	0.742215	0.742215	1.000000	0.830839	0.830839	1.000000	0.887584	0.887624	0.999949	0.922576	0.931914	0.989256	0.926298	0.960308	0.963174	0.916366	0.974361	0.939007	0.905899	0.980846	0.922214
thin4	01001	0.1904	37994265	x	V	0.532992	0.532992	1.000000	0.656999	0.656999	1.000000	0.740623	0.740623	1.000000	0.819601	0.819601	1.000000	0.860499	0.860499	1.000000	0.903184	0.903224	0.999951	0.940564	0.951647	0.987769	0.939731	0.971781	0.966095	0.932814	0.978366	0.952460
thin4	01001	0.1904	37994265	x	g	0.524511	0.524511	1.000000	0.649105	0.649105	1.000000	0.735535	0.735535	1.000000	0.820221	0.820221	1.000000	0.864995	0.864998	0.999995	0.912336	0.913256	0.998897	0.935133	0.958002	0.975108	0.923627	0.974841	0.946181	0.913176	0.980574	0.930000
thin4	01001	0.1904	37994265	y	V	0.491510	0.491510	1.000000	0.605867	0.605867	1.000000	0.682982	0.682982	1.000000	0.755813	0.755813	1.000000	0.793528	0.793528	1.000000	0.832970	0.832970	1.000000	0.887938	0.888178	0.999695	0.924337	0.925904	0.998172	0.935794	0.941335	0.993749
thin4	01001	0.1904	37994265	y	g	0.478767	0.478767	1.000000	0.592495	0.592495	1.000000	0.671387	0.671387	1.000000	0.748688	0.748688	1.000000	0.789563	0.789563	1.000000	0.834529	0.834529	1.000000	0.894571	0.895612	0.998703	0.927958	0.933964	0.993118	0.933727	0.947584	0.984580
thin4	01001	0.1904	37994265	z	V	0.511387	0.511387	1.000000	0.630368	0.630368	1.000000	0.710601	0.710601	1.000000	0.786378	0.786378	1.000000	0.825618	0.825618	1.000000	0.866655	0.866655	1.000000	0.916992	0.920525	0.995832	0.936229	0.950195	0.984544	0.938301	0.961179	0.975260
thin4	01001	0.1904	37994265	z	g	0.502515	0.502515	1.000000	0.621884	0.621884	1.000000	0.704689	0.704689	1.000000	0.785824	0.785824	1.000000	0.828727	0.828727	1.000000	0.875887	0.875904	0.999978	0.921813	0.931140	0.989251	0.926918	0.955860	0.968368	0.923815	0.965279	0.955568
thin8	01001	0.1904	37994265	x	V	0.466747	0.466747	1.000000	0.599237	0.599237	1.000000	0.709900	0.709900	1.000000	0.780112	0.780112	1.000000	0.818847	0.818847	1.000000	0.852888	0.852888	1.000000	0.902122	0.902184	0.999924	0.935342	0.942430	0.992023	0.942722	0.959690	0.981590
thin8	01001	0.1904	37994265	x	g	0.458227	0.458227	1.000000	0.590610	0.590610	1.000000	0.703120	0.703120	1.000000	0.777268	0.777268	1.000000	0.819092	0.819092	1.000000	0.856304	0.856307	0.999996	0.910518	0.911478	0.998843	0.933893	0.949779	0.982405	0.932922	0.964453	0.966143
thin8	01001	0.1904	37994265	y	V	0.430426	0.430426	1.000000	0.552606	0.552606	1.000000	0.654657	0.654657	1.000000	0.719406	0.719406	1.000000	0.755127	0.755127	1.000000	0.786518	0.786518	1.000000	0.832042	0.832042	1.000000	0.875914	0.875992	0.999898	0.900713	0.901137	0.999478
thin8	01001	0.1904	37994265	y	g	0.418378	0.418378	1.000000	0.539249	0.539249	1.000000	0.641974	0.641974	1.000000	0.709674	0.709674	1.000000	0.747861	0.747861	1.000000	0.781843	0.781843	1.000000	0.833177	0.833177	1.000000	0.881834	0.882247	0.999470	0.907356	0.909299	0.997651
thin8	01001	0.1904	37994265	z	V	0.447893	0.447893	1.000000	0.575031	0.575031	1.000000	0.681224	0.681224	1.000000	0.748600	0.748600	1.000000	0.785771	0.785771	1.000000	0.818436	0.818436	1.000000	0.865807	0.865807	1.000000	0.907889	0.909671	0.997847	0.925874	0.931798	0.993180
thin8	01001	0.1904	37994265	z	g	0.439068	0.439068	1.000000	0.565916	0.565916	1.000000	0.673722	0.673722	1.000000	0.744769	0.744769	1.000000	0.784845	0.784845	1.000000	0.820507	0.820507	1.000000	0.874374	0.874377	0.999997	0.915540	0.920715	0.993899	0.926287	0.940822	0.983595
POS	01001	0.1904	38857678	x	V	0.400329	0.400329	1.000000	0.475944	0.475944	1.000000	0.633722	0.633722	1.000000	0.688587	0.688587	1.000000	0.747367	0.747367	1.000000	0.801473	0.801478	0.999992	0.844667	0.845029	0.999493	0.883969	0.889242	0.993336	0.904859	0.917422	0.985092	0.914650	0.936470	0.975159	0.916622	0.948291	0.964847	0.916263	0.956579	0.956025	0.912641	0.962845	0.945956	0.898742	0.977091	0.918088	0.886811	0.981937	0.901518
PSF	01001	0.1904	38857678	x	V	0.400182	0.400558	0.997659	0.475683	0.476215	0.997656	0.633123	0.634073	0.997640	0.687834	0.688961	0.997629	0.746418	0.747756	0.997608	0.800290	0.801862	0.997557	0.843176	0.845349	0.996961	0.881761	0.889287	0.990494	0.902338	0.917368	0.982166	0.912087	0.936435	0.972283	0.914057	0.948275	0.962022	0.913708	0.956581	0.953242	0.910108	0.962862	0.943218	0.896103	0.977047	0.915373	0.884196	0.981892	0.898853
POS	01001	0.1904	38857678	x	g	0.444201	0.444201	1.000000	0.519738	0.519738	1.000000	0.680726	0.680726	1.000000	0.734817	0.734817	1.000000	0.791821	0.791821	1.000000	0.844393	0.844655	0.999632	0.883859	0.885677	0.997683	0.899487	0.916559	0.979713	0.905527	0.936407	0.964862	0.905917	0.950042	0.951231	0.902592	0.958652	0.939154	0.898856	0.964802	0.929330	0.892714	0.969480	0.918527	0.876321	0.982098	0.890546	0.863238	0.985693	0.874190
PSF	01001	0.1904	38857678	x	g	0.443788	0.444468	0.996562	0.519116	0.520049	0.996558	0.679508	0.681118	0.996535	0.733342	0.735226	0.996517	0.790017	0.792229	0.996477	0.842138	0.844997	0.995999	0.881016	0.885848	0.993846	0.896163	0.916564	0.975764	0.902077	0.936398	0.960957	0.902500	0.950079	0.947428	0.899178	0.958701	0.935410	0.895446	0.964859	0.925633	0.889338	0.969554	0.914889	0.872730	0.982032	0.886892	0.859712	0.985642	0.870616
POS	01001	0.1904	38857678	y	V	0.418905	0.418905	1.000000	0.498028	0.498028	1.000000	0.663127	0.663127	1.000000	0.720538	0.720538	1.000000	0.781996	0.782017	0.999965	0.838264	0.838451	0.999734	0.881725	0.883113	0.998221	0.901072	0.917981	0.979968	0.908713	0.940042	0.964622	0.905739	0.952860	0.948228	0.900536	0.961144	0.934560	0.895246	0.966933	0.923520	0.890493	0.972732	0.913292	0.866227	0.981071	0.880950	0.852453	0.984657	0.863929
PSF	01001	0.1904	38857678	y	V	0.418666	0.419063	0.997741	0.497653	0.498215	0.997737	0.662352	0.663359	0.997713	0.719584	0.720780	0.997699	0.780767	0.782233	0.997604	0.836716	0.838618	0.997296	0.879694	0.883125	0.995603	0.898624	0.917839	0.977233	0.906164	0.939884	0.961916	0.903233	0.952736	0.945604	0.898092	0.961056	0.932011	0.892831	0.966860	0.921016	0.888098	0.972670	0.910826	0.863924	0.981036	0.878597	0.850193	0.984630	0.861628
POS	01001	0.1904	38857678	y	g	0.462027	0.462027	1.000000	0.540596	0.540596	1.000000	0.708044	0.708044	1.000000	0.764306	0.764306	1.000000	0.823110	0.823330	0.999676	0.876728	0.877731	0.998699	0.908763	0.915713	0.991718	0.909779	0.939935	0.965936	0.904455	0.954321	0.945382	0.895313	0.963108	0.927108	0.887261	0.969282	0.912931	0.880035	0.973559	0.901584	0.873796	0.978268	0.891093	0.847320	0.984803	0.858546	0.833517	0.987755	0.842220
PSF	01001	0.1904	38857678	y	g	0.461478	0.462196	0.996643	0.539806	0.540791	0.996637	0.706562	0.708271	0.996597	0.762530	0.764534	0.996575	0.820856	0.823479	0.996135	0.873849	0.877724	0.994973	0.905287	0.915513	0.987811	0.906224	0.939737	0.962138	0.900958	0.954168	0.941711	0.891883	0.962987	0.923542	0.883870	0.969177	0.909434	0.876687	0.973470	0.898146	0.870482	0.978193	0.887709	0.844128	0.984754	0.855307	0.830384	0.987714	0.839051
POS	01001	0.1904	38857678	z	V	0.369025	0.369025	1.000000	0.438727	0.438727	1.000000	0.584168	0.584168	1.000000	0.634743	0.634743	1.000000	0.688926	0.688926	1.000000	0.738813	0.738813	1.000000	0.779346	0.779346	1.000000	0.825205	0.825206	0.999999	0.858286	0.858376	0.999877	0.884145	0.884655	0.999348	0.903427	0.904642	0.998516	0.917136	0.919625	0.997057	0.926223	0.932012	0.993338	0.936895	0.958252	0.976764	0.932444	0.966987	0.963103
PSF	01001	0.1904	38857678	z	V	0.368824	0.369128	0.997770	0.438418	0.438849	0.997768	0.583557	0.584323	0.997757	0.634000	0.634908	0.997751	0.688021	0.689096	0.997738	0.737743	0.738986	0.997726	0.778126	0.779517	0.997711	0.823792	0.825368	0.997687	0.856717	0.858527	0.997545	0.882408	0.884775	0.996977	0.901517	0.904716	0.996093	0.915084	0.919659	0.994593	0.924044	0.932006	0.990840	0.934487	0.958170	0.974232	0.930043	0.966913	0.960614
POS	01001	0.1904	38857678	z	g	0.403052	0.403052	1.000000	0.471592	0.471592	1.000000	0.617667	0.617667	1.000000	0.666747	0.666747	1.000000	0.718470	0.718470	1.000000	0.766692	0.766692	1.000000	0.805492	0.805495	0.999995	0.848792	0.848830	0.999948	0.879920	0.880241	0.999586	0.903008	0.904537	0.998131	0.918944	0.922421	0.995916	0.928905	0.935211	0.992794	0.933711	0.945294	0.987048	0.934620	0.966517	0.965894	0.926360	0.972881	0.950915
PSF	01001	0.1904	38857678	z	g	0.402658	0.403189	0.996745	0.471024	0.471750	0.996742	0.616612	0.617864	0.996726	0.665490	0.666953	0.996716	0.716971	0.718679	0.996698	0.764944	0.766900	0.996678	0.803508	0.805689	0.996643	0.846509	0.848996	0.996552	0.877381	0.880371	0.996143	0.900218	0.904614	0.994631	0.915933	0.922439	0.992359	0.925726	0.935181	0.989197	0.930431	0.945237	0.983444	0.931150	0.966398	0.962306	0.922934	0.972779	0.947402
thin2	01001	0.1904	38857678	x	V	0.369263	0.369263	1.000000	0.427959	0.427959	1.000000	0.560768	0.560768	1.000000	0.712291	0.712291	1.000000	0.798681	0.798691	0.999984	0.865521	0.866394	0.998837	0.913665	0.935342	0.975262	0.913699	0.958575	0.951261	0.908712	0.967229	0.937579
thin2	01001	0.1904	38857678	x	g	0.413057	0.413057	1.000000	0.472216	0.472216	1.000000	0.602260	0.602260	1.000000	0.757606	0.757606	1.000000	0.841211	0.841504	0.999587	0.899282	0.903872	0.994385	0.905204	0.949050	0.951440	0.895125	0.966135	0.924121	0.886840	0.972502	0.909650
thin2	01001	0.1904	38857678	y	V	0.386485	0.386485	1.000000	0.447918	0.447918	1.000000	0.586922	0.586922	1.000000	0.745492	0.745500	0.999985	0.835525	0.835721	0.999719	0.899577	0.903498	0.995198	0.905903	0.952434	0.948830	0.894294	0.970015	0.919719	0.884310	0.976025	0.903946
thin2	01001	0.1904	38857678	y	g	0.429758	0.429758	1.000000	0.491308	0.491308	1.000000	0.626609	0.626609	1.000000	0.787977	0.788091	0.999816	0.873627	0.874682	0.998622	0.915887	0.930152	0.983532	0.895692	0.962844	0.927759	0.878159	0.976148	0.897415	0.866712	0.980747	0.881714
thin2	01001	0.1904	38857678	z	V	0.340393	0.340393	1.000000	0.394500	0.394500	1.000000	0.516926	0.516926	1.000000	0.656603	0.656603	1.000000	0.736260	0.736260	1.000000	0.799587	0.799587	1.000000	0.883219	0.883626	0.999479	0.920188	0.924366	0.995113	0.930781	0.940513	0.989005
thin2	01001	0.1904	38857678	z	g	0.374769	0.374769	1.000000	0.428444	0.428444	1.000000	0.546433	0.546433	1.000000	0.687379	0.687379	1.000000	0.763816	0.763816	1.000000	0.824689	0.824702	0.999981	0.902052	0.903462	0.998273	0.930339	0.939118	0.990052	0.934285	0.951533	0.980968
thin4	01001	0.1904	38857678	x	V	0.343897	0.343897	1.000000	0.392970	0.392970	1.000000	0.488173	0.488173	1.000000	0.636983	0.636983	1.000000	0.711760	0.711760	1.000000	0.780878	0.780878	0.999999	0.863966	0.864718	0.998993	0.909723	0.926232	0.980784	0.916251	0.945034	0.967829
thin4	01001	0.1904	38857678	x	g	0.387635	0.387635	1.000000	0.436407	0.436407	1.000000	0.531467	0.531467	1.000000	0.683434	0.683434	1.000000	0.756905	0.756905	1.000000	0.824251	0.824314	0.999907	0.898603	0.902647	0.995039	0.905572	0.942433	0.958597	0.903215	0.955988	0.942402
thin4	01001	0.1904	38857678	y	V	0.359979	0.359979	1.000000	0.411346	0.411346	1.000000	0.511002	0.511002	1.000000	0.666770	0.666770	1.000000	0.745016	0.745028	0.999979	0.817153	0.817262	0.999837	0.898508	0.902086	0.995605	0.908084	0.946375	0.957345	0.902144	0.959041	0.938296
thin4	01001	0.1904	38857678	y	g	0.403397	0.403397	1.000000	0.454153	0.454153	1.000000	0.553078	0.553078	1.000000	0.711225	0.711225	1.000000	0.787397	0.787523	0.999797	0.856696	0.857257	0.999236	0.915647	0.929215	0.984303	0.900607	0.958658	0.936999	0.889347	0.967636	0.916613
thin4	01001	0.1904	38857678	z	V	0.316971	0.316971	1.000000	0.362202	0.362202	1.000000	0.449952	0.449952	1.000000	0.587110	0.587110	1.000000	0.656032	0.656032	1.000000	0.719740	0.719740	1.000000	0.797816	0.797817	0.999999	0.869953	0.870179	0.999701	0.898361	0.899135	0.999043
thin4	01001	0.1904	38857678	z	g	0.351612	0.351612	1.000000	0.395852	0.395852	1.000000	0.482078	0.482078	1.000000	0.619922	0.619922	1.000000	0.686565	0.686565	1.000000	0.747780	0.747780	1.000000	0.822795	0.822817	0.999966	0.890135	0.890907	0.999027	0.914824	0.917366	0.996980
thin8	01001	0.1904	38857678	x	V	0.314325	0.314325	1.000000	0.364677	0.364677	1.000000	0.438061	0.438061	1.000000	0.566467	0.566467	1.000000	0.635535	0.635535	1.000000	0.691566	0.691566	1.000000	0.778899	0.778902	0.999996	0.847953	0.848188	0.999672	0.886322	0.892329	0.992463
thin8	01001	0.1904	38857678	x	g	0.357540	0.357540	1.000000	0.408481	0.408481	1.000000	0.482629	0.482629	1.000000	0.608288	0.608288	1.000000	0.682361	0.682361	1.000000	0.737532	0.737532	1.000000	0.822625	0.822670	0.999934	0.886989	0.888831	0.997670	0.900056	0.918799	0.977837
thin8	01001	0.1904	38857678	y	V	0.328907	0.328907	1.000000	0.381594	0.381594	1.000000	0.458383	0.458383	1.000000	0.592745	0.592745	1.000000	0.665018	0.665018	1.000000	0.723648	0.723648	1.000000	0.814839	0.814928	0.999865	0.884583	0.886105	0.998061	0.901692	0.920242	0.978133
thin8	01001	0.1904	38857678	y	g	0.371803	0.371803	1.000000	0.424777	0.424777	1.000000	0.501882	0.501882	1.000000	0.632555	0.632555	1.000000	0.709583	0.709583	1.000000	0.766955	0.766955	1.000000	0.854322	0.854886	0.999229	0.911215	0.918478	0.991397	0.909406	0.941651	0.963712
thin8	01001	0.1904	38857678	z	V	0.289680	0.289680	1.000000	0.336084	0.336084	1.000000	0.403715	0.403715	1.000000	0.522052	0.522052	1.000000	0.585706	0.585706	1.000000	0.637343	0.637343	1.000000	0.717834	0.717834	1.000000	0.781941	0.781941	1.000000	0.828610	0.828610	1.000000
thin8	01001	0.1904	38857678	z	g	0.324150	0.324150	1.000000	0.370334	0.370334	1.000000	0.437557	0.437557	1.000000	0.551481	0.551481	1.000000	0.618637	0.618637	1.000000	0.668655	0.668655	1.000000	0.745891	0.745891	1.000000	0.807707	0.807707	1.000000	0.851789	0.851828	0.999946
POS	01001	0.1904	55545052	x	V	0.818347	0.818347	1.000000	0.873700	0.873700	1.000000	0.926653	0.926653	1.000000	0.943020	0.943020	1.000000	0.954327	0.954327	1.000000	0.961895	0.961895	1.000000	0.967857	0.967858	0.999999	0.972268	0.972299	0.999967	0.977065	0.977318	0.999735	0.979635	0.980768	0.998823	0.981798	0.983704	0.998030	0.982977	0.985907	0.996986	0.983804	0.989807	0.993873	0.981486	0.994582	0.986762	0.978094	0.996137	0.981817
PSF	01001	0.1904	55545052	x	V	0.816522	0.818429	0.997155	0.871608	0.873784	0.997151	0.924279	0.926734	0.997142	0.940551	0.943097	0.997137	0.951788	0.954401	0.997132	0.959305	0.961964	0.997126	0.965216	0.967919	0.997116	0.969561	0.972339	0.997062	0.974277	0.977330	0.996803	0.976805	0.980768	0.995881	0.978916	0.983685	0.995072	0.980077	0.985884	0.994026	0.980886	0.989781	0.990921	0.978573	0.994563	0.983836	0.975195	0.996122	0.978911
POS	01001	0.1904	55545052	x	g	0.849015	0.849015	1.000000	0.898034	0.898034	1.000000	0.941862	0.941862	1.000000	0.955252	0.955252	1.000000	0.964496	0.964497	1.000000	0.970689	0.970691	0.999998	0.975751	0.975764	0.999986	0.979291	0.979397	0.999890	0.982790	0.983328	0.999444	0.984434	0.985959	0.998432	0.985424	0.988000	0.997361	0.985824	0.989546	0.996199	0.985860	0.992432	0.993327	0.982921	0.995946	0.986870	0.979694	0.997074	0.982518
PSF	01001	0.1904	55545052	x	g	0.846207	0.849106	0.995982	0.894879	0.898126	0.995977	0.938369	0.941949	0.995967	0.951643	0.955332	0.995959	0.960803	0.964571	0.995951	0.966929	0.970756	0.995940	0.971917	0.975812	0.995910	0.975377	0.979419	0.995787	0.978792	0.983322	0.995315	0.980402	0.985944	0.994299	0.981368	0.987980	0.993227	0.981761	0.989527	0.992070	0.981783	0.992412	0.989209	0.978850	0.995929	0.982782	0.975637	0.997060	0.978451
POS	01001	0.1904	55545052	y	V	0.827659	0.827659	1.000000	0.883642	0.883642	1.000000	0.937197	0.937197	1.000000	0.953751	0.953751	1.000000	0.965187	0.965187	1.000000	0.972813	0.972827	0.999985	0.978788	0.978830	0.999956	0.983051	0.983222	0.999823	0.986124	0.987404	0.998687	0.987210	0.990135	0.997017	0.986998	0.991897	0.995021	0.985945	0.992993	0.992853	0.980728	0.993856	0.986711	0.972622	0.995684	0.976740	0.967706	0.996439	0.971065
PSF	01001	0.1904	55545052	y	V	0.825769	0.827765	0.997088	0.881473	0.883752	0.997084	0.934738	0.937307	0.997076	0.951194	0.953859	0.997072	0.962560	0.965292	0.997068	0.970117	0.972920	0.997040	0.976028	0.978908	0.996995	0.980208	0.983270	0.996832	0.983149	0.987397	0.995644	0.984184	0.990108	0.993958	0.983969	0.991870	0.991969	0.982922	0.992969	0.989811	0.977731	0.993839	0.983694	0.969652	0.995671	0.973758	0.964756	0.996429	0.968103
POS	01001	0.1904	55545052	y	g	0.858048	0.858048	1.000000	0.907588	0.907588	1.000000	0.951883	0.951883	1.000000	0.965414	0.965414	1.000000	0.974757	0.974758	1.000000	0.980922	0.980970	0.999950	0.985800	0.985978	0.999817	0.988725	0.989322	0.999390	0.989376	0.991846	0.997489	0.988967	0.993465	0.995443	0.987978	0.994526	0.993380	0.986609	0.995191	0.991335	0.982000	0.995738	0.986145	0.974555	0.996952	0.977468	0.970191	0.997482	0.972573
PSF	01001	0.1904	55545052	y	g	0.855063	0.858153	0.995807	0.904234	0.907694	0.995801	0.948171	0.951985	0.995792	0.961585	0.965513	0.995786	0.970841	0.974852	0.995780	0.976905	0.981039	0.995705	0.981684	0.986018	0.995542	0.984512	0.989326	0.995082	0.985086	0.991818	0.993157	0.984674	0.993438	0.991121	0.983694	0.994503	0.989071	0.982337	0.995174	0.987039	0.977752	0.995724	0.981875	0.970346	0.996943	0.973241	0.966001	0.997475	0.968369
POS	01001	0.1904	55545052	z	V	0.822692	0.822692	1.000000	0.878339	0.878339	1.000000	0.931573	0.931573	1.000000	0.948027	0.948027	1.000000	0.959391	0.959393	0.999998	0.966981	0.966992	0.999988	0.972896	0.972946	0.999946	0.977172	0.977331	0.999834	0.981065	0.981908	0.999126	0.982120	0.984606	0.997436	0.982614	0.986710	0.995794	0.982292	0.988162	0.993989	0.979173	0.990069	0.988886	0.973207	0.992970	0.979959	0.968990	0.994079	0.974615
PSF	01001	0.1904	55545052	z	V	0.820889	0.822827	0.997139	0.876267	0.878479	0.997134	0.929217	0.931713	0.997125	0.945565	0.948159	0.997115	0.956846	0.959516	0.997101	0.964368	0.967102	0.997078	0.970209	0.973036	0.997014	0.974429	0.977405	0.996885	0.978219	0.981943	0.996139	0.979239	0.984628	0.994441	0.979716	0.986727	0.992799	0.979390	0.988180	0.991000	0.976267	0.990083	0.985909	0.970292	0.992974	0.976999	0.966088	0.994086	0.971673
POS	01001	0.1904	55545052	z	g	0.854018	0.854018	1.000000	0.903326	0.903326	1.000000	0.947413	0.947413	1.000000	0.960880	0.960881	1.000000	0.970149	0.970165	0.999983	0.976303	0.976357	0.999943	0.981160	0.981342	0.999811	0.984421	0.984846	0.999562	0.985895	0.987771	0.998078	0.985676	0.989474	0.996121	0.985349	0.990860	0.994388	0.984528	0.991795	0.992613	0.981304	0.993034	0.988106	0.975016	0.994826	0.979985	0.971088	0.995577	0.975295
PSF	01001	0.1904	55545052	z	g	0.851117	0.854116	0.995891	0.900065	0.903424	0.995885	0.943799	0.947505	0.995873	0.957133	0.960959	0.995858	0.966303	0.970231	0.995828	0.972369	0.976404	0.995768	0.977138	0.981365	0.995612	0.980321	0.984843	0.995338	0.981740	0.987750	0.993841	0.981508	0.989449	0.991890	0.981179	0.990836	0.990165	0.980366	0.991776	0.988402	0.977152	0.993015	0.983915	0.970894	0.994813	0.975834	0.966982	0.995565	0.971165
thin2	01001	0.1904	55545052	x	V	0.783076	0.783076	1.000000	0.845244	0.845244	1.000000	0.901940	0.901940	1.000000	0.947745	0.947745	1.000000	0.961827	0.961827	1.000000	0.970431	0.970438	0.999992	0.980032	0.980729	0.999275	0.983196	0.986561	0.996543	0.983696	0.991445	0.992117
thin2	01001	0.1904	55545052	x	g	0.817189	0.817189	1.000000	0.873121	0.873121	1.000000	0.921414	0.921414	1.000000	0.959113	0.959113	1.000000	0.970644	0.970645	0.999998	0.977825	0.977874	0.999949	0.984778	0.985925	0.998820	0.985778	0.989973	0.995720	0.985432	0.993631	0.991696
thin2	01001	0.1904	55545052	y	V	0.791993	0.791993	1.000000	0.854869	0.854869	1.000000	0.912210	0.912210	1.000000	0.958537	0.958537	1.000000	0.972752	0.972765	0.999986	0.981268	0.981381	0.999883	0.986816	0.989696	0.997059	0.985636	0.993389	0.992144	0.978797	0.994578	0.984048
thin2	01001	0.1904	55545052	y	g	0.825887	0.825887	1.000000	0.882414	0.882414	1.000000	0.931222	0.931222	1.000000	0.969322	0.969322	1.000000	0.980888	0.980933	0.999954	0.987503	0.987915	0.999578	0.988825	0.993186	0.995579	0.986220	0.995451	0.990685	0.980128	0.996209	0.983798
thin2	01001	0.1904	55545052	z	V	0.787230	0.787230	1.000000	0.849727	0.849727	1.000000	0.906724	0.906724	1.000000	0.952770	0.952771	0.999999	0.966902	0.966915	0.999986	0.975382	0.975486	0.999890	0.982566	0.984588	0.997914	0.981988	0.988551	0.993285	0.977660	0.990989	0.986429
thin2	01001	0.1904	55545052	z	g	0.822001	0.822001	1.000000	0.878262	0.878262	1.000000	0.926840	0.926840	1.000000	0.964737	0.964749	0.999987	0.976247	0.976304	0.999940	0.983099	0.983388	0.999702	0.986122	0.989488	0.996562	0.984160	0.992058	0.991976	0.979747	0.993655	0.985915
thin4	01001	0.1904	55545052	x	V	0.743431	0.743431	1.000000	0.811915	0.811915	1.000000	0.879699	0.879699	1.000000	0.927950	0.927950	1.000000	0.947710	0.947710	1.000000	0.959448	0.959448	1.000000	0.970221	0.970235	0.999985	0.978519	0.978938	0.999563	0.981158	0.982730	0.998373
thin4	01001	0.1904	55545052	x	g	0.781191	0.781191	1.000000	0.843272	0.843272	1.000000	0.903066	0.903066	1.000000	0.942876	0.942876	1.000000	0.959119	0.959119	1.000000	0.968712	0.968712	1.000000	0.977646	0.977708	0.999935	0.983758	0.984562	0.999171	0.985277	0.987385	0.997838
thin4	01001	0.1904	55545052	y	V	0.751864	0.751864	1.000000	0.821124	0.821124	1.000000	0.889677	0.889677	1.000000	0.938475	0.938475	1.000000	0.958459	0.958459	1.000000	0.970330	0.970330	1.000000	0.981053	0.981153	0.999896	0.986817	0.988633	0.998142	0.987117	0.991280	0.995765
thin4	01001	0.1904	55545052	y	g	0.789460	0.789460	1.000000	0.852197	0.852197	1.000000	0.912624	0.912624	1.000000	0.952855	0.952855	1.000000	0.969271	0.969271	1.000000	0.978945	0.978955	0.999989	0.987296	0.987706	0.999580	0.989417	0.992595	0.996774	0.988347	0.994138	0.994141
thin4	01001	0.1904	55545052	z	V	0.747349	0.747349	1.000000	0.816193	0.816193	1.000000	0.884335	0.884335	1.000000	0.932840	0.932840	1.000000	0.952696	0.952700	0.999996	0.964484	0.964494	0.999989	0.975143	0.975251	0.999886	0.981950	0.983226	0.998680	0.982270	0.985862	0.996305
thin4	01001	0.1904	55545052	z	g	0.785777	0.785777	1.000000	0.848222	0.848222	1.000000	0.908367	0.908367	1.000000	0.948411	0.948411	1.000000	0.964716	0.964733	0.999982	0.974310	0.974354	0.999954	0.982897	0.983202	0.999685	0.986196	0.988662	0.997477	0.985262	0.990260	0.994904
thin8	01001	0.1904	55545052	x	V	0.693028	0.693028	1.000000	0.775346	0.775346	1.000000	0.853535	0.853535	1.000000	0.903785	0.903785	1.000000	0.927585	0.927585	1.000000	0.944314	0.944314	1.000000	0.959298	0.959298	1.000000	0.968472	0.968478	0.999994	0.972754	0.972820	0.999931
thin8	01001	0.1904	55545052	x	g	0.734359	0.734359	1.000000	0.810372	0.810372	1.000000	0.880394	0.880394	1.000000	0.922968	0.922968	1.000000	0.942456	0.942456	1.000000	0.956336	0.956336	1.000000	0.968634	0.968635	0.999999	0.976174	0.976202	0.999970	0.979662	0.979810	0.999846
thin8	01001	0.1904	55545052	y	V	0.700915	0.700915	1.000000	0.784169	0.784169	1.000000	0.863247	0.863247	1.000000	0.914069	0.914069	1.000000	0.938140	0.938140	1.000000	0.955059	0.955059	1.000000	0.970214	0.970214	1.000000	0.979376	0.979439	0.999934	0.983506	0.983730	0.999768
thin8	01001	0.1904	55545052	y	g	0.742174	0.742174	1.000000	0.818995	0.818995	1.000000	0.889762	0.889762	1.000000	0.932789	0.932789	1.000000	0.952484	0.952484	1.000000	0.966512	0.966512	1.000000	0.978938	0.978941	0.999997	0.986106	0.986361	0.999738	0.988808	0.989594	0.999197
thin8	01001	0.1904	55545052	z	V	0.696697	0.696697	1.000000	0.779451	0.779451	1.000000	0.858053	0.858053	1.000000	0.908569	0.908569	1.000000	0.932495	0.932495	1.000000	0.949312	0.949312	1.000000	0.964365	0.964371	0.999994	0.973427	0.973517	0.999904	0.977600	0.977816	0.999773
thin8	01001	0.1904	55545052	z	g	0.738678	0.738678	1.000000	0.815137	0.815137	1.000000	0.885571	0.885571	1.000000	0.928395	0.928395	1.000000	0.947998	0.947998	1.000000	0.961957	0.961958	0.999999	0.974266	0.974299	0.999966	0.981437	0.981702	0.999725	0.984638	0.985177	0.999445
